"Word","ReadingFurigana","ReadingKana","Occurences","ReadingFrequency","PitchPositions","Definitions","ExampleSentence","JmDictWordId"
"の","の","の","98","1","2","indicates possessive,nominalizes verbs and adjectives,substitutes for ""ga"" in subordinate phrases,indicates a confident conclusion,indicates emotional emphasis,indicates question","","1469800"
"は","は","は","61","2","1","indicates sentence topic,indicates contrast with another option (stated or unstated),adds emphasis","","2028920"
"が","が","が","41","5","0","indicates the subject of a sentence,indicates possession,but,however,(and) yet,though,although,while,and,used after an introductory remark or explanation,regardless of ...,whether ... (or not),no matter ...,indicates a desire or hope,softens a statement,indicates doubt,indicates scorn","","2028930"
"に","に","に","40","3","1","at (place, time),in,on,during,to (direction, state),toward,into,for (purpose),because of (reason),for,with,by,from,as (i.e. in the role of),per,in,for,a (e.g. ""once a month""),and,in addition to,if,although","","2028990"
"を","を","を","34","4","","indicates direct object of action,indicates subject of causative expression,indicates an area traversed,indicates time (period) over which action takes place,indicates point of departure or separation of action,indicates object of desire, like, hate, etc.","","2029010"
"も","も","も","30","8","1,0","too,also,in addition,as well,(not) either (in a negative sentence),both A and B,A as well as B,neither A nor B (in a negative sentence),even,as much as,as many as,as far as,as long as,no less than,no fewer than,even if,even though,although,in spite of,further,more,again,another,the other","","2028940"
"で","で","で","28","7","1","at,in,at,when,by,with,so,therefore,(and) then,accordingly,by the way,incidentally,now then,well","","2028980"
"私","私[わたし]","わたし","28","29","0","I,me","","1311110"
"です","です","です","27","15","1","be,is","","1628500"
"だ","だ","だ","20","9","","be,is","","2089020"
"と","と","と","20","6","1","if,when,and,with,used for quoting (thoughts, speech, etc.),promoted pawn,indicates a question","","1008490"
"って","って","って","19","22","","you said,he said,she said,they said,even if,do you seriously think that,I already told you,you should know by now that,of course,the said ...,said ...,says that ...,I hear that ...,as for the term ...,as for ...","","2086960"
"よ","よ","よ","19","13","","hey,you,hey,hey,hold on,yo,hey","","2029090"
"から","から","から","18","10","1","from (e.g. time, place, numerical quantity),since,from (originator),by,because,since,out of (constituent, part),through (e.g. window, vestibule),after,since,expresses sympathy or warning","","1002980"
"魔法","魔[ま]法[ほう]","まほう","17","2039","0","magic,witchcraft,sorcery,spell","","1524230"
"な","な","な","13","14","1","don't,do,hey,listen,look,say,now, ...,well, ...,I tell you!,you know,wow,ooh,right?,isn't it?,doesn't it?,don't you?,don't you think?,indicates na-adjective","","2029110"
"子ども","子[こ]ども","こども","13","3404","0","child,children","","1307850"
"あっ","あっ","あっ","12","154","1","ah,oh,hey!","","2394370"
"んだ","んだ","んだ","12","21","","the expectation is that ...,the reason is that ...,the fact is that ...,the explanation is that ...,it is that ...","","2849387"
"ね","ね","ね","12","19","1","right?,isn't it?,doesn't it?,don't you?,don't you think?,hey,say,listen,look,come on,you know,you see,I must say,I should think,will you?,please,so, ...,well, ...,you see, ...,you understand?,I'm not sure if ...,I have my doubts about whether ...","","2029080"
"か","か","か","11","11","0","indicates a question,or,whether or not,some- (e.g. something, someone),hmm,huh,very,-al,-ial,-ic,-ical,-ish,-y,in that way","","2028970"
"とか","とか","とか","11","90","","and the like,such as,among other things,and so on,or something,something like,a (certain),I hear that ...,people say that ...,rumour has it that ...,or something,something like,or whatever","","1008530"
"この","この","この","11","26","0","this,last (couple of years, etc.),these,past,this,you (as in ""you liar"")","","1582920"
"いる","いる","いる","11","37","0","to be (of animate objects),to exist,to stay,to be ...-ing,to have ...-ed,to be ...-ed","","1577980"
"えっ","えっ","えっ","10","181","1","huh?,what's up?","","2194050"
"世界","世[せ]界[かい]","せかい","9","272","1,2","the world,society,the universe,sphere,circle,world,world-renowned,world-famous,realm governed by one Buddha,space","","1373860"
"これ","これ","これ","9","35","0","this,this one,this person,now,this point (in time),here,used to stress the subject of a sentence,I,me","","1628530"
"する","する","する","9","12","0","to do,to carry out,to perform,to cause to become,to make (into),to turn (into),to serve as,to act as,to work as,to wear (clothes, a facial expression, etc.),to judge as being,to view as being,to think of as,to treat as,to use as,to decide on,to choose,to be sensed (of a smell, noise, etc.),to be (in a state, condition, etc.),to be worth,to cost,to pass (of time),to elapse,to place, or raise, person A to a post or status B,to transform A to B,to make A into B,to exchange A for B,to make use of A for B,to view A as B,to handle A as if it were B,to feel A about B,verbalizing suffix (applies to nouns noted in this dictionary with the part of speech ""vs""),creates a humble verb (after a noun prefixed with ""o"" or ""go""),to be just about to,to be just starting to,to try to,to attempt to","","1157170"
"普通","普[ふ]通[つう]","ふつう","9","390","0","normal,ordinary,regular,usual,common,average,normally,ordinarily,usually,generally,commonly,local train,train that stops at every station","","1497190"
"じゃない","じゃない","じゃない","9","43","","is not,am not,are not,isn't it?","","2755350"
"お","お","お","8","48","0","honorific/polite/humble prefix","","2826528"
"言う","言[い]う","いう","8","25","0","to say,to utter,to declare,to name,to call,to go (e.g. ""the alarm went ping""),to make a noise","","1587040"
"こと","こと","こと","8","16","2","thing,matter,incident,occurrence,event,something serious,trouble,crisis,circumstances,situation,state of affairs,work,business,affair,after an inflectable word, creates a noun phrase indicating something the speaker does not feel close to,nominalizing suffix,pretending to ...,playing make-believe ...,alias,also known as,otherwise known as,or,necessity,need,you should ...,I advise that you ...,it's important to ...","","1313580"
"ない","ない","ない","8","33","1","nonexistent,not being (there),unowned,not had,unpossessed,unique,not,impossible,won't happen,not,to not be,to have not","","1529520"
"その","その","その","8","24","0","that,the,part (as in ""part two""),um ...,er ...,uh ...","","1006830"
"ここ","ここ","ここ","7","46","0","here,this place,this point,here,now,these past ... (e.g. three years),these last ...,the next ... (e.g. few days),these next ...","","1288810"
"には","には","には","7","31","","to,for,on,in,at,in order to,for,as for,regarding,while it is (was) the case that ...,indeed ... (but),certainly ... (but)","","2215430"
"お姉さん","お姉[ねえ]さん","おねえさん","7","2096","2","older sister,elder sister,young lady,miss,ma'am,older girl","","1001990"
"だけ","だけ","だけ","6","38","1","only,just,merely,simply,no more than,nothing but,alone,as much as,to the extent of,enough to","","1007340"
"し","し","し","6","45","1","and,besides,moreover,what's more,not only ... but also,because,since,the thing is,for one thing","","2086640"
"だから","だから","だから","6","47","1","so,therefore,accordingly,consequently,on those grounds,that is why,for that reason,like I said,I told you already","","1007310"
"すごい","すごい","すごい","6","167","2","terrible,dreadful,amazing (e.g. of strength),great (e.g. of skills),wonderful,terrific,to a great extent,vast (in numbers),awfully,very,immensely","","1374550"
"んです","んです","んです","6","66","","the expectation is that ...,the reason is that ...,the fact is that ...,the explanation is that ...,it is that ...","","2087820"
"けど","けど","けど","6","41","1","but,however,although","","1004200"
"それ","それ","それ","6","20","0","that,it,then,that point (in time),that time,there,you","","1006970"
"様","様[さま]","さま","6","438","2","Mr,Mrs,Miss,Ms,makes a word more polite (usu. in fixed expressions),state,situation,appearance,manner","","1545790"
"すみません","すみません","すみません","6","520","4","excuse me,pardon me,I'm sorry,I beg your pardon,thank you,you shouldn't have,it's too much","","1295060"
"なる","なる","なる","6","17","1","to become,to get,to grow,to turn,to reach,to attain,to result in,to turn out,to end up,to prove (to be),to consist of,to be composed of,to be made up of,to be completed,to be realized,to succeed,to be attained,to be accomplished,to change (into),to turn (into),to transform,to come (to do),to begin (to do),to grow (to do),to come to,to amount to,to add up to,to make,to play (the part of),to act as,to be used for,to be useful for,to serve as,to be promoted,to do ...","","1375610"
"ちゃん","ちゃん","ちゃん","6","137","1","suffix for familiar person","","1007660"
"でも","でも","でも","6","28","1","but,however,though,nevertheless,still,yet,even so,also,as well,even,however,no matter how,even if,even though,... or something,either ... or ...,neither ... nor ...,pseudo-,quack,in-name-only,for lack of anything better to do","","1008460"
"ですか","ですか","ですか","6","78","","indicates question","","2457920"
"うわっ","うわっ","うわっ","6","551","","yikes,oops,eep,wow,aargh","","2061250"
"ぜ","ぜ","ぜ","6","369","","I can tell you,heh","","2834812"
"よし","よし","よし","5","191","1","alright,all right,right on,looking good,OK,okay","","2607690"
"ある","ある","ある","5","18","1","to be,to exist,to live,to have,to be located,to be equipped with,to happen,to come about,to exist (in a completed state),to be (something unchanged in its current state)","","1296400"
"使える","使[つか]える","つかえる","5","732","0","to be usable,to be serviceable,to be useful","","1607180"
"今","今[いま]","いま","5","52","1","now,the present time,just now,soon,immediately,another,more","","1288850"
"わかる","わかる","わかる","5","785","2","to understand,to comprehend,to grasp,to see,to get,to follow,to become clear,to be known,to be discovered,to be realized (realised),to be found out,to make sense,I know!,I think so too!","","1606560"
"転生","転[てん]生[せい]","てんせい","5","14638","0","transmigration,reincarnation,metempsychosis","","1441240"
"子どもたち","子[こ]どもたち","こどもたち","5","10298","3","children,kids","","1307870"
"ちょっと","ちょっと","ちょっと","5","71","3,0","a little,a bit,slightly,just a minute,for a moment,briefly,somewhat,rather,fairly,pretty,quite,(not) easily,(not) readily,hey!,come on,excuse me,thanks, but no,not feasible,not possible","","1163940"
"帰る","帰[かえ]る","かえる","5","114","1","to return,to come home,to go home,to go back,to leave (of a guest, customer, etc.),to get home,to get to home plate","","1221270"
"もう","もう","もう","5","39","1,0","already,yet,by now,now,(not) any more,(not) any longer,soon,shortly,before long,presently,further,more,again,another,the other,jeez,geez,gee,boy,come on,damn,seriously","","1012480"
"市場","市[し]場[じょう]","しじょう","5","7980","1","market (financial, stock, domestic, etc.),marketplace,exchange,(street) market","","1308305"
"大丈夫","大[だい]丈[じょう]夫[ぶ]","だいじょうぶ","5","101","3","safe,secure,sound,problem-free,without fear,all right,alright,OK,okay,certainly,surely,undoubtedly,no thanks,I'm good,that's alright,great man,fine figure of a man","","1414150"
"子","子[こ]","こ","4","213","0","child,kid,teenager,youngster,young (non-adult) person,(one's) child,offspring,young woman,young (animal),offshoot,interest,new share,player who is not a dealer,young geisha,young prostitute,bird egg,-er (often of young women)","","1307770"
"いい","いい","いい","4","34","1","good,excellent,fine,nice,pleasant,agreeable,sufficient,enough,ready,prepared,profitable (deal, business offer, etc.),beneficial,OK,all right,fine,no problem","","2820690"
"なぁ","なぁ","なぁ","4","914","1","don't,do,hey,listen,look,say,now, ...,well, ...,I tell you!,you know,wow,ooh,right?,isn't it?,doesn't it?,don't you?,don't you think?,indicates na-adjective","","2029110"
"かい","かい","かい","4","374","0","yes?,no?,isn't it?,is it?","","2017770"
"人","人[ひと]","ひと","4","65","0,2","person,someone,somebody,human beings,mankind,man,people,humans,human (Homo sapiens),(other) people,others,character,personality,nature,capable person,competent person,suitable person,right person,adult,grown-up,I,me,one","","1580640"
"王都","王[おう]都[と]","おうと","4","18831","1","royal capital,imperial capital","","2684100"
"くっ","くっ","くっ","4","1582","","tch,ugh,damn","","2870321"
"能力","能[のう]力[りょく]","のうりょく","4","1440","1","ability,faculty","","1470370"
"怖い","怖[こわ]い","こわい","4","264","2","scary,frightening,eerie,dreadful","","1593480"
"悪党","悪[あく]党[とう]","あくとう","4","8707","3","scoundrel,rascal,villain","","1152310"
"だった","だった","だった","4","36","","was,were","","2819970"
"わよ","わよ","わよ","4","418","","emphatic sentence-ending particle","","2684260"
"力","力[ちから]","ちから","4","289","3","force,strength,might,vigour,vigor,energy,capability,ability,proficiency,capacity,faculty,efficacy,effect,effort,endeavours,endeavors,exertions,power,authority,influence,good offices,agency,support,help,aid,assistance,stress,emphasis,means,resources","","1554820"
"うわ","うわ","うわ","4","683","","yikes,oops,eep,wow,aargh","","2061250"
"あれ","あれ","あれ","4","102","1","that,that thing,that person,then,that time,that place (over there),down there (i.e. one's genitals),period,menses","","1000580"
"異世界","異[い]世[せ]界[かい]","いせかい","4","10051","2","another world (esp. in fiction),otherworld,parallel universe,different-dimension world,isekai","","2431170"
"なら","なら","なら","4","51","1","if,in case,if it is the case that,if it is true that,as for,on the topic of,if that's the case,if so,that being the case,if possible,if circumstances allow","","1009470"
"じゃあ","じゃあ","じゃあ","4","127","0","then,well,so,well then","","1005900"
"こんな","こんな","こんな","4","68","0","this sort of,this kind of,like this,such","","1004880"
"はい","はい","はい","4","56","1","yes,that is correct,understood,I see,OK,okay,present,here,pardon?,what's that?,come again?,now,here,here you go,giddy-up,giddap","","1010080"
"なの","なの","なの","4","156","","that's the way it is,yes,is that so?,is it?","","2425930"
"ちゃん","ちゃん","ちゃん","4","12220","2,1","father","","1497610"
"そこ","そこ","そこ","4","97","0","there (place relatively near listener),there (place just mentioned),that place,then (of some incident just spoken of),that (of point just raised),you","","1006670"
"どう","どう","どう","4","53","2","how,in what way,how about","","1008910"
"ん","ん","ん","4","23","1","yes,yeah,uh huh,huh?,what?,'s,of,belonging to,at (place, time),in,on,during","","2139720"
"君","君[きみ]","きみ","4","229","0","you,buddy,pal,monarch,ruler,sovereign,(one's) master,he,she","","1247250"
"うっ","うっ","うっ","3","575","","oof,ough,ulp","","2002810"
"もしかして","もしかして","もしかして","3","522","1","perhaps,possibly,maybe,by any chance,if I'm not mistaken,if,in case,in the event that","","1012520"
"私たち","私[わたし]たち","わたしたち","3","401","4","we,us","","1311300"
"波","波[なみ]","なみ","3","2326","2","wave,billow,ripple,breaker,swell,ups and downs,(something) advancing step by step,(something) surging forward inopposably,succession of changes,tendency,(new) wave","","1470970"
"はっ","はっ","はっ","3","679","1","oh,yes,huh?,hm?,what's that?","","2835840"
"ごめんなさい","ごめんなさい","ごめんなさい","3","357","","I'm sorry,my apologies,excuse me,pardon me","","1270680"
"あの","あの","あの","3","165","0","say,well,um,er","","1000430"
"まぁ","まぁ","まぁ","3","1840","1","just (e.g. ""just wait here""),come now,now, now,tolerably,passably,moderately,reasonably,fairly,rather,somewhat,well ...,I think ...,it would seem ...,you might say ...,Hmmm, I guess so ...,oh!,oh dear!,oh, my!,wow!,goodness gracious!,good heavens!","","1012050"
"さらう","さらう","さらう","3","4455","0","to sweep away,to wash away,to dredge","","1593865"
"呼ぶ","呼[よ]ぶ","よぶ","3","187","0","to call out (to),to call,to invoke,to summon (a doctor, etc.),to invite,to designate,to name,to brand,to garner (support, etc.),to gather,to take as one's wife","","1266440"
"実は","実[じつ]は","じつは","3","326","2","as a matter of fact,by the way,to tell you the truth,to be honest,frankly,actually","","1320830"
"として","として","として","3","118","","as (i.e. in the role of),for (i.e. from the viewpoint of),apart from ... (used to change the topic),even (e.g. ""not even a single person""),thinking that ...,trying to ...","","1008590"
"詠唱","詠[えい]唱[しょう]","えいしょう","3","18216","0","aria,singing,chanting,reciting (e.g. a spell)","","1174850"
"会う","会[あ]う","あう","3","135","1","to meet,to encounter,to see,to have an accident,to have a bad experience","","1198180"
"あと","あと","あと","3","133","0","behind,rear,after,later,remainder,the rest,more (e.g. five more minutes),left,also,in addition,descendant,successor,heir,after one's death,past,previous","","1269320"
"やる","やる","やる","3","54","0","to do,to undertake,to perform,to play (a game),to study,to send,to dispatch,to despatch,to put,to move,to turn (one's head, glance, etc.),to give (esp. to someone of equal or lower status),to let have,to present,to bestow,to confer,to make (a vehicle) go faster,to run (a business),to keep,to be engaged in,to practice (law, medicine, etc.),to practise,to have (food, drink, etc.),to eat,to drink,to smoke,to hold (a performance),to perform,to show,to ease (one's mind),to harm,to injure,to kill,to have sex,to fuck,to bang,to live,to get by,to get along,to do ... completely,to do ... broadly,to do ... to a great distance,to do ... for (someone of equal or lower status),to do ... to,to make active efforts to ...","","1012980"
"まで","まで","まで","3","44","","until (a time),till,to,up to,to (a place or person),as far as,to (an extent),up to,so far as,even,only,merely","","1525680"
"お子様","お子[こ]様[さま]","おこさま","3","10779","0","(another's) child,child,kid","","1002010"
"ちょ","ちょ","ちょ","3","991","","hey,hold on,come on","","2845172"
"王国","王[おう]国[こく]","おうこく","3","7011","0","kingdom,monarchy","","1181480"
"そして","そして","そして","3","148","2","and,and then,thus,and now,and finally","","1006730"
"入る","入[はい]る","はいる","3","105","0","to enter,to come in,to go in,to get in,to arrive,to join (a club, company, etc.),to enter (a university, the army, etc.),to enroll (in),to go into (e.g. politics),to get into,to be contained (in),to be included (in),to be inside (e.g. a box),to come under (a heading),to belong (in a category),to (be able to) fit (in a container, building, etc.),to be (able to be) held,to be (able to be) accommodated,to be introduced,to be brought in,to be installed,to be received,to be obtained,to be scored (of points),to be won (of votes),to turn on,to start functioning,to start working,to enter (a month, season, etc.),to reach (e.g. a climax),to get to (e.g. the main topic),to enter into (e.g. negotiations),to start (doing),to begin,to form (of a crack, fissure, etc.),to develop,to be put in (of effort, spirit, feeling, etc.),to be applied (e.g. of strength),to be ready (of tea, coffee, etc.),to be made,to enter the body (of alcohol),to become drunk","","1465590"
"ところ","ところ","ところ","3","145","0,3","place,spot,scene,site,address,district,area,locality,one's house,point,aspect,side,facet,passage (in text),part,space,room,thing,matter,whereupon,as a result,about to,on the verge of,was just doing,was in the process of doing,have just done,just finished doing,approximately,around,about","","1343100"
"だって","だって","だって","3","83","1","after all,because,but,even,too,as well,also,they say,I hear,you mean","","2643970"
"幸せ","幸[しあわ]せ","しあわせ","3","444","0","happiness,good fortune,luck,blessing","","1594060"
"美少女","美[び]少[しょう]女[じょ]","びしょうじょ","3","5794","2","beautiful girl","","1486500"
"では","では","では","3","69","1","then,well,so,well then,bye then,at,in,by,with,using,if not ...,unless ...","","1008450"
"おのぼりさん","おのぼりさん","おのぼりさん","3","63173","2","countryside people (in town),visitor from the country,out-of-towner,country bumpkin (visiting the big city),yokel","","1002160"
"様","様[よう]","よう","3","6699","2","appearing ...,looking ...,way to ...,method of ...ing,form,style,design,like,similar to,thing (thought or spoken)","","1605840"
"胸","胸[むね]","むね","3","625","2","chest,breast,breasts,bosom,bust,heart,lungs,stomach,heart,mind,feelings","","1237820"
"なん","なん","なん","3","87","0,1","what,how many,many,a lot of,several,a few,some","","2846738"
"やっぱり","やっぱり","やっぱり","3","150","3","as expected,sure enough,just as one thought,after all (is said and done),in the end,as one would expect,in any case,too,also,as well,likewise,(not) either,still,as before,all the same,even so,still,nonetheless","","1012810"
"どこか","どこか","どこか","3","440","1","somewhere,in some respects,in some way","","1189000"
"まさか","まさか","まさか","3","241","1","by no means,never!,well, I never!,you don't say!,no way!,certainly (not),surely (not),hardly (expected),something unexpected,emergency,indeed,really,truly,unexpectedly,(the) present,(the) here and now,situation at hand","","1363540"
"いえ","いえ","いえ","3","322","3","no,you're welcome,not at all,don't mention it","","1583250"
"あーっ","あーっ","あーっ","3","1627","1","ah!,oh!,alas!,yes,indeed,that is correct,aah,gah,argh,hey!,yo!,uh huh,yeah yeah,right,gotcha","","1565440"
"手","手[て]","て","3","160","1","hand,arm,forepaw,foreleg,handle,hand,worker,help,trouble,care,effort,means,way,trick,move,technique,workmanship,hand,handwriting,kind,type,sort,one's hands,one's possession,ability to cope,hand (of cards),direction,move (in go, shogi, etc.)","","1327190"
"街","街[まち]","まち","3","1089","1","town,block,neighbourhood,neighborhood,downtown,main street,street,road","","1603990"
"きっと","きっと","きっと","3","204","0","surely,undoubtedly,almost certainly,most likely (e.g. 90 percent),sternly,severely,having no slack,rigid,stiff,tight,suddenly,abruptly,instantly","","1003430"
"程度","程[てい]度[ど]","ていど","3","924","1,0","degree,amount,grade,standard,of the order of (following a number),about,approximately","","1436540"
"最強","最[さい]強[きょう]","さいきょう","3","2469","0","strongest","","1293770"
"や","や","や","3","57","1","such things as ...,and ... and,the minute (that) ...,no sooner than ...,as soon as,be,is,o,oh,huh,what,hi,yes,what?,yes?,no?,is it?,isn't it?","","2028960"
"こいつ","こいつ","こいつ","3","320","0","he,she,this fellow,this guy,this person,this,this one,this thing,hey, you!,you bastard!,damn you!","","1579070"
"なんて","なんて","なんて","3","70","","things like,something like,someone like,such a thing as,(the fact) that,to think that","","2089060"
"おっ","おっ","おっ","3","658","1,0","oh,oops","","2770620"
"思う","思[おも]う","おもう","3","32","2","to think,to consider,to believe,to reckon,to think (of doing),to plan (to do),to judge,to assess,to regard,to imagine,to suppose,to dream,to expect,to look forward to,to feel,to be (in a state of mind),to desire,to want,to care (deeply) for,to yearn for,to worry about,to love,to recall,to remember","","1589350"
"平均的","平[へい]均[きん]的[てき]","へいきんてき","2","20081","0","average,ordinary,normal","","2119430"
"よい","よい","よい","2","131","1","good,excellent,fine,nice,pleasant,agreeable,sufficient,enough,ready,prepared,profitable (deal, business offer, etc.),beneficial,OK,all right,fine,no problem,easy to ...","","1605820"
"ちっこい","ちっこい","ちっこい","2","16640","3","very small","","1925780"
"して","して","して","2","166","0","by (indicating means of action),as (a group, etc.),indicates the agent in a causative construction,acts as a connective indicating a state or condition,adds emphasis,and,so,then","","2424740"
"のに","のに","のに","2","88","","although,despite,even though,and yet,whereas,while,if only,I wish,in order to","","1009980"
"ことになる","ことになる","ことになる","2","256","","to have been decided (so) that,to have been arranged (so) that,to be the result (of),to be the outcome,to be the reason (for)","","1004590"
"見える","見[み]える","みえる","2","144","2","to be seen,to be visible,to be in sight,to look,to seem,to appear,to come","","1259140"
"次","次[つぎ]","つぎ","2","198","2","next,following,subsequent,stage,station","","1316380"
"生活","生[せい]活[かつ]","せいかつ","2","696","0","life,living,livelihood,(one's) living","","1378860"
"野望","野[や]望[ぼう]","やぼう","2","8964","0","ambition,aspiration","","1537650"
"望む","望[のぞ]む","のぞむ","2","898","0,2","to desire,to want,to wish for,to hope for,to expect (of someone),to hope for,to look forward to,to see,to command (a view of),to overlook","","1519630"
"お湯","お湯[ゆ]","おゆ","2","3766","0","hot water,hot bath","","1002510"
"基本","基[き]本[ほん]","きほん","2","2116","0","basics,fundamentals,basis,foundation","","1219190"
"それだけ","それだけ","それだけ","2","329","4,0","that much,as much,to that extent,only that,that alone,no more than that,that is all (when finished speaking)","","1006990"
"家業","家[か]業[ぎょう]","かぎょう","2","20467","1","family business,family trade,one's occupation,one's trade","","1191840"
"いわゆる","いわゆる","いわゆる","2","2585","3,2","what is called,what you call,what they call,so-called","","1343150"
"よね","よね","よね","2","172","1","isn't that right?","","2667510"
"なんだ","なんだ","なんだ","2","99","1","it is assuredly that ...,can say with confidence that ...,did not ...","","2140410"
"こっち","こっち","こっち","2","142","1,2","this way,this direction,here,this (one),I,me,we,us,this person","","1004500"
"どこ","どこ","どこ","2","104","1,0","where,what place,how much (long, far),what extent","","1577140"
"人生","人[じん]生[せい]","じんせい","2","584","1","(one's) life","","1368370"
"騎士","騎[き]士[し]","きし","2","5955","1,2","(medieval) knight,samurai on horseback","","1224110"
"入学","入[にゅう]学[がく]","にゅうがく","2","4286","0","admission (to a school or university),entrance,enrolment,enrollment,matriculation","","1465850"
"海里","海[かい]里[り]","かいり","2","71009","1","nautical mile","","1589740"
"何か","何[なに]か","なにか","2","109","1","something,some,any,somehow,for some reason,(so) what (are you trying to say)?,what (do you mean)?","","1188270"
"失礼","失[しつ]礼[れい]","しつれい","2","542","2","discourtesy,impoliteness,excuse me,goodbye,to leave,to be rude","","1320230"
"こそ","こそ","こそ","2","258","","it is ... that ...,precisely,in particular,definitely,for sure,only (when, after, because, etc.),although,while,it is the case that ... but,it is precisely because ... that ...,only because ...,not at all,not in the slightest,absolutely not,never","","1004410"
"甘やかす","甘[あま]やかす","あまやかす","2","5310","4,0","to pamper,to spoil","","1213470"
"学校","学[がっ]校[こう]","がっこう","2","648","0","school","","1206730"
"また","また","また","2","73","0,2","again,once more,once again,another time,some other time,also,too,as well,likewise,on the other hand,while,and,in addition,besides,moreover,furthermore,or,otherwise,really,how,(what, why) on earth,some time (in the future),indirect","","1524930"
"ご","ご","ご","2","203","0","honorific/polite/humble prefix,honorific suffix","","1270190"
"さすがに","さすがに","さすがに","2","969","0","as one would expect,naturally,indeed,still,all the same,after all","","2140120"
"危険","危[き]険[けん]","きけん","2","758","0","danger,peril,hazard,risk","","1218560"
"心配","心[しん]配[ぱい]","しんぱい","2","206","0","worry,concern,anxiety,uneasiness,fear,care,help,aid,assistance","","1360930"
"まま","まま","まま","2","215","2,0","as (it is),remaining (in a state),keeping (the same),leaving (unchanged),with (e.g. one's eyes closed, the light on),while (e.g. standing, alive),as,as (one pleases, one is told, etc.),according to,sic","","1585410"
"頭","頭[あたま]","あたま","2","273","3","head,hair (on one's head),mind,brains,intellect,leader,chief,boss,captain,top,tip,beginning,start,head,person,down payment,deposit,top structural component of a kanji,pair","","1582310"
"見る","見[み]る","みる","2","42","1","to see,to look,to watch,to view,to observe,to examine,to look over,to assess,to check,to judge,to look after,to attend to,to take care of,to keep an eye on,to experience,to meet with (misfortune, success, etc.),to try ...,to have a go at ...,to give ... a try,to see (that) ...,to find (that) ...","","1259290"
"はぁ","はぁ","はぁ","2","1022","1","yes,indeed,well,ha!,what?,huh?,sigh","","2069620"
"丸出し","丸[まる]出[だ]し","まるだし","2","8698","0","(fully) exposed,bare,uncovered,in full view,undisguised,broad (accent)","","1216470"
"顔","顔[かお]","かお","2","119","0","face,visage,looks,(facial) features,look,(facial) expression,countenance,honor (honour),face,dignity,influence,notoriety,trust,pull,clout,representative,(the) face (of something),trademark,example,members,attendees,lineup,participants,everyone involved,makeup,cosmetics","","1217730"
"たる","たる","たる","2","1359","0,2","(those) who are,(that) which is,in the capacity of","","2092660"
"１人","１[ひと]人[り]","ひとり","2","746","2","one person,being alone,being by oneself,being single,being unmarried,by oneself,alone,just,only,simply","","1576150"
"とき","とき","とき","2","363","2","time,hour,moment,occasion,case,chance,opportunity,season,the times,the age,the day,tense","","1315840"
"持つ","持[も]つ","もつ","2","108","1","to hold (in one's hand),to take,to carry,to possess,to have,to own,to maintain,to keep,to last,to be durable,to keep,to survive,to take charge of,to be in charge of,to hold (meeting, etc.),to have (opportunity, etc.),to have ""it"",to have that special something,to be blessed with good luck","","1315720"
"自分","自[じ]分[ぶん]","じぶん","2","72","0","myself,yourself,oneself,himself,herself,I,me,you","","1318610"
"そんな","そんな","そんな","2","40","0","such,that sort of,that kind of,like that,no way!,never!","","1007130"
"おうち","おうち","おうち","2","4083","0","your home,your family,their home,their family,(my) home","","2213230"
"いう","いう","いう","2","113","0","to say,to utter,to declare,to name,to call,to go (e.g. ""the alarm went ping""),to make a noise","","1587040"
"つい","つい","つい","2","764","1","end,final,end of life,death,never,not at all","","2720360"
"無","無[む]","む","2","3648","1,0","nothing,naught,nought,nil,zero,un-,non-","","1956960"
"なぜ","なぜ","なぜ","2","387","0","why,how,for what reason","","1577120"
"どうかした","どうかした","どうかした","2","1682","","is something wrong?,what's wrong?,what's the matter?,slightest,mere,trivial,some,chance,accidental,unexpected","","2089480"
"なのに","なのに","なのに","2","286","1","and yet,despite this,but even so,but even then,however,nevertheless,for all that,notwithstanding that","","2395490"
"なので","なので","なので","2","623","","because,as,since,so,therefore,because of that,therefore,accordingly,consequently,on those grounds,that is why,for that reason","","2827864"
"へ","へ","へ","2","59","1","to,towards,for","","2029000"
"魔力","魔[ま]力[りょく]","まりょく","2","5664","1,0","magical powers,supernatural powers,spell,charm","","1524280"
"立つ","立[た]つ","たつ","2","453","1","to stand (up),to rise,to get to one's feet,to stand on end (e.g. of hairs),to stick up,to stand (in a position; of a person, tree, building, etc.),to be situated (in, on),to be (in difficulties, the lead, etc.),to put oneself (in a position or situation),to take up (a position, post, etc.),to position oneself,to leave (to do something),to depart (on a journey, trip, etc.),to leave,to set off,to start,to get stuck (into; of an arrow, thorn etc.),to pierce,to develop (of a haze, waves, etc.),to form (of steam, bubbles, etc.),to appear (of a rainbow, clouds, etc.),to rise (of smoke, waves, etc.),to begin to blow (of a wind, breeze, etc.),to spread (of a rumour, reputation, etc.),to be become widely known,to stand (for election),to run,to take action,to act,to rise (up),to rouse oneself,to have an erection,to become erect (e.g. of nipples),to be established (of a policy, plan, objective, etc.),to be formed,to be valid (of an argument, logic, etc.),to hold up,to hold water,to stand up (e.g. of evidence),to be logical,to be reasonable,to be sustained (of a living, business, etc.),to be maintained,to survive,to be preserved (of one's reputation, honour, etc.),to be saved,to start (of a season),to begin,to be held (of a market),to shut (of a door, shoji, etc.),to be shut,to be closed,to be (the result of a division)","","1597040"
"あまり","あまり","あまり","2","536","1,3,0","remainder,remnant,rest,balance,surplus,remains (of a meal),leftovers,(not) very,(not) much,too much,excessively,overly,extreme,great,severe,tremendous,terrible,not very good,so-so,mediocre,more than,over","","1584930"
"とは","とは","とは","2","82","","indicates word or phrase being defined,used for quoting (thoughts, speech, etc.),with,(not) as much as,(not) so much as,the fact that,to think that,such a thing as","","2028950"
"すぎる","すぎる","すぎる","2","582","2","to pass through,to pass by,to go beyond,to pass (of time),to elapse,to have expired,to have ended,to be over,to exceed,to surpass,to be above,to be no more than ...,to be excessive,to be too much,to be too ...","","1195970"
"思念","思[し]念[ねん]","しねん","2","19675","1","thought","","1825700"
"扉","扉[とびら]","とびら","2","1422","0","door,gate,opening,title page","","1483380"
"掌握","掌[しょう]握[あく]","しょうあく","2","11910","0","grasping,seizing,holding,commanding,having control over","","1349660"
"大きい","大[おお]きい","おおきい","2","410","3","big,large,great,loud,extensive,spacious,important,decisive,valuable,older,grown-up","","1588880"
"食べる","食[た]べる","たべる","2","197","2","to eat,to live on (e.g. a salary),to live off,to subsist on","","1358280"
"どうしたの","どうしたの","どうしたの","2","402","","what's the matter?,what's wrong?,what happened (to) ...?,what have you done (with) ...?,where is ...?","","1008930"
"我々","我[われ]々[われ]","われわれ","2","813","0","we","","1607050"
"開ける","開[あ]ける","あける","2","435","0","to open (a door, etc.),to unwrap (e.g. parcel, package),to unlock,to open (for business, etc.),to empty,to remove,to make space,to make room,to move out,to clear out,to be away from (e.g. one's house),to leave (temporarily),to dawn,to grow light,to end (of a period, season),to begin (of the New Year),to leave (one's schedule) open,to make time (for),to make (a hole),to open up (a hole)","","1202450"
"みんな","みんな","みんな","2","115","0,2","everyone,everybody,all,everything,all","","1202150"
"そう","そう","そう","2","30","0,1","in that way,thus,such,so,the same,that's the case,so?","","2137720"
"気をつける","気[き]をつける","きをつける","2","912","","to be careful,to pay attention,to take care","","1591990"
"何","何[なん]","なん","2","86","0,1","what,how many,many,a lot of,several,a few,some","","2846738"
"よろしく","よろしく","よろしく","2","467","0,2","well,properly,suitably,best regards,please remember me,please treat me favorably (favourably),please take care of,please do,just like ...,as though one were ...,by all means,of course","","1224890"
"おね","おね","おね","2","27832","1,2","(mountain) ridge","","1485800"
"以外","以[い]外[がい]","いがい","2","436","1","excluding,except (for),apart from,other than,besides,in addition to,outside (a boundary, scope, etc.)","","1155090"
"すてき","すてき","すてき","2","2494","0","lovely,wonderful,charming,enchanting,nice,great,splendid,marvellous (marvelous),fantastic,superb","","1397350"
"とりあえず","とりあえず","とりあえず","2","651","3,4,0","first of all,at once,right away,for now,for the time being,tentatively,anyway,at least","","1598980"
"半分","半[はん]分[ぶん]","はんぶん","2","1077","3,0","half","","1479890"
"死ぬ","死[し]ぬ","しぬ","2","173","0","to die,to pass away,to lose spirit,to lose vigor,to look dead,to cease,to stop","","1310730"
"えーと","えーと","えーと","2","2894","0,3","let me see,well,errr ...,uhh ...","","1001150"
"ありがとうございます","ありがとうございます","ありがとうございます","2","337","","thank you","","1541040"
"古","古[ふる]","ふる","2","25090","0","used item,secondhand item,old,used,previous","","1265060"
"竜","竜[りゅう]","りゅう","2","6194","0","dragon (esp. a Chinese dragon),naga,semi-divine human-cobra chimera in Hindu and Buddhist mythology,promoted rook","","1629170"
"違和感","違[い]和[わ]感[かん]","いわかん","2","2758","2","uncomfortable feeling,feeling out of place,sense of discomfort,malaise,physical unease","","1159020"
"ような","ような","ような","2","94","","like,similar to,(I) think (that),(I) have a feeling (that),feels like,feels similar to,feels as if","","2409180"
"よう","よう","よう","2","146","2","appearing ...,looking ...,way to ...,method of ...ing,form,style,design,like,similar to,thing (thought or spoken)","","1605840"
"事件","事[じ]件[けん]","じけん","2","845","1","event,affair,incident,case,plot,trouble,scandal","","1313830"
"おとなしい","おとなしい","おとなしい","2","1665","4","gentle,quiet,mild,meek,obedient,docile,well-behaved,tame,quiet (color, pattern, etc.),sober","","1414190"
"行方不明","行方[ゆくえ]不[ふ]明[めい]","ゆくえふめい","2","3990","4","missing (of a person),lost,unaccounted for,whereabouts unknown","","1282190"
"来る","来[く]る","くる","2","64","1","to come (spatially or temporally),to approach,to arrive,to come back,to do ... and come back,to come to be,to become,to get,to grow,to continue,to come from,to be caused by,to derive from,to come to (e.g. ""when it comes to spinach ..."")","","1547720"
"おっと","おっと","おっと","2","1368","1","uh-oh,oops,sorry","","2084570"
"なんで","なんで","なんで","2","208","1","why?,what for?,how?,by what means?","","1611020"
"あの","あの","あの","2","58","1","that,those,the","","1000420"
"えー","えー","えー","2","352","1,2,0","yes,that is correct,right,um,errr,well,huh?,grrr,gah,must I?,good","","1001140"
"そういう","そういう","そういう","2","151","0","such,like that,that sort of","","1394680"
"そっち","そっち","そっち","2","457","3","that way,that direction,there,that (one),you,your family,your company,that person","","1006780"
"相手","相[あい]手[て]","あいて","2","221","3","companion,partner,company,other party,addressee,counterparty,opponent (sports, etc.)","","1401000"
"特典","特[とく]典[てん]","とくてん","2","13386","0","privilege,special favor,special favour,benefit,prerogative,perk,amenity","","1455220"
"わけ","わけ","わけ","2","159","1,2","reason,cause,grounds,meaning,sense,(good) sense,reason,circumstances,case,(romantic) relationship,love affair","","1538330"
"生きる","生[い]きる","いきる","2","216","2","to live,to exist,to make a living,to subsist,to be in effect,to be in use,to function,to come to life,to be enlivened,to be safe (in baseball, go, etc.)","","1378520"
"お約束","お約[やく]束[そく]","おやくそく","2","6217","0","promise,agreement,arrangement,one's word,contract,pact,appointment,engagement,date,something expected or predictable (e.g. running gag),typical or clichéd development (in a story),something considered obligatory or guaranteed (in a certain situation)","","2813370"
"平均値","平[へい]均[きん]値[ち]","へいきんち","2","39441","3","average value,mean value,mean,expectation","","1507210"
"もちろん","もちろん","もちろん","2","282","2","of course,certainly,naturally","","1535780"
"いろいろ","いろいろ","いろいろ","2","574","0","various,a variety of,all sorts of,many (different),variously,in various ways,in many ways,various things,this and that","","1587850"
"でしょう","でしょう","でしょう","2","153","","it seems,I think,I guess,I wonder,right?,don't you agree?","","1008420"
"宿","宿[やど]","やど","2","4970","2","lodging,inn,hotel,house,home,dwelling,home of a servant's parents (or guarantor, etc.)","","1337190"
"うち","うち","うち","2","141","0","inside,within,while (e.g. one is young),during,within (e.g. a day),in the course of,among,amongst,(out) of,between,in (secret, chaos, poverty, etc.),amidst,with (e.g. success),within oneself,one's feelings,inner thoughts,we,our company,our organization,one's home,one's family,my spouse,my husband,my wife,signed on behalf of (husband's name) by his wife,I,me,imperial palace grounds,emperor","","1457730"
"枚","枚[まい]","まい","2","1384","1","counter for thin, flat objects (e.g. sheets of paper, plates, coins),counter for portions of gyōza or soba,counter for ranks,counter for wrestlers of a particular rank,counter for fields or rice paddies,counter for palanquin bearers","","1524610"
"かな","かな","かな","2","106","0","I wonder,should I?,is it?,I wish that,I hope that","","1002940"
"友達","友[とも]達[だち]","ともだち","2","513","0","friend,companion","","1540170"
"倉庫","倉[そう]庫[こ]","そうこ","2","3729","1","storehouse,warehouse,godown","","1399120"
"お母さん","お母[かあ]さん","おかあさん","2","592","2","mother,mom,mum,ma,wife,you (of an elderly person older than the speaker),she,her","","1002650"
"要するに","要[よう]するに","ようするに","2","3380","3","in short,in a word,to sum up,to put it simply,to make a long story short,after all","","1546620"
"ください","ください","ください","2","344","3","please (give me),please (do for me)","","1184270"
"もしかしたら","もしかしたら","もしかしたら","2","1084","1","perhaps,maybe,perchance,by some chance,by any chance","","1012510"
"本当","本[ほん]当[とう]","ほんとう","2","140","0","truth,reality,actuality,fact,proper,right,correct,official,genuine,authentic,real,natural,veritable","","1523060"
"できる","できる","できる","2","60","2","to be able to do,to be possible,to be permitted (to do),to be good at,to do well,to be proficient (in),to be capable,to come into existence,to form,to appear,to come up (of a matter),to be born,to make (a friend),to get (a girlfriend, free time, etc.),to be made,to be built,to be constructed,to be formed,to be established,to be set up,to be finished,to be completed,to be done,to be ready,to grow (of a crop),to be produced,to be mature and well-balanced,to be of fine character,to be by nature,to be born ...,to become (sexually) involved (with),to become intimate (with),to take up (with someone),to get pregnant","","1340450"
"さん","さん","さん","2","4569","0","three,3","","1579350"
"捜す","捜[さが]す","さがす","2","1053","0","to search for,to look for,to hunt for,to seek,to search (a house, pocket, etc.),to search through,to rummage in (e.g. a drawer),to fish around","","1593670"
"ころ","ころ","ころ","1","1925","1","(approximate) time,around,about,toward,suitable time (or condition),time of year,season","","1579080"
"どんな","どんな","どんな","1","177","1","what kind of,what sort of,what,no matter what (kind of),whatever,any,all","","1009330"
"連想","連[れん]想[そう]","れんそう","1","8325","0","association (of ideas),being reminded (of something),suggestion","","1559600"
"お手伝い","お手伝[てつだ]い","おてつだい","1","2723","2","maid,helper,help,assistance","","1612810"
"心強い","心[こころ]強[づよ]い","こころづよい","1","4170","5","heartening,reassuring","","1360640"
"頼む","頼[たの]む","たのむ","1","202","2","to request,to beg,to ask,to call,to order,to reserve,to entrust to,to rely on,please,please do,help me out here","","1548370"
"尋問","尋[じん]問[もん]","じんもん","1","8744","0","questioning,interrogation,examination (of a witness)","","1369980"
"連中","連[れん]中[ちゅう]","れんちゅう","1","1079","0","company,lot,people,bunch,gang,pack,guys,group,folks,troupe,company (of musicians)","","1559700"
"大概","大[たい]概[がい]","たいがい","1","8751","0","generally,mainly,usually,normally,mostly,for the most part,nearly all,almost all,most,gist,summary,outline,main idea,staying within bounds,not overdoing (something),not getting carried away,not going too far,being moderate,probably,perhaps,in all likelihood,considerably,greatly,really","","1413230"
"やがる","やがる","やがる","1","491","","to have the nerve to","","1012740"
"あーん","あーん","あーん","1","3070","","opening (one's mouth) wide,saying ""aah"",crying loudly,wailing,bawling","","2277880"
"世紀末","世[せい]紀[き]末[まつ]","せいきまつ","1","28062","3,0","end of a century (esp. 19th),fin-de-siècle,end of the world (esp. in fiction),apocalypse","","1374000"
"悪人","悪[あく]人[にん]","あくにん","1","7823","0","bad person,villain,scoundrel,wrongdoer,wicked person","","1152020"
"いたい","いたい","いたい","1","3545","2","painful,sore,cringy,embarrassing","","1432680"
"それにしても","それにしても","それにしても","1","1017","5","nevertheless,at any rate,even so,all things considered,be that as it may","","2008730"
"初登場","初[はつ]登[とう]場[じょう]","はつとうじょう","1","33952","","debut,first appearance","","2713780"
"いつの間にか","いつの間[ま]にか","いつのまにか","1","1702","5,4","before one knows,before one becomes aware of,unnoticed,unawares","","1188850"
"何の","何[なん]の","なんの","1","525","1","what,what kind of,what sort of,no ...,any,adds emphasis to the preceding word,no,not at all,oh (it's nothing)","","1920245"
"用","用[よう]","よう","1","517","1","business,task,errand,engagement,use,purpose,for the use of ...,used for ...,made for ...,call of nature,excretion","","1546200"
"舌","舌[した]","した","1","2268","2","tongue,tongue-like object,clapper (of a bell),talon (of a lock),reed (of a musical instrument)","","1387010"
"切れる","切[き]れる","きれる","1","997","2","to break,to snap,to be cut,to split,to crack,to be injured,to wear out,to be worn out,to break,to burst,to collapse,to wear off,to stop working,to go dead,to expire (time limit, etc.),to run out,to become due,to run out (of stock, etc.),to be exhausted,to be used up,to be sold out,to be out of,to be broken off (e.g. of a relationship),to break up,to have severed ties,to be cut off,to be disconnected,to cut well,to be sharp,to be sharp-minded,to be keen,to be shrewd,to be quick-witted,to be able,to be short of,to drop under (a certain figure),to beat (e.g. a record time),to dry off,to curve,to veer,to shuffle (cards),to get angry,to snap,to blow one's top,to lose one's temper,to flip,to be able to do completely","","1384860"
"気になる","気[き]になる","きになる","1","437","","to weigh on one's mind,to bother one,to worry about,to be concerned about,to care about,to feel uneasy,to be anxious,to be interested (in),to be curious (about),to wonder (about),to catch one's eye,to feel like (doing),to feel inclined to,to bring oneself to (do)","","1221690"
"よく","よく","よく","1","121","1","nicely,properly,well,skillfully,skilfully,frequently,often,I'm glad that you ...,thank you for ...,(you have) quite the nerve to,I don't know how you can ...","","1605870"
"怪","怪[かい]","かい","1","17846","1","mystery,wonder","","1955890"
"しいら","しいら","しいら","1","66380","0,1","mahi-mahi (Coryphaena hippurus),common dolphinfish,dolphin,dorado","","2194560"
"どっち","どっち","どっち","1","516","1","which way,which direction,where,which one (esp. of two alternatives),who","","1189360"
"生","生[なま]","なま","1","2196","1","raw,uncooked,fresh,natural,as it is,unedited,unprocessed,unprotected (sex),raw,bareback,live (i.e. not recorded),inexperienced,unpolished,green,crude,impudence,sauciness,unpasteurized beer,draft beer,draught beer,blank (e.g. disk),unused,just a little,somehow,vaguely,partially,somewhat,half-,semi-,insufficient,incomplete,half-baked,half-hearted,perfunctory,cash,tipsiness","","1378450"
"うれしそう","うれしそう","うれしそう","1","6110","","delightful,glad-looking","","1616370"
"汚物","汚[お]物[ぶつ]","おぶつ","1","21018","0,1","filth (esp. excrement, feces, urine),muck,waste,garbage,dirt,dust","","1179120"
"消毒","消[しょう]毒[どく]","しょうどく","1","12023","0","disinfection,sterilization,sterilisation","","1350270"
"火","火[ひ]","ひ","1","1353","1","fire,flame,blaze","","1193610"
"殺す","殺[ころ]す","ころす","1","400","0","to kill,to slay,to murder,to slaughter,to suppress,to block,to hamper,to destroy (e.g. talent),to eliminate (e.g. an odour),to spoil (e.g. a flavour),to kill (e.g. one's speed),to suppress (a voice, feelings, etc.),to hold back,to stifle (a yawn, laugh, etc.),to hold (one's breath),to put out (a runner),to pawn,to put in hock","","1299030"
"たち","たち","たち","1","124","1","pluralizing suffix (esp. for people and animals; formerly honorific)","","1416220"
"巻き込む","巻[ま]き込[こ]む","まきこむ","1","1160","3","to roll up,to enfold,to swallow up,to involve,to drag into","","1211150"
"手加減","手[て]加[か]減[げん]","てかげん","1","4460","2","measuring by feel,adjusting by feel,doing by feel,knack,skill,adapting to the situation (one's strength, strictness, etc.),making allowances,using discretion,going easy (on someone)","","1327350"
"死んでも","死[し]んでも","しんでも","1","3054","","at the risk of one's life,even if (I) die,even if it kills one (me, him, etc.),at all costs,no matter what,as long as I live,definitely","","2838800"
"問題ない","問[もん]題[だい]ない","もんだいない","1","1521","","no problem,all right,not an issue,unobjectionable","","2848696"
"赤","赤[あか]","あか","1","2128","1","red,crimson,scarlet,red-containing colour (e.g. brown, pink, orange),Red (i.e. communist),red light (traffic),red ink (i.e. in finance or proof-reading),(in) the red,complete,total,perfect,obvious,copper,red 5-point card","","2013900"
"は","は","は","1","1379","1","yes,indeed,well,ha!,what?,huh?,sigh","","2069620"
"いかに","いかに","いかに","1","2666","2","how,in what way,how (much),to what extent,however (much),no matter how,hey,oi","","1466970"
"誰か","誰[だれ]か","だれか","1","225","1","someone,somebody","","1416840"
"閉じ込める","閉[と]じ込[こ]める","とじこめる","1","2861","4,0","to lock up,to shut up,to imprison","","1508560"
"感じ","感[かん]じ","かんじ","1","356","0","feeling,sense,impression","","1212250"
"見張り","見[み]張[は]り","みはり","1","8668","0","watch,guard,lookout,surveillance,watchman,sentinel","","1630860"
"外","外[そと]","そと","1","338","0","outside,exterior,the open (air),other place,somewhere else,outside one's group (family, company, etc.)","","1203250"
"ども","ども","ども","1","1619","0,1","first-person plural (or singular),second or third person plural (implies speaker is of higher status than those referred to)","","1234250"
"助け","助[たす]け","たすけ","1","1464","3","assistance,help,aid,support,reinforcement","","1344390"
"おかしい","おかしい","おかしい","1","325","3","funny,amusing,comical,laughable,ridiculous,strange,odd,funny,peculiar,weird,wrong,unusual,eccentric,wrong,unsuitable,improper,inappropriate,unbecoming,suspicious","","1190860"
"鍵穴","鍵[かぎ]穴[あな]","かぎあな","1","19105","0","keyhole","","1260510"
"開錠","開[かい]錠[じょう]","かいじょう","1","35616","0","unlocking","","2246990"
"開く","開[ひら]く","ひらく","1","411","0","to open,to undo,to unseal,to unpack,to bloom,to unfold,to spread out,to open (for business, e.g. in the morning),to be wide (gap, etc.),to widen,to hold (meeting, party, etc.),to give,to open,to found (nation, dynasty, sect, etc.),to open (a new business),to set up,to establish,to start,to open (ports, borders, etc.),to open (an account),to open up (new land, path, etc.),to clear,to develop,to open (a file, etc.),to extract (root),to reduce (equation),to cut open (fish),to change (kanji into hiragana),to flare (e.g. skirt),to slacken (into a poor posture),to extend","","1202440"
"わね","わね","わね","1","479","","isn't it?,it really is","","2457930"
"すぐに","すぐに","すぐに","1","312","1","immediately,right away,at once,instantly","","1430620"
"よかったら","よかったら","よかったら","1","1874","","if you like","","1554530"
"それより","それより","それより","1","880","","apart from that,other than that,leaving that aside,more importantly,more ... than that,but,however","","2026520"
"捕まる","捕[つか]まる","つかまる","1","1454","0","to be caught,to be arrested,to hold on to,to grasp,to find (e.g. proof),to get (e.g. a taxi),to be detained by","","1514110"
"明らか","明[あき]らか","あきらか","1","1564","2","clear,obvious,evident,plain,definite,bright,light","","1532310"
"現場","現[げん]場[ば]","げんば","1","1466","0","actual spot,scene (of a crime, accident, etc.),(on) site,(on) the ground,(in) the field,job site,filming location,(movie) set","","1263760"
"偶然","偶[ぐう]然[ぜん]","ぐうぜん","1","1070","0","coincidence,chance,accident,fortuity,by chance,unexpectedly,accidentally,contingency","","1246270"
"居合わせる","居[い]合[あ]わせる","いあわせる","1","9772","4","to happen to be present","","1231750"
"だめ元","だめ元[もと]","だめもと","1","171425","0","giving something a try because it will not do any harm","","2127710"
"世話係","世[せ]話[わ]係[がかり]","せわがかり","1","25021","","attendant,person who looks after one's needs,caretaker","","2827840"
"立候補","立[りっ]候[こう]補[ほ]","りっこうほ","1","11125","3","candidacy,standing as a candidate,bidding (to host an event, e.g. the Olympics)","","1551650"
"なぜか","なぜか","なぜか","1","1600","1","somehow,for some reason,without knowing why","","1610980"
"採用","採[さい]用[よう]","さいよう","1","4591","0","use,adoption,acceptance,appointment,employment,engagement,recruitment","","1294890"
"本物","本[ほん]物[もの]","ほんもの","1","890","0","genuine article,real thing,real deal","","1523180"
"度胸","度[ど]胸[きょう]","どきょう","1","5017","1","courage,bravery,pluck,nerve,grit,guts","","1445190"
"とっさ","とっさ","とっさ","1","13421","0","moment,instant","","1565170"
"機転","機[き]転[てん]","きてん","1","15050","0","quick-wittedness,tact","","1221050"
"柄","柄[がら]","がら","1","3734","2","pattern,design,body build,figure,physique,essential qualities,character,nature,appropriate to,fitting of,suitable for","","1508300"
"それはそうと","それはそうと","それはそうと","1","10532","","anyway,by the way,incidentally,well,to change the subject","","1982230"
"簡単","簡[かん]単[たん]","かんたん","1","422","0","simple,easy,uncomplicated,brief,quick,light","","1214330"
"治癒","治[ち]癒[ゆ]","ちゆ","1","12358","1","healing,cure,recovery","","1316880"
"いや","いや","いや","1","77","1","no","","2857380"
"ありがとう","ありがとう","ありがとう","1","186","2","thank you,thanks","","1586820"
"助かる","助[たす]かる","たすかる","1","535","3","to be saved,to be rescued,to survive,to escape harm,to be spared damage,to be helped,to be saved trouble","","1344380"
"あのさん","あのさん","あのさん","1","61279","","that person (mainly used in red light districts),you","","2707750"
"直接","直[ちょく]接[せつ]","ちょくせつ","1","911","0","direct,immediate,personal,firsthand","","1431110"
"言うことを聞く","言[い]うことを聞[き]く","いうことをきく","1","5292","","to do what one is told to,to take someone's advice,to listen to what someone says","","2033700"
"えーん","えーん","えーん","1","20352","","boohoo","","2862379"
"大人","大人[おとな]","おとな","1","925","1","adult,grown-up","","1414170"
"階段","階[かい]段[だん]","かいだん","1","2049","0","stairs,stairway,staircase","","1203090"
"落ち着く","落[お]ち着[つ]く","おちつく","1","461","0","to calm down,to compose oneself,to regain presence of mind,to relax,to calm down,to settle down,to die down,to become stable,to abate,to settle down (in a location, job, etc.),to settle in,to be settled (of an arrangement, conclusion, etc.),to be fixed,to have been reached,to harmonize with,to harmonise with,to match,to suit,to fit,to be unobtrusive,to be quiet,to be subdued","","1589220"
"他","他[ほか]","ほか","1","399","0","another place,some other place,somewhere else,outside,another (person or thing),other,different,something else,someone else,the rest,et al.,beyond (one's expectations, imagination, etc.),outside,except,but,other than,apart from,besides,in addition to,as well as,on top of","","1203260"
"場所","場[ば]所[しょ]","ばしょ","1","244","0","place,location,spot,position,area,room,space,sumo tournament","","1355850"
"監禁","監[かん]禁[きん]","かんきん","1","8214","0","confinement,imprisonment,incarceration","","1213610"
"かも","かも","かも","1","189","1","may,might,perhaps,may be,possibly","","2143350"
"あらあら","あらあら","あらあら","1","4607","0","roughly,broadly,generally,more or less","","1749840"
"騒がしい","騒[さわ]がしい","さわがしい","1","3467","4","noisy,boisterous,turbulent (era, etc.),troubled","","1403000"
"と思ったら","と思[おも]ったら","とおもったら","1","1721","","no sooner than,as soon as,immediately after,at the thought of,when I think about","","2754040"
"ずいぶん","ずいぶん","ずいぶん","1","1618","1","very,extremely,surprisingly,fairly,quite,considerably,awfully,terribly,terrible,horrid,contemptible,reprehensible,remarkable,extraordinary","","1372800"
"かわいらしい","かわいらしい","かわいらしい","1","7602","5","lovely,sweet,pretty,cute,adorable","","1190740"
"お客様","お客[きゃく]様[さま]","おきゃくさま","1","1760","4,0,5","guest,visitor,customer,client,shopper,spectator,audience,tourist,sightseer,passenger","","1001770"
"誘拐犯","誘[ゆう]拐[かい]犯[はん]","ゆうかいはん","1","20594","3","kidnapper,kidnaper,abductor","","1541940"
"招待","招[しょう]待[たい]","しょうたい","1","4280","1","invitation","","1349610"
"子たち","子[こ]たち","こたち","1","3256","2,1","children","","2162830"
"中には","中[なか]には","なかには","1","1779","","among (them),of (them)","","1423320"
"問答無用","問[もん]答[どう]無[む]用[よう]","もんどうむよう","1","7683","3,5","there being no use in arguing (about it),not up for discussion","","1536070"
"猛る","猛[たけ]る","たける","1","21109","2","to rage,to be fierce,to be excited","","2013380"
"炎","炎[ほのお]","ほのお","1","2463","1,2","flame,blaze,flames (of intense emotion, e.g. love, jealousy, anger),passion","","1177070"
"火球","火[か]球[きゅう]","かきゅう","1","29803","0","fireball,bolide,fireball","","2527330"
"となる","となる","となる","1","577","","to become,to be","","2100900"
"まだまだ","まだまだ","まだまだ","1","779","1","still,much more,(not) yet,still a long way to go,still a long way off,not there yet","","1527150"
"小娘","小[こ]娘[むすめ]","こむすめ","1","5661","2","young girl,lass,adolescent female","","1640110"
"大切","大[たい]切[せつ]","たいせつ","1","613","0","important,significant,serious,crucial,precious,valuable,dear,cherished,beloved,careful","","1414340"
"爆薬","爆[ばく]薬[やく]","ばくやく","1","21918","0","explosive,blasting powder","","1475980"
"引火","引[いん]火[か]","いんか","1","27195","0","ignition,catching fire","","1169480"
"省略","省[しょう]略[りゃく]","しょうりゃく","1","14299","0","omission,leaving out,abbreviation,abridgment,abridgement,shortening (e.g. of a name)","","1351120"
"負ける","負[ま]ける","まける","1","465","0","to lose,to be defeated,to be beaten,to give in (to),to yield,to succumb,to give way,to surrender,to be overcome (with),to be inferior (to),to be second (to),to be outdone (by),to get a rash (from),to come out in a rash,to reduce the price,to give a discount,to throw in (something extra) for free","","1497980"
"だめ","だめ","だめ","1","1797","2","no good,not serving its purpose,useless,broken,hopeless,wasted,in vain,purposeless,cannot,must not,not allowed,neutral point,intersection owned by neither player at the end of a game,no!,stop!","","1409110"
"惜しい","惜[お]しい","おしい","1","2144","2","regrettable,disappointing,unfortunate,precious,dear,valuable,too good for,deserving better,almost (but not quite),close (but no cigar)","","1382280"
"うぉー","うぉー","うぉー","1","16583","","woah","","2864430"
"遊ぶ","遊[あそ]ぶ","あそぶ","1","544","0","to play (games, sports),to enjoy oneself,to have a good time,to mess about (with alcohol, gambling, philandery, etc.),to be idle,to do nothing,to be unused,to meet up (with friends),to hang out,to give oneself up (to gambling, drinking, etc.),to go to (for pleasure or for study),to tease (someone),to play (with),to intentionally throw a ball to lower the batter's concentration","","1542160"
"へいへい","へいへい","へいへい","1","8350","1","yes,sure,gotcha,sycophantically,servilely,fawningly","","2837017"
"そい","そい","そい","1","14028","1","act,deed,one's doing,cause,reason","","1343140"
"オラ","オラ","オラ","1","2113","1","hola","","2863004"
"強い","強[つよ]い","つよい","1","239","2","strong,potent,competent,domineering,tough,strong,brawny,powerful,healthy,rugged,good (at),skilled,knowledgeable,being able to handle,know how to deal (with),durable (against),resistant (to),resilient,firm,rigid,solid,intense,strong,fierce,high,dependable,trustworthy","","1236070"
"筋","筋[すじ]","すじ","1","3008","1","muscle,tendon,sinew,vein,artery,fiber,fibre,string,line,stripe,streak,reason,logic,plot,storyline,lineage,descent,school (e.g. of scholarship or arts),aptitude,talent,source (of information, etc.),circle,channel,well-informed person (in a transaction),logical move (in go, shogi, etc.),ninth vertical line,seam on a helmet,gristly fish paste (made of muscle, tendons, skin, etc.),social position,status,on (a river, road, etc.),along,counter for long thin things,counter for roads or blocks when giving directions,street (in Osaka),(Edo period) counter for hundreds of mon (obsolete unit of currency)","","1241750"
"所詮","所[しょ]詮[せん]","しょせん","1","3423","0","after all,in the end,anyway,(cannot) possibly,(not) at all,(not) by any means,(not) ever","","1343300"
"入り","入[い]り","いり","1","2843","0","entering,entrance,entry,attendance,audience,number (of visitors, customers, etc.),containing,income,earnings,takings,expenses,expenditure,setting (of the Sun or Moon),beginning (of the equinoctial week, midsummer, etc.),start,first day","","1465410"
"目前","目[もく]前[ぜん]","もくぜん","1","6741","0","before one's very eyes,under one's nose,imminence,close at hand","","1535540"
"到底","到[とう]底[てい]","とうてい","1","4447","0","(cannot) possibly,(not) by any means,(not) at all,utterly,absolutely","","1449880"
"及ばない","及[およ]ばない","およばない","1","8774","","unnecessary,unattainable","","1228130"
"余計","余[よ]計[けい]","よけい","1","760","0","extra,more,too much,too many,excessive,superfluous,spare,surplus,unnecessary,needless,uncalled-for,unwanted,uninvited,all the more,even more","","1544090"
"でない","でない","でない","1","7399","","is not,am not,are not","","2823760"
"誰にも","誰[だれ]にも","だれにも","1","811","","to anyone,to everyone,by anyone,by everyone,in everyone,in anyone","","2038160"
"邪魔","邪[じゃ]魔[ま]","じゃま","1","508","0","hindrance,obstacle,nuisance,disturbance,interruption,interference,to visit (someone's home),demon who hinders Buddhist training,demon who obstructs sentient beings from maintaining moral behaviour","","1323500"
"幼女","幼[よう]女[じょ]","ようじょ","1","18867","1","little girl","","1545210"
"いったい","いったい","いったい","1","1891","0","(what) the heck,(why) in the world,(who) on earth,(where) the hell,(how) the hell,one object,one body,one unit,one group,one mass,one form,one style,one format,one fashion,one Buddhist image,one carving,one sculpture,one corpse,one sample (of bones, remains, etc.),generally,in general,on the whole,by and large,for the most part,strictly speaking,in the first place,originally,to begin with","","1164510"
"何","何[なに]","なに","1","89","0,1","what,you-know-what,that thing,whatsit,whachamacallit,what's-his-name,what's-her-name,penis,(one's) thing,dick,(not) at all,(not) in the slightest,what?,huh?,hey!,come on!,oh, no (it's fine),why (it's nothing),oh (certainly not)","","1577100"
"気","気[き]","き","1","245","0","spirit,mind,heart,nature,disposition,intention,mind,will,motivation,mood,feelings,consciousness,care,attention,consideration,worry,interest,(the) air,atmosphere,ambience,atmosphere (of),air (of),mood,fragrance,aroma,flavour,taste,qi (in traditional Chinese philosophy and medicine),chi,ki","","1221520"
"我が","我[わ]が","わが","1","1529","1","my,our,one's own","","1606620"
"愛でる","愛[め]でる","めでる","1","12147","2","to love,to cherish,to admire,to appreciate","","1150480"
"不埒","不[ふ]埒[らち]","ふらち","1","19126","1,0","lawless,outrageous,insolent,rude,inexcusable,unpardonable","","1495490"
"一切","一[いっ]切[さい]","いっさい","1","1328","1","all,everything,entirety,the whole,absolutely (not),(not) at all,(none) whatsoever,without exception","","1164170"
"同士","同[どう]士[し]","どうし","1","1220","1","fellow,mutual,companion,comrade","","1452400"
"無邪気","無[む]邪[じゃ]気[き]","むじゃき","1","4743","1","innocent,simple-minded","","1530080"
"くんずほぐれつ","くんずほぐれつ","くんずほぐれつ","1","48849","","locked in a grapple","","2169430"
"見せる","見[み]せる","みせる","1","219","2","to show,to display,to make (something or someone) look ...,to present an appearance of ...,to make (something) worth watching,to be entertaining,to have (something) looked at (by a specialist),to have (an antique, etc.) appraised,to have (an injury, person, etc.) looked at (by a doctor),to take (someone) to a doctor,to make a show of (doing),to do in a conspicuous manner,to do in view of others,to resolve to do,to do at any cost,to show others that one will ...","","1259210"
"膝枕","膝[ひざ]枕[まくら]","ひざまくら","1","15046","3","laying one's head in someone's lap,using someone's lap for a pillow","","1721940"
"なでる","なでる","なでる","1","8586","2","to stroke,to caress,to brush gently,to pat,to rub,to comb (hair),to smooth down","","1498290"
"あなた","あなた","あなた","1","117","2,1","you,dear,honey","","1223615"
"汚れ","汚[よご]れ","よごれ","1","5272","3,0","dirt,filth,stain,blot,spot","","1612200"
"知る","知[し]る","しる","1","67","0","to know,to be aware (of),to be conscious (of),to learn (of),to find out,to discover,to sense,to feel,to notice,to realize,to understand,to comprehend,to grasp,to appreciate,to remember,to be familiar with,to be acquainted with,to experience,to go through,to know (e.g. hardship),to get acquainted with (a person),to get to know,to have to do with,to be concerned with,to be one's concern,to be one's responsibility","","1420470"
"幼い","幼[おさな]い","おさない","1","2661","4","very young,little,childish,immature","","1545110"
"少女","少[しょう]女[じょ]","しょうじょ","1","1485","1","girl (usu. between 7 and 17),young lady,female between 17 and 20 years old (ritsuryō period)","","1580290"
"やめる","やめる","やめる","1","132","0","to resign,to retire,to quit,to leave (one's job, etc.)","","1318950"
"特に","特[とく]に","とくに","1","598","1","particularly,especially,in particular,expressly","","1454670"
"薄い","薄[うす]い","うすい","1","1782","0,2","thin (of an object),pale,light,faint,watery,thin,diluted,weak (taste, etc.),little (affection, etc.),not much (of a presence),slim (probability, etc.),small,sparse,patchy,scattered","","1475480"
"母性","母[ぼ]性[せい]","ぼせい","1","19771","0,1","motherhood,maternity","","1515130"
"象徴","象[しょう]徴[ちょう]","しょうちょう","1","4742","0","symbol (of something abstract),emblem,(symbolic) representation","","1351900"
"泣きべそをかく","泣[な]きべそをかく","なきべそをかく","1","47871","","to be about to cry,to be close to tears,to whimper","","2853899"
"つつ","つつ","つつ","1","1308","","while,even though,despite","","1008120"
"みたい","みたい","みたい","1","98","","-like,sort of,similar to,resembling","","2016410"
"必死","必[ひっ]死[し]","ひっし","1","908","0","frantic,frenetic,desperate,inevitable death,brinkmate (inevitable checkmate)","","1601890"
"最高","最[さい]高[こう]","さいこう","1","634","0","best,supreme,wonderful,finest,highest,maximum,most,uppermost,supreme","","1293850"
"死にそう","死[し]にそう","しにそう","1","6759","","at the point of death,almost dead,about to die,at some limit (pain, hunger, etc.)","","2127500"
"震える","震[ふる]える","ふるえる","1","1517","0","to shiver,to shake,to quake,to tremble,to quaver,to quiver","","1366310"
"怯える","怯[おび]える","おびえる","1","3884","0,3","to become frightened,to be frightened (of),to be scared (of)","","1236630"
"体","体[からだ]","からだ","1","318","1","body,torso,trunk,build,physique,frame,figure,health,constitution","","1409140"
"震え","震[ふる]え","ふるえ","1","20181","0","shivering,trembling","","1366300"
"可視化","可[か]視[し]化[か]","かしか","1","35152","0","visualization (of data, results, etc.),visualisation,making visible (something that was previously unseen),recording (a police interrogation)","","1190830"
"ほど","ほど","ほど","1","194","0,2","extent,degree,measure,limit,bounds,(span of) time,(a) distance,the state of,the status of,the condition of,about,around,approximately,or so,as much as ...,to the extent of ...,like ...,the more ... the more ...","","1436510"
"突然","突[とつ]然[ぜん]","とつぜん","1","607","0","abrupt,sudden,unexpected","","1457040"
"ですが","ですが","ですが","1","2567","1","but,however,(and) yet,nevertheless,still,for all that","","2850805"
"説明","説[せつ]明[めい]","せつめい","1","533","0","explanation,exposition,description,account,caption,legend","","1386460"
"術者","術[じゅつ]者[しゃ]","じゅつしゃ","1","20160","1","practitioner (of medicine, sorcery, fortune telling, etc.)","","2060120"
"受ける","受[う]ける","うける","1","313","2","to receive,to get,to catch (e.g. a ball),to be struck by (wind, waves, sunlight, etc.),to sustain (damage),to incur (a loss),to suffer (an injury),to feel (influence),to undergo (e.g. surgery),to take (a test),to accept (a challenge),to be given (e.g. life, talent),to find funny,to find humorous,to be amused (by),to follow,to succeed,to be descended from,to face (south, etc.),to be modified by,to obtain (a pawned item, etc.) by paying a fee,to be well-received,to become popular,to go down well","","1329590"
"起こる","起[お]こる","おこる","1","762","2","to occur,to happen","","1223680"
"現象","現[げん]象[しょう]","げんしょう","1","4180","0","phenomenon","","1263750"
"魔術師","魔[ま]術[じゅつ]師[し]","まじゅつし","1","14135","3","magician,conjurer","","1524140"
"なんと","なんと","なんと","1","958","1","what,how,what (a) ...!,how ...!,surprisingly,to my amazement,believe it or not,why, ...!,oh my,wow,well, ...,so, ...","","1188410"
"約","約[やく]","やく","1","2710","1","approximately,about,promise,appointment,engagement,shortening,reduction,simplification,contraction (in phonetics)","","1538100"
"倍","倍[ばい]","ばい","1","2194","0,1","double,twice (as much),times (as much),-fold,1-nth,1 to n,1 in n","","1473230"
"身体能力","身[しん]体[たい]能[のう]力[りょく]","しんたいのうりょく","1","10585","5","physical ability","","2645340"
"しかし","しかし","しかし","1","211","2","however,but","","1505990"
"はず","はず","はず","1","261","0","should (be),bound (to be),expected (to be),must (be),nock (of a bow),nock (of an arrow),nock-shaped grip (between thumb and forefinger),wooden frame on the tip of the mast of a Japanese ship that prevents the hawser from falling out","","1476430"
"ちょっとした","ちょっとした","ちょっとした","1","2070","1,0","slight,minor,trifling,trivial,petty,considerable,proper,decent,respectable,quite (a)","","2008930"
"さまざま","さまざま","さまざま","1","4720","2,3","various,varied,diverse,all sorts of","","1593830"
"生物","生[せい]物[ぶつ]","せいぶつ","1","3804","2","living thing,organism,creature,life,biology","","1379430"
"中","中[なか]","なか","1","91","1","inside,interior,among,within,middle,center,centre,during,while,middle,midst,amid,interval,gap,mean,average,second (of three, e.g. sons, volumes),middle,medium grade,medium quality,red-light district","","1423310"
"言える","言[い]える","いえる","1","298","0","to be possible to say,to be able to say,said,have said","","1008860"
"もの","もの","もの","1","61","0,2","thing,object,article,stuff,substance,one's things,possessions,property,belongings,things,something,anything,everything,nothing,quality,reason,the way of things,used to emphasize emotion, judgment, etc.,used to indicate a common occurrence in the past (after a verb in past tense),used to indicate a general tendency,used to indicate something that should happen,item classified as ...,item related to ...,work in the genre of ...,cause of ...,cause for ...,somehow,somewhat,for some reason,really,truly","","1502390"
"万物","万[ばん]物[ぶつ]","ばんぶつ","1","20912","1","all things,all creation","","1584560"
"頂点","頂[ちょう]点[てん]","ちょうてん","1","5100","1","vertex,apex,top (e.g. of a mountain),summit,peak,top (of a profession, field, etc.),summit,peak (of popularity, a boom, etc.),height (e.g. of prosperity),apex,zenith,climax","","1430240"
"最弱","最[さい]弱[じゃく]","さいじゃく","1","26922","","weakest","","2607540"
"平均","平[へい]均[きん]","へいきん","1","8169","0","average,mean,balance,equilibrium","","1583870"
"得る","得[え]る","える","1","882","1","to get,to earn,to acquire,to procure,to gain,to secure,to attain,to obtain,to win,to understand,to comprehend,to receive something undesirable (e.g. a punishment),to get (ill),to be able to ..., can ...","","1588760"
"まだ","まだ","まだ","1","76","1","still,as yet,only,(not) yet,more,(more) still,at least,comparatively,relatively,unfinished,incomplete,not yet done","","1527110"
"成長期","成[せい]長[ちょう]期[き]","せいちょうき","1","19877","3","growth period,growing season","","1939990"
"うわーん","うわーん","うわーん","1","12917","","boohoo,boo hoo,waa waa","","2847576"
"貧乳","貧[ひん]乳[にゅう]","ひんにゅう","1","25727","0","tiny breasts","","2125640"
"またぐ","またぐ","またぐ","1","15382","2","to step over,to step across,to stride over,to stride across,to cross,to stretch over,to span,to bridge,to saddle,to straddle","","1267830"
"通る","通[とお]る","とおる","1","804","1","to go by,to go past,to go along,to travel along,to pass through,to use (a road),to take (a route),to go via,to go by way of,to run (between; of a rail service, bus route, etc.),to operate (between),to connect,to go indoors,to go into a room,to be admitted,to be shown in,to be ushered in,to come in,to penetrate,to pierce,to skewer,to go through,to come through,to permeate,to soak into,to spread throughout,to carry (e.g. of a voice),to reach far,to be passed on (e.g. of a customer's order to the kitchen),to be relayed,to be conveyed,to pass (a test, a bill in the House, etc.),to be approved,to be accepted,to go by (a name),to be known as,to be accepted as,to have a reputation for,to be coherent,to be logical,to be reasonable,to be comprehensible,to be understandable,to make sense,to get across (e.g. of one's point),to be understood,to pass for,to come across as,to seem like,to be straight (e.g. wood grain),to be well-informed,to be wise,to do ... completely,to do ... thoroughly","","1433030"
"魔導士","魔[ま]導[どう]士[し]","まどうし","1","45723","","sorcerer,wizard,mage","","2110520"
"向く","向[む]く","むく","1","2887","0","to turn toward,to look (up, down, etc.),to face (e.g. east) (of a building, window, etc.),to look out on,to front (on),to point (of an arrow, compass needle, etc.),to be suited to,to be fit for,to go towards,to turn to (of one's interests, feelings, etc.),to be inclined (to do)","","1277080"
"好き","好[す]き","すき","1","147","2","liking,being fond of,to one's liking,to one's taste,preferred,favourite,liking (romantically),being in love with,beloved,faddism,eccentricity,as one likes,as it suits one,lecherous,lustful,salacious","","1277450"
"ってば","ってば","ってば","1","1839","","speaking of,(I told you) already,come on","","2130420"
"頑張って","頑[がん]張[ば]って","がんばって","1","1177","","do your best,go for it,hang in there,keep at it","","1949660"
"たまに","たまに","たまに","1","761","","occasionally,once in a while,now and then","","1634500"
"遊びに来る","遊[あそ]びに来[く]る","あそびにくる","1","3320","","to come and stay,to drop in,to visit","","2399860"
"出る","出[で]る","でる","1","81","1","to leave,to exit,to go out,to come out,to get out,to leave (on a journey),to depart,to start out,to set out,to move forward,to come to,to get to,to lead to,to reach,to appear,to come out,to emerge,to surface,to come forth,to turn up,to be found,to be detected,to be discovered,to be exposed,to show,to be exhibited,to be on display,to appear (in print),to be published,to be announced,to be issued,to be listed,to come out,to attend,to participate,to take part,to enter (an event),to play in,to perform,to be stated,to be expressed,to come up,to be brought up,to be raised,to sell,to exceed,to go over,to stick out,to protrude,to break out,to occur,to start,to originate,to be produced,to come from,to be derived from,to be given,to get,to receive,to be offered,to be provided,to be presented,to be submitted,to be handed in,to be turned in,to be paid,to answer (phone, door, etc.),to get,to assume (an attitude),to act,to behave,to pick up (speed, etc.),to gain,to flow (e.g. tears),to run,to bleed,to graduate,to ejaculate,to cum","","1338240"
"やらかす","やらかす","やらかす","1","4857","0,3","to do (something negative),to make (a blunder),to commit (an error),to screw up,to eat (up),to drink","","2009980"
"減る","減[へ]る","へる","1","1169","0","to decrease (in size or number),to diminish,to abate","","1263120"
"それよりも","それよりも","それよりも","1","2497","","(more) than that,more importantly,rather than that,instead (of that)","","2857052"
"方々","方[ほう]々[ぼう]","ほうぼう","1","21334","1","here and there,this way and that way,everywhere,all over","","1584105"
"放置","放[ほう]置[ち]","ほうち","1","3129","0,1","leaving as is,leaving alone,leaving unattended,neglecting,abandoning","","1516780"
"わかんない","わかんない","わかんない","1","3617","","not understanding,not knowing","","2158960"
"あんな","あんな","あんな","1","236","0","that sort of,that kind of,like that,such,so","","1000590"
"小さい","小[ちい]さい","ちいさい","1","619","3","small,little,tiny,slight,below average (in degree, amount, etc.),minor,small,low (e.g. sound),soft (e.g. voice),unimportant,petty,insignificant,trifling,trivial,young,juvenile","","1347750"
"国営","国[こく]営[えい]","こくえい","1","47556","0","government management,state management","","1286120"
"その分","その分[ぶん]","そのぶん","1","3300","3","to that extent,accordingly,that being the case,because of that,this means that ...,respectively,conversely,that state,that condition","","2215290"
"学費","学[がく]費[ひ]","がくひ","1","13502","0","tuition,school expenses","","1207060"
"無料","無[む]料[りょう]","むりょう","1","5827","0,1","free (of charge),gratuitous","","1531040"
"学生寮","学[がく]生[せい]寮[りょう]","がくせいりょう","1","32770","3","student accommodation,student dormitory","","1206930"
"入寮","入[にゅう]寮[りょう]","にゅうりょう","1","53645","0","moving into a dormitory","","2835276"
"部屋","部屋[へや]","へや","1","276","2","room,chamber,apartment,flat,pad,stable","","1499320"
"皆さん","皆[みな]さん","みなさん","1","605","2","all,everyone,everybody","","1202170"
"お願い","お願[ねが]い","おねがい","1","430","0","request,favour (to ask),wish,please","","2036870"
"しま","しま","しま","1","6020","2","island,one's territory (of a sex worker, organized crime gang, etc.),one's turf","","1446760"
"やっと","やっと","やっと","1","494","0,3","at last,finally,barely,narrowly,just,by the skin of one's teeth","","1012800"
"着く","着[つ]く","つく","1","833","1,2","to arrive at,to reach,to sit on,to sit at (e.g. the table)","","1422970"
"王宮","王[おう]宮[きゅう]","おうきゅう","1","18050","0","royal palace","","1181460"
"より","より","より","1","96","0","than,rather than,instead of,over,above,from,out of,since,at,on (and after),except,but,other than,more","","1013190"
"小さめ","小[ちい]さめ","ちいさめ","1","17707","0","smallish,on the small side","","2086650"
"誰","誰[だれ]","だれ","1","128","1","who","","1416830"
"初めて","初[はじ]めて","はじめて","1","254","2","for the first time,only after ... is it ...,only when ... do you ...,not until ... do you ...,first time,(one's) first","","1342550"
"誰だって","誰[だれ]だって","だれだって","1","6360","","anyone,anybody,everyone,everybody,whoever","","2827632"
"お部屋","お部屋[へや]","おへや","1","3768","0","room,apartment,flat","","2453580"
"空く","空[あ]く","あく","1","1571","0","to open (e.g. doors),to open (e.g. business, etc.),to be empty,to be vacant,to be available,to be free,to be open (e.g. neckline, etc.),to have been opened (of one's eyes, mouth, etc.),to come to an end,to open (one's eyes, mouth, etc.),to have a hole,to form a gap,to have an interval (between events)","","1586270"
"１泊","１[いっ]泊[ぱく]","いっぱく","1","24151","0","(staying) one night,overnight stay,overnight rental,per-night rental","","1165700"
"銀貨","銀[ぎん]貨[か]","ぎんか","1","28034","1","silver coin","","1243450"
"食事","食[しょく]事[じ]","しょくじ","1","945","0","meal (e.g. lunch, dinner),diet","","1358490"
"別料金","別[べつ]料[りょう]金[きん]","べつりょうきん","1","48310","","extra cost,extra charge","","2539880"
"洗面器","洗[せん]面[めん]器[き]","せんめんき","1","31651","3","wash basin,wash bowl (incl. portable bowl in a public bath)","","1391060"
"１杯","１[いっ]杯[ぱい]","いっぱい","1","7946","1,0","one cup (of),one glass (of),one bowl (of),cupful,glassful,bowlful,spoonful,one drink (of alcohol),full,filled (with),brimming (with),crowded,packed,fully,to capacity,to the maximum,as much as possible,a lot,much,many,all of ...,the entire ...,one (squid, octopus, crab, etc.),one (boat)","","1165670"
"銅貨","銅[どう]貨[か]","どうか","1","35315","1,0","copper coin","","1454350"
"水","水[みず]","みず","1","567","0","water (esp. cool or cold),fluid (esp. in an animal tissue),liquid,flood,floodwaters,water offered to wrestlers just prior to a bout,break granted to wrestlers engaged in a prolonged bout","","1371260"
"自前","自[じ]前[まえ]","じまえ","1","16165","0","paying one's own expenses,going into business for oneself,working independently,person who earns their own living","","1318080"
"用意","用[よう]意[い]","ようい","1","537","1","preparation,arrangements,provision,getting ready,laying out (e.g. a meal)","","1546220"
"よる","よる","よる","1","928","0","to be due to,to be caused by,to depend on,to turn on,to be based on,to come from,to be based at (a location, an organization),to be headquartered at","","1168660"
"たり","たり","たり","1","1584","","-ing and -ing (e.g. ""coming and going""),doing such things as ...,expresses a command,to be,indicates completion or continuation of an action","","2029060"
"正解","正[せい]解[かい]","せいかい","1","1523","0","correct answer,right solution,correct interpretation,right decision,right choice,appropriate judgement","","1376740"
"国","国[くに]","くに","1","868","0","country,state,region,national government,central government,home (i.e. hometown, home country),province (of Japan),land,earth","","1592250"
"養成","養[よう]成[せい]","ようせい","1","26743","0","training,education,development,cultivation","","1547190"
"入学式","入[にゅう]学[がく]式[しき]","にゅうがくしき","1","12447","4","school entrance ceremony","","1465910"
"お世話になる","お世[せ]話[わ]になる","おせわになる","1","1334","","to receive favor,to receive assistance,to receive help,to be looked after,to be taken care of,to become dependent (on),to become much obliged (to someone),to become indebted","","1002260"
"看板娘","看[かん]板[ばん]娘[むすめ]","かんばんむすめ","1","27532","5","pretty girl who attracts customers to come inside a shop","","1214020"
"頑張る","頑[がん]張[ば]る","がんばる","1","343","3","to persevere,to persist,to keep at it,to hang on,to hold out,to do one's best,to insist that,to stick to (one's opinion),to remain in a place,to stick to one's post,to refuse to budge","","1217700"
"有名","有[ゆう]名[めい]","ゆうめい","1","1217","0","famous,well-known","","1541620"
"ひいきにする","ひいきにする","ひいきにする","1","42105","","to favor,to favour,to show favor to,to show favour to,to be partial to,to be a regular customer of","","1573210"
"派手","派[は]手[で]","はで","1","1790","2","showy,loud,flashy,gaudy","","1471140"
"あれれ","あれれ","あれれ","1","10096","1","tsk tsk,oh-oh,huh,what's that?","","2864614"
"目指す","目[め]指[ざ]す","めざす","1","1004","2","to aim at (for, to do, to become),to try for,to have an eye on,to go toward,to head for","","1535440"
"ただ","ただ","ただ","1","126","1","ordinary,common,usual,free of charge,unaffected,as is,safe,only,merely,just,simply,but,however,nevertheless","","1538900"
"１つ","１[ひと]つ","ひとつ","1","1128","2","one,for one thing,only,(not) even,just (e.g. ""just try it""),some kind of,one type of","","1160820"
"ごく","ごく","ごく","1","3580","1","quite,very,10^48,quindecillion","","1240180"
"なんてことない","なんてことない","なんてことない","1","14033","","ordinary,nothing special,nothing to exclaim over","","2845797"
"さぁ","さぁ","さぁ","1","2035","1","come (on),come now,come along,here,all right,right,okay,now,here goes,well,hmm,uh,let's see,I'm not sure,here,now,there (we go),ah,oh,about that, ...,actually, ...","","1005110"
"新天地","新[しん]天[てん]地[ち]","しんてんち","1","27094","3","new land,new world,new sphere of activity","","2755970"
"やり直し","やり直[なお]し","やりなおし","1","7601","0","redoing,doing over again","","1605610"
"今度","今[こん]度[ど]","こんど","1","205","1","this time,now,next time,another time,shortly,soon,recently,lately,the other day","","1289370"
"つかむ","つかむ","つかむ","1","1437","2","to seize,to catch,to grasp,to grip,to grab,to clutch,to hold,to catch hold of,to lay one's hands on,to obtain,to acquire,to get,to win,to capture,to understand,to grasp,to comprehend","","1433650"
"いく","いく","いく","1","209","0","to go,to move (towards),to head (towards),to leave (for),to move through,to travel across,to walk along (e.g. a road),to go (well, badly, etc.),to proceed,to turn out,to get along,to do (in a particular way),to go (with; a choice),to try,to pass (of time, seasons, etc.),to go by,to stream,to flow,to die,to pass away,to reach (a stage, extent, age, etc.),to get to,to go (so far as ...),to reach (of information, instructions, wind, etc.),to arrive,to continue ...,to go on ...,to (progress) steadily,to gradually ...,to progressively ...,to have an orgasm,to come,to cum,to trip,to get high,to have a drug-induced hallucination","","1578850"
"まずは","まずは","まずは","1","653","1","first of all,to begin with,before anything else,probably,most likely,almost certainly,virtually,more or less (satisfactory),on the whole,reasonably,anyway,at any rate,for now (at least),for the time being","","2829815"
"絶景","絶[ぜっ]景[けい]","ぜっけい","1","16835","0","superb view,picturesque scenery","","1655930"
"がー","がー","がー","1","4010","","drying one's hair (with a hairdryer)","","2864627"
"大変","大[たい]変[へん]","たいへん","1","255","0","very,greatly,terribly,awfully,immense,enormous,great,serious,grave,dreadful,terrible,difficult,hard,challenging,major incident,disaster","","1415000"
"なんちゃって","なんちゃって","なんちゃって","1","10478","0","just kidding,not!,ersatz,imitation,phony,pretend,fake,faux","","2202800"
"観光","観[かん]光[こう]","かんこう","1","7154","0","sightseeing,tourism","","1214840"
"済ませる","済[す]ませる","すませる","1","2967","3","to finish,to make an end of,to get through with,to let end,to make do (with),to manage (with),to resolve,to settle,to bring to a conclusion","","1295040"
"そっか","そっか","そっか","1","637","","oh,right,I see,OK,gotcha","","2853750"
"どうりで","どうりで","どうりで","1","7382","3,1","indeed,it's no wonder","","1454270"
"落ち着いた","落[お]ち着[つ]いた","おちついた","1","3468","","calm,composed,cool,settled,fixed,established,unobtrusive,quiet,subdued,low-key (color)","","1548580"
"ほとんど","ほとんど","ほとんど","1","753","2","almost,nearly,mostly,practically,virtually,basically,just about,all but,hardly,barely,scarcely,little,large majority,large proportion,greater part,most (of),almost all (of)","","1522050"
"うーん","うーん","うーん","1","342","0,2","um,er,well,nuh-uh,no,oof","","2002400"
"もしや","もしや","もしや","1","3773","1","perhaps,possibly,by some chance,by some possibility","","2174250"
"少子化","少[しょう]子[し]化[か]","しょうしか","1","38132","0","declining birth rate,decline in the number of children,sub-replacement fertility","","2011350"
"危ない","危[あぶ]ない","あぶない","1","478","0,3","dangerous,risky,hazardous,perilous,precarious,in danger,in jeopardy,critical,grave,at risk,uncertain,unreliable,insecure,unsteady,doubtful,close (call),narrow (escape),look out!,watch out!,be careful!","","1218380"
"兄","兄[あに]","あに","1","1608","1","older brother,elder brother,brother-in-law (spouse's older brother or older sister's husband)","","1249900"
"お姉","お姉[ねえ]","おねえ","1","6657","2","elder sister,effeminate man","","2706170"
"うん気","うん気[き]","うんき","1","37637","1","heat,warmth,sultriness","","2006020"
"遣う","遣[つか]う","つかう","1","12429","0","to use (a tool, method, etc.),to make use of,to put to use,to use (a person, animal, puppet, etc.),to employ,to handle,to manage,to manipulate,to use (time, money, etc.),to spend,to consume,to use (language),to speak","","1305990"
"訳","訳[わけ]","わけ","1","1853","1,2","reason,cause,grounds,meaning,sense,(good) sense,reason,circumstances,case,(romantic) relationship,love affair","","1538330"
"迷子になる","迷子[まいご]になる","まいごになる","1","6749","","to get lost,to become lost,to go astray","","2759930"
"気にする","気[き]にする","きにする","1","701","","to mind (negative nuance),to care about,to worry,to pay undue (amount of) attention to (something)","","1221680"
"それはそれとして","それはそれとして","それはそれとして","1","11466","","putting that aside,that said,apart from that,anyway,be that as it may","","2839953"
"こう","こう","こう","1","222","0,1","in this way,like this,so,thus,this (much),so,uh,er,mm,well","","1004310"
"実年齢","実[じつ]年[ねん]齢[れい]","じつねんれい","1","29768","","actual age,true age","","2595900"
"今すぐ","今[いま]すぐ","いますぐ","1","1063","","at once,immediately,right now","","2026850"
"引き返す","引[ひ]き返[かえ]す","ひきかえす","1","3899","3","to turn back,to go back,to come back,to return,to retrace one's steps","","1169140"
"のこのこ","のこのこ","のこのこ","1","11816","1","unconcernedly,nonchalantly,shamelessly,brazenly","","1009920"
"足を踏み入れる","足[あし]を踏[ふ]み入[い]れる","あしをふみいれる","1","5124","","to set foot into,to enter,to step inside,to cross the threshold","","2831426"
"ものなら","ものなら","ものなら","1","6408","","if I (we, etc.) could,if one were to ... then ... (an unpleasant thing would happen)","","2026670"
"骨","骨[ほね]","ほね","1","2495","0,2","bone,frame,outline,core,backbone,spirit,fortitude,laborious,troublesome,difficult","","1288550"
"しゃぶる","しゃぶる","しゃぶる","1","10892","0","to suck,to lick","","1005670"
"ほう","ほう","ほう","1","350","1","direction,way,side,area (in a particular direction),side (of an argument, etc.),one's part,type,category,field (of study, etc.),indicates one side of a comparison,way,method,manner,means,length (of each side of a square)","","1516930"
"確か","確[たし]か","たしか","1","269","1","sure,certain,positive,definite,reliable,trustworthy,safe,sound,firm,accurate,correct,exact,If I'm not mistaken,If I remember correctly,If I remember rightly","","1596930"
"とにかく","とにかく","とにかく","1","349","1","anyway,anyhow,at any rate,in any case,at least,just,setting aside ...,regardless of ...,really,truly,certainly,definitely,undeniably","","1443990"
"近づく","近[ちか]づく","ちかづく","1","686","3","to approach,to draw near,to get close,to get acquainted with,to get closer to,to get to know","","1242170"
"なんという","なんという","なんという","1","3772","1","how (beautiful, etc.),what a ...,nothing worth mentioning,nothing special,of what name","","1188450"
"絵に描いたよう","絵[え]に描[か]いたよう","えにかいたよう","1","16564","","the very picture of ...","","2100540"
"暗黒街","暗[あん]黒[こく]街[がい]","あんこくがい","1","68089","4","the underworld","","1684200"
"考え事","考[かんが]え事[ごと]","かんがえごと","1","5981","0,6,5","something to think about,one's thoughts,concern,worry,thinking about something,being absorbed in one's thoughts","","1281040"
"間違える","間[ま]違[ちが]える","まちがえる","1","1125","3,4","to make a mistake (in),to commit an error,to get wrong,to do incorrectly,to mistake (one thing for another),to confuse","","1215330"
"別に","別[べつ]に","べつに","1","306","3,0","(not) particularly,(not) especially,(not) specially,separately,apart,additionally,extra","","1509480"
"見知らぬ","見[み]知[し]らぬ","みしらぬ","1","5610","0","strange,unfamiliar,unknown","","1259860"
"知ったことじゃない","知[し]ったことじゃない","しったことじゃない","1","24622","","that's not my concern,that's none of my business,that's not on me","","2868389"
"見て見ぬ振り","見[み]て見[み]ぬ振[ふ]り","みてみぬふり","1","35835","","pretending not to see (something),turning a blind eye (to),closing one's eyes (to),looking the other way","","1715760"
"寝覚めが悪い","寝[ね]覚[ざ]めが悪[わる]い","ねざめがわるい","1","29596","","to have an uneasy conscience","","2126210"
"まごうことなき","まごうことなき","まごうことなき","1","36242","","unmistakable,unquestionable,certain,evident","","2690580"
"概念","概[がい]念[ねん]","がいねん","1","6271","1","general idea,concept,notion","","1204480"
"存在","存[そん]在[ざい]","そんざい","1","501","0","existence,being,presence","","1406150"
"おちょくる","おちょくる","おちょくる","1","19873","3","to tease,to banter,to make fun of (someone)","","2056890"
"気がする","気[き]がする","きがする","1","485","","to feel (as if),to have a feeling (that),to have a hunch (that),to get a sense (that),to feel like doing,to want to do","","1221540"
"つもり","つもり","つもり","1","183","0","intention,plan,purpose,expectation,belief,assumption,thought,conviction,estimate,estimation,calculation","","1382980"
"掛ける","掛[か]ける","かける","1","1586","2","to hang up (e.g. a coat, a picture on the wall),to let hang,to suspend (from),to hoist (e.g. sail),to raise (e.g. flag),to put on (e.g. a blanket),to put on top of,to cover,to lay,to spread,to put on (glasses, etc.),to wear (a necklace, etc.),to make (a call),to spend (time, money),to expend,to use,to pour (liquid) onto,to sprinkle (powder or spices) onto,to splash,to throw (e.g. water) onto,to turn on (an engine, radio, etc.),to set (a dial, alarm clock, etc.),to put on (a DVD, song, etc.),to use (a device, implement, etc.),to cause (someone inconvenience, trouble, etc.),to burden (someone),to impose,to multiply (arithmetic operation),to secure (e.g. lock),to take a seat,to sit,to rest (something on something else),to support (something on something else),to bind,to wager,to bet,to risk,to stake,to gamble,to put an effect (spell, anaesthetic, etc.) on,to hold (a play, festival, etc.),to hold an emotion for (pity, hope, etc.),to argue (in court),to deliberate (in a meeting),to present (e.g. idea to a conference, etc.),to increase further,to catch (in a trap, etc.),to set atop,to erect (a makeshift building),to apply (insurance),to pun (on a word),to use (a word) as a pivot word,to play on words,to be partway doing ...,to begin (but not complete) ...,to be about to ...,to address (someone),to direct (something, to someone),to do (something, to someone)","","1207610"
"笑う","笑[わら]う","わらう","1","321","0","to laugh,to smile,to sneer,to ridicule,to be dumbfounded,to be flabbergasted","","1351360"
"ぶ","ぶ","ぶ","1","2314","1,0","department (in an organization, company, etc.),division,bureau,faculty,club (at a school, university, etc.),team,part,portion,region,area,category,class,division,section,heading,counter for copies of a newspaper, magazine, book, etc.","","1499290"
"何でもない","何[なん]でもない","なんでもない","1","1808","5","easy,trifling,harmless,of no concern,nothing,nothing of the sort,not at all","","1188400"
"よそ見","よそ見[み]","よそみ","1","10983","2,3","looking away,looking aside,outsider's perspective,observer's view","","1544190"
"すむ","すむ","すむ","1","770","1","to finish,to end,to be completed,to be resolved,to have a result less severe than expected,to feel at ease,to feel unease or guilt for troubling someone,to be sorry","","1295070"
"ううん","ううん","ううん","1","668","0,2","um,er,well,nuh-uh,no,oof","","2002400"
"不注意","不[ふ]注[ちゅう]意[い]","ふちゅうい","1","12884","2","carelessness,inattention,thoughtlessness,negligence","","1493830"
"それじゃあ","それじゃあ","それじゃあ","1","1269","3,0","well, ...,right, ...,now, ...,so,then,that way (would mean ...),if that is the case,in that case,bye then","","2858616"
"優しい","優[やさ]しい","やさしい","1","463","0,3","tender,kind,gentle,graceful,affectionate,amiable","","1539040"
"裏表","裏[うら]表[おもて]","うらおもて","1","16066","0","back and front,inside and outside,both sides,inside out (e.g. clothing),double-dealing,two faces (cf. two-faced),outward appearance and actual condition,inner workings","","1550560"
"だろう","だろう","だろう","1","50","","seems,I think,I guess,I wonder,I hope,right?,don't you agree?,I thought you'd say that!","","1928670"
"反則","反[はん]則[そく]","はんそく","1","6432","0","foul,breaking the rules,violation (of the law, regulations, etc.),infringement,breach,infraction","","1480650"
"そういえば","そういえば","そういえば","1","558","4","now that you mention it,come to think of it,that reminds me,on that subject,speaking of which","","1982210"
"肉","肉[にく]","にく","1","1266","2","flesh,meat,flesh (of a fruit),pulp,the physical body (as opposed to the spirit),flesh,thickness,content,substance,flesh,ink pad","","1463520"
"っけ","っけ","っけ","1","695","","remind me,I forget,was it?,was that what happened?","","2130430"
"焼く","焼[や]く","やく","1","1544","0","to burn,to roast,to broil,to grill,to bake,to toast,to barbecue,to heat,to heat up,to make (charcoal, pottery, bricks, etc.),to bake,to fire,to burn,to tan (i.e. suntan),to burn,to print (a photo),to burn (an optical disc),to be jealous of,to be envious of,to envy","","1350600"
"あい","あい","あい","1","3281","1","love,affection,care,attachment,craving,desire,agape,Ireland","","1150410"
"いいところ","いいところ","いいところ","1","2712","","good thing,strong point,good family,prestigious school,the right moment,utter,extreme,at (the) best,at most","","2158990"
"全然","全[ぜん]然[ぜん]","ぜんぜん","1","327","0","(not) at all,(not) in the slightest,wholly,entirely,completely,totally,extremely,very","","1395620"
"よいしょ","よいしょ","よいしょ","1","1673","1","huff!,yo-heave-ho!,heigh-ho,yoisho! (word shouted by the spectators during a yokozuna's ritual stomps),yoisho (filler word in folk music, etc.),flattery,buttering up (someone),sucking up to","","2055540"
"驚く","驚[おどろ]く","おどろく","1","515","3","to be surprised,to be taken aback,to be amazed,to be astonished,to be shocked,to be frightened,to be startled,to be alarmed","","1238680"
"嬢ちゃん","嬢[じょう]ちゃん","じょうちゃん","1","5095","1","young girl,young lady","","2836096"
"力","力[りょく]","りょく","1","3345","3","strength,power,proficiency,ability","","1554840"
"収納","収[しゅう]納[のう]","しゅうのう","1","11010","0","storage,putting away,receipt (of funds, payment, etc.),harvesting","","1330830"
"一応","一[いち]応[おう]","いちおう","1","751","0","more or less,though not quite satisfactorily,after a fashion,pretty much,roughly,so far as it goes,technically,tentatively,for the time being,just in case,once","","1161170"
"なかなか","なかなか","なかなか","1","476","0","very,considerably,easily,readily,fairly,quite,highly,rather,by no means,not readily,middle,half-way point,excellent,wonderful,very good","","1599420"
"使い手","使[つか]い手[て]","つかいて","1","10619","0","user,consumer,employer,master (e.g. of swordsmanship),prodigal,spendthrift","","1305840"
"たまげる","たまげる","たまげる","1","25072","3","to be astonished,to be flabbergasted,to be startled,to be amazed","","1633280"
"悪いことは言わない","悪[わる]いことは言[い]わない","わるいことはいわない","1","34544","","I'm telling you this for your own good,here's some friendly advice","","2826812"
"早く","早[はや]く","はやく","1","138","1","early,soon,quickly,swiftly,rapidly,fast","","1400150"
"へー","へー","へー","1","1080","1","oh, yes?,really?","","2019590"
"言い忘れる","言[い]い忘[わす]れる","いいわすれる","1","9434","","to forget to say,to forget to mention","","2035300"
"あむ","あむ","あむ","1","7051","1","to knit,to plait,to braid,to compile (anthology, dictionary, etc.),to edit","","1511950"
"くらい","くらい","くらい","1","218","3","approximately,about,around,or so,to (about) the extent that,(almost) enough that,so ... that ...,at least,as ... as ...,like","","1154340"
"数日","数[すう]日[じつ]","すうじつ","1","2335","0","few days","","1373200"
"何人","何[なん]人[にん]","なんにん","1","1613","0","how many people,a number of people","","1189100"
"貴重","貴[き]重[ちょう]","きちょう","1","2332","0","precious,valuable","","1223520"
"うん","うん","うん","1","79","1","yes,yeah,uh huh,hum,hmmm,well,erm,huh?,oof","","1001090"
"昼間","昼[ひる]間[ま]","ひるま","1","2139","0","daytime,during the day,time from sunrise until sunset,diurnal period","","1581710"
"無意識","無[む]意[い]識[しき]","むいしき","1","3225","2","unconsciousness,unconscious,involuntary,automatic,mechanical,unintentional,spontaneous,the unconscious","","1529600"
"会話","会[かい]話[わ]","かいわ","1","1263","0","conversation,talk,chat","","1198880"
"爆発","爆[ばく]発[はつ]","ばくはつ","1","1895","0","explosion,detonation,blast,blowing up,eruption,outburst (of emotion),explosion (e.g. of anger),eruption (e.g. of discontent)","","1475910"
"なんせ","なんせ","なんせ","1","8858","1","in any case,at any rate,anyhow,anyway,as you know,for you see,particularly","","1577110"
"ようにする","ようにする","ようにする","1","680","","to see to it that ...,to make sure that ...,to try to ...,to make an effort to ...","","1013120"
"ちょっかい","ちょっかい","ちょっかい","1","17201","1","meddling,interference,making a pass at someone,extending a paw to drag something closer,hand,arm,wrist,disfigured arm,disfigured hand","","1007810"
"かける","かける","かける","1","230","2","to hang up (e.g. a coat, a picture on the wall),to let hang,to suspend (from),to hoist (e.g. sail),to raise (e.g. flag),to put on (e.g. a blanket),to put on top of,to cover,to lay,to spread,to put on (glasses, etc.),to wear (a necklace, etc.),to make (a call),to spend (time, money),to expend,to use,to pour (liquid) onto,to sprinkle (powder or spices) onto,to splash,to throw (e.g. water) onto,to turn on (an engine, radio, etc.),to set (a dial, alarm clock, etc.),to put on (a DVD, song, etc.),to use (a device, implement, etc.),to cause (someone inconvenience, trouble, etc.),to burden (someone),to impose,to multiply (arithmetic operation),to secure (e.g. lock),to take a seat,to sit,to rest (something on something else),to support (something on something else),to bind,to wager,to bet,to risk,to stake,to gamble,to put an effect (spell, anaesthetic, etc.) on,to hold (a play, festival, etc.),to hold an emotion for (pity, hope, etc.),to argue (in court),to deliberate (in a meeting),to present (e.g. idea to a conference, etc.),to increase further,to catch (in a trap, etc.),to set atop,to erect (a makeshift building),to apply (insurance),to pun (on a word),to use (a word) as a pivot word,to play on words,to be partway doing ...,to begin (but not complete) ...,to be about to ...,to address (someone),to direct (something, to someone),to do (something, to someone)","","1207610"
"ある","ある","ある","1","566","1","a certain ...,some ...","","1586840"
"数百","数[すう]百[ひゃく]","すうひゃく","1","6890","1","several hundred,hundreds (of)","","1373250"
"年ぶり","年[ねん]ぶり","ねんぶり","1","5204","","after an interval of ... years,for the first time in ... years","","1468160"
"認識","認[にん]識[しき]","にんしき","1","2526","0","recognition,awareness,perception,understanding,knowledge,cognition,cognizance,cognisance","","1467550"
"方","方[かた]","かた","1","745","1","direction,way,person,lady,gentleman,method of,manner of,way of,care of ...,person in charge of ...,side (e.g. ""on my mother's side"")","","1516925"
"何でも","何[なん]でも","なんでも","1","3213","1,0","any,anything,whatever,whatever one likes,everything,all,I am told,I hear,I understand,they say","","1611030"
"話","話[はなし]","はなし","1","95","3","talk,speech,chat,conversation,topic,subject,discussions,negotiation,argument,rumor,talk,hearsay,tale,story,fable,circumstances,particulars","","1600900"
"というのは","というのは","というのは","1","730","","because ...,for ...,the reason being ...,as for ...,when it comes to ...,regarding ...,how about ...","","1008500"
"仮の名","仮[かり]の名[な]","かりのな","1","72366","","alias,assumed name","","1867000"
"正体","正[しょう]体[たい]","しょうたい","1","1552","1","true character,true form,true colors,identity,truth (of a mystery, phenomenon, etc.),origin,consciousness,one's senses","","1377530"
"貴族","貴[き]族[ぞく]","きぞく","1","6121","1","nobility,aristocracy,peerage","","1223550"
"令嬢","令[れい]嬢[じょう]","れいじょう","1","14458","0","(your) daughter,young woman,daughter of a good family","","1556190"
"でもない","でもない","でもない","1","507","","is not ... either,is (neither ...) nor ...,nor is it ...,is not even ...,does not ... either,(neither ...) nor ...,does not even ...","","2097940"
"日本","日本[にほん]","にほん","1","856","3","Japan","","1582710"
"女子高生","女[じょ]子[し]高[こう]生[せい]","じょしこうせい","1","7746","3","female high school student","","1345160"
"栗原","栗原[くりのはら]","くりのはら","1","52095","","Kurinohara,Kurihahara,Kurihara,Kuribara,Kurirahara,Sugawara,Sorihara,Ritsugen","","5235939"
"恥ずかしながら","恥[は]ずかしながら","はずかしながら","1","13491","","embarrassingly,shamefully,I am embarrassed to admit that ...,I am ashamed to say that ...","","2861685"
"者","者[しゃ]","しゃ","1","1945","2","person,-er,expert,geisha,prostitute","","2153760"
"という","という","という","1","75","","called,named,that says,that,as many as,as much as,all ...,every single ...","","1922760"
"やつ","やつ","やつ","1","291","0","fellow,guy,chap,thing,object,he,she,him,her","","1445640"
"人より","人[ひと]より","ひとより","1","6669","","more than most people,more than other people,compared with other people,more than others","","2692710"
"せいか","せいか","せいか","1","19568","1","(good) result,outcome,fruits (of one's labors),product,accomplishment","","1375650"
"周囲","周[しゅう]囲[い]","しゅうい","1","1771","1","surroundings,environs,circumference","","1331030"
"浮く","浮[う]く","うく","1","2728","0","to float,to become merry,to be cheerful,to become loose,to become unsteady,to feel out of it,to be cut off (e.g. from those around you),to feel out of place,to be frivolous,to be uncertain,to have (time, money, etc.) left over,to be saved (e.g. money),to have no basis,to be unreliable","","1497420"
"両親","両[りょう]親[しん]","りょうしん","1","1473","1","parents,both parents","","1602710"
"妹","妹[いもうと]","いもうと","1","1044","4","younger sister","","1524590"
"大事にする","大[だい]事[じ]にする","だいじにする","1","2064","","to take good care of,to treasure,to value,to hold dear,to prize,to cherish","","2837822"
"くる","くる","くる","1","290","1","to come (spatially or temporally),to approach,to arrive,to come back,to do ... and come back,to come to be,to become,to get,to grow,to continue,to come from,to be caused by,to derive from,to come to (e.g. ""when it comes to spinach ..."")","","1547720"
"名物","名[めい]物[ぶつ]","めいぶつ","1","8226","1","famous product,special product,speciality,specialty","","1531810"
"暴走","暴[ぼう]走[そう]","ぼうそう","1","3183","0","acting rashly,running wildly,behaving recklessly,rampaging,runaway (process),reckless baserunning","","1519480"
"ってな","ってな","ってな","1","1778","","(apparently) that's what it's like, isn't it,that sort of (thing mentioned immediately prior)","","2098210"
"ことがある","ことがある","ことがある","1","283","","(for something) to have occurred,to have done (something),(for something) to happen on occasion","","1004540"
"神様","神[かみ]様[さま]","かみさま","1","1803","1","God,god,deity,divinity,spirit,kami,ace,king,superior person,god (amongst men)","","1364920"
"的","的[てき]","てき","1","817","0","-ical,-ive,-al,-ic,-y,-like,-ish,-sort of,-kind of,(something) like,along the lines of,-wise,in terms of,for,from the viewpoint of,from a ... standpoint,as far as ... is concerned,Mr.,Ms.,Mrs.","","1437260"
"付き","付[つ]き","つき","1","3416","2","furnished with,including,attached to,impression,appearance,luck,sociality,under,assistant (e.g. to a manager),soup base","","1583630"
"願う","願[ねが]う","ねがう","1","360","2","to desire,to wish,to hope,to beg,to request,to implore,to pray,to have something done for oneself","","1217950"
"普通に","普[ふ]通[つう]に","ふつうに","1","2250","0","normally,ordinarily,usually,generally,commonly,by anyone's standards,by normal standards,sufficiently,actually,genuinely,truly,without any issues,without any difficulty,(surprisingly) well,just fine,naturally","","2847506"
"作る","作[つく]る","つくる","1","171","2","to make,to produce,to manufacture,to build,to construct,to prepare (food),to brew (alcohol),to raise,to grow,to cultivate,to train,to till,to draw up (a document),to make out,to prepare,to write,to create (an artistic work, etc.),to compose,to coin (a phrase),to organize,to organise,to establish,to found,to have (a child),to make up (one's face, etc.),to fabricate (an excuse, etc.),to give a (false) appearance,to feign (a smile, etc.),to put on a show of emotion,to form (a line, etc.),to set (a record),to commit (a sin, etc.)","","1597890"
"お願いします","お願[ねが]いします","おねがいします","1","423","","please","","1001720"
"いろいろあって","いろいろあって","いろいろあって","1","8086","","what with this and that,for a number of reasons","","2258710"
"年","年[ねん]","ねん","1","210","1","year,counter for years (e.g. of an era), grades (e.g. school),period of an apprentice's contract (usu. ten years)","","2084840"
"手に入る","手[て]に入[はい]る","てにはいる","1","2029","","to obtain,to come into possession of,to get hold of,to get one's hands on","","1327220"
"手に入れる","手[て]に入[い]れる","てにいれる","1","1012","","to obtain,to get,to procure,to win,to secure","","1327230"
"完了","完[かん]了[りょう]","かんりょう","1","2208","0","completion,conclusion,perfect (tense)","","1211630"
"心おきなく","心[こころ]おきなく","こころおきなく","1","26274","6,5","freely,frankly,without reserve","","1850310"
"ぞ","ぞ","ぞ","1","85","","adds force or indicates command","","2029130"
"ただいま","ただいま","ただいま","1","747","2,4,0","I'm home!,I'm back!,it's me!,now,at present,at the moment,just now,a moment ago,at once,right away,in a minute,shortly,soon","","1538960"
"止める","止[と]める","とめる","1","392","3","to stop,to turn off,to park,to prevent,to suppress (a cough),to hold back (tears),to hold (one's breath),to relieve (pain),to stop (someone from doing something),to dissuade,to forbid,to prohibit,to notice,to be aware of,to concentrate on,to pay attention to,to remember,to bear in mind,to fix (in place),to fasten,to tack,to pin,to nail,to button,to staple,to detain,to keep in custody","","1310670"
"俺","俺[おれ]","おれ","1","49","0","I,me","","1576870"
"行く","行[い]く","いく","1","55","0","to go,to move (towards),to head (towards),to leave (for),to move through,to travel across,to walk along (e.g. a road),to go (well, badly, etc.),to proceed,to turn out,to get along,to do (in a particular way),to go (with; a choice),to try,to pass (of time, seasons, etc.),to go by,to stream,to flow,to die,to pass away,to reach (a stage, extent, age, etc.),to get to,to go (so far as ...),to reach (of information, instructions, wind, etc.),to arrive,to continue ...,to go on ...,to (progress) steadily,to gradually ...,to progressively ...,to have an orgasm,to come,to cum,to trip,to get high,to have a drug-induced hallucination","","1578850"
"書き入れ時","書[か]き入[い]れ時[どき]","かきいれどき","1","66252","0,4","busiest and most profitable business period,peak season","","1589910"
"料理人","料[りょう]理[り]人[にん]","りょうりにん","1","10647","0,3","cook,chef","","1644930"
"買い物","買[か]い物[もの]","かいもの","1","1767","0","shopping,purchased goods","","1589730"
"遅れる","遅[おく]れる","おくれる","1","1000","0","to be late,to be delayed,to fall behind schedule,to be overdue,to fall behind (in a race, one's studies, etc.),to lag behind,to be behind (the times),to be bereaved of,to be preceded by (someone) in death,to be slow (of a clock or watch)","","1589040"
"わりに","わりに","わりに","1","5723","3,0","comparatively,relatively,fairly,rather,pretty,unexpectedly,considering ...,for ...,despite ...,in spite of ...","","1606930"
"自分から","自[じ]分[ぶん]から","じぶんから","1","2596","","willingly,voluntarily,of one's own accord","","2825980"
"やっかいごと","やっかいごと","やっかいごと","1","75573","","troublesome matter,burden,difficult task,chore,hassle","","1537830"
"首を突っ込む","首[くび]を突[つ]っ込[こ]む","くびをつっこむ","1","10449","","to poke one's nose into another's affairs,to have a hand in,to take a (deep) interest in,to meddle in,to poke one's head (into a room)","","2016320"
"悪い","悪[わる]い","わるい","1","122","2","bad,poor,undesirable,poor (quality),inferior,insufficient,evil,sinful,ugly,not beautiful,at fault,to blame,in the wrong,bad (at doing something),unprofitable,unbeneficial,sorry,(my) bad,unforgivable","","1151260"
"いえいえ","いえいえ","いえいえ","1","1885","0,1","no!,no no!,no, not at all","","1000620"
"とはいえ","とはいえ","とはいえ","1","1203","1","though,although,be that as it may,nonetheless","","2037320"
"心当たり","心[こころ]当[あ]たり","こころあたり","1","3098","4","having in mind,happening to know (of),idea (of),inkling","","1360890"
"など","など","など","1","279","1","et cetera,etc.,and the like,and so forth,or something,the likes of,for example,for instance,for one","","1582300"
"探査","探[たん]査[さ]","たんさ","1","27351","1","probe,inquiry,enquiry,investigation","","1418320"
"無理","無[む]理[り]","むり","1","257","1","unreasonable,unnatural,unjustifiable,impossible,forcible,forced,compulsory,excessive (work, etc.),immoderate,to work too hard,to try too hard,no way,not a chance,never,dream on,irrational","","1530970"
"可能","可[か]能[のう]","かのう","1","1589","0","possible,potential,practicable,feasible","","1191060"
"範囲","範[はん]囲[い]","はんい","1","2549","1","extent,scope,sphere,range,span","","1481890"
"全域","全[ぜん]域[いき]","ぜんいき","1","14697","0","the whole area,the entire region,all parts (of),the whole field (of study),every field,the whole gamut","","1394830"
"広げる","広[ひろ]げる","ひろげる","1","1927","0","to spread,to extend,to expand,to enlarge,to widen,to broaden,to unfold,to open,to unroll,to unwrap,to scatter about,to spread around,to make flourish,to cause to prosper","","1602370"
"情報処理","情[じょう]報[ほう]処[しょ]理[り]","じょうほうしょり","1","39190","5","data processing,information processing","","1356460"
"超過","超[ちょう]過[か]","ちょうか","1","34890","0","excess,surplus,exceeding (a limit, estimate, etc.),going over","","1429410"
"やっぱ","やっぱ","やっぱ","1","789","0,3","too,also,likewise,either,still,as before,even so,either way,nonetheless,in any event,all the same,as expected","","2772780"
"なしで","なしで","なしで","1","2789","","without","","1518550"
"こういう","こういう","こういう","1","319","0","such,this sort of,like this","","1004320"
"方面","方[ほう]面[めん]","ほうめん","1","4724","3","direction,district,area,field (e.g. of study),sphere,quarter,aspect,angle","","1517100"
"当たる","当[あ]たる","あたる","1","649","0","to be hit,to strike,to touch,to be in contact,to be affixed,to be equivalent to,to be applicable,to apply to,to be right on the money (of a prediction, criticism, etc.),to be selected (in a lottery, etc.),to win,to be successful,to go well,to be a hit,to face,to confront,to lie (in the direction of),to undertake,to be assigned,to be stricken (by food poisoning, heat, etc.),to be afflicted,to be called on (e.g. by a teacher),to treat (esp. harshly),to lash out at,to be unnecessary,to be hitting well,to be on a hitting streak,to feel a bite (in fishing),(of fruit, etc.) to be bruised,to spoil,to feel (something) out,to probe into,to check (i.e. by comparison),to shave,to be a relative of a person,to be a ... in relation to ...,to stand in a relationship","","1448810"
"べき","べき","べき","1","358","1","should,must,ought to","","1011430"
"だよね","だよね","だよね","1","700","","it is, isn't it?,I know, right?,innit?","","2733410"
"上玉","上[じょう]玉[だま]","じょうだま","1","34799","0","fine jewel,article of excellent quality,beautiful woman,beauty,stunner","","1353000"
"連れる","連[つ]れる","つれる","1","406","0","to take (someone) with one,to bring along,to go with,to be accompanied by","","1559290"
"から","から","から","1","1978","1,0","emptiness,being empty,not carrying anything,unburdened,empty-handed,dishonoured (bill, promise, etc.),false,no-show (reservation),put-on (cheeriness, courage, etc.),empty (compliments),insincere","","1245280"
"たんまり","たんまり","たんまり","1","19110","3","quite a lot","","2008860"
"一瞬","一[いっ]瞬[しゅん]","いっしゅん","1","923","0","instant,moment,for an instant","","1163340"
"釣る","釣[つ]る","つる","1","4610","0","to fish,to angle,to catch,to lure in,to tempt,to attract,to entice,to allure","","1434120"
"待つ","待[ま]つ","まつ","1","80","1","to wait,to await,to look forward to,to anticipate,to depend on,to need","","1410590"
"ああん","ああん","ああん","1","6137","","opening (one's mouth) wide,saying ""aah"",crying loudly,wailing,bawling","","2277880"
"汚い","汚[きたな]い","きたない","1","1744","3","dirty,filthy,foul,unclean,disordered,messy,untidy,poor (e.g. handwriting),indecent (language, etc.),dirty,vulgar,coarse,dastardly,mean,base,underhanded,stingy,greedy","","1178940"
"触れる","触[ふ]れる","ふれる","1","899","0","to touch,to feel,to touch (with),to experience,to come in contact with,to perceive,to touch on (a subject),to allude to,to refer to,to mention,to bring up,to be in conflict with,to violate (law, copyright, etc.),to infringe,to proclaim,to make known,to spread (e.g. a rumour)","","1357990"
"何も","何[なに]も","なにも","1","201","1,0","(not) anything,(nothing) at all,(not) any,nothing,and everything else,and all,(not) at all,(not) in the least,(not) especially,(not) to that extent","","1188490"
"名乗る","名[な]乗[の]る","なのる","1","1997","2","to give one's name (as),to introduce oneself (as),to claim to be,to call oneself,to wear the title of,to reveal oneself (as),to admit to being,to adopt as one's name,to take (a name),to call out the goods one is selling","","1531650"
"名前","名[な]前[まえ]","なまえ","1","251","0","name,given name,first name","","1531710"
"一度","一[いち]度[ど]","いちど","1","362","2","once,one time,on one occasion,temporarily,for a moment,one degree,one tone,one musical interval","","1576250"
"やっちまう","やっちまう","やっちまう","1","5807","","to screw up,to goof,to do (something one regrets),to beat up,to do in,to get,to take out","","1012780"
"うら","うら","うら","1","11509","3","I,me","","2080360"
"この野郎","この野[や]郎[ろう]","このやろう","1","2732","","you bastard!,you son of a bitch!","","2838947"
"なめる","なめる","なめる","1","1753","2","to lick,to lap,to suck,to taste,to experience (esp. a hardship),to underestimate,to make light of,to look down on (someone),to make a fool of,to treat with contempt,to disparage,to lick (at; of flames),to burn","","1571320"
"いらっしゃる","いらっしゃる","いらっしゃる","1","652","4","to come,to go,to be (somewhere),to be (doing)","","1000940"
"遊び","遊[あそ]び","あそび","1","1830","0","play,playing,game,pleasure,amusement,pastime,recreation,diversion,play (in a mechanism, e.g. a steering wheel),flexibility (in a performance, art, etc.),freedom,flyleaf","","1542070"
"終わり","終[お]わり","おわり","1","505","0","end,ending,close,conclusion,end of (one's) life,death","","1589590"
"大","大[だい]","だい","1","792","1","large,big,great,huge,vast,major,important,serious,severe,great,prominent,eminent,distinguished,-sized,as big as,the size of,university,large (e.g. serving size),large option,long month (i.e. having 31 days)","","2082450"
"しまった","しまった","しまった","1","1854","2","darn it!,darn!,oops!,oh dear!,oh no!","","1005600"
"見入る","見[み]入[い]る","みいる","1","10326","2,0","to gaze (at),to stare intently (at),to look fixedly (at),to fix one's eyes (on),to fascinate,to enchant,to possess,to bewitch,to enthrall","","1846590"
"観念","観[かん]念[ねん]","かんねん","1","4765","1","idea,notion,concept,conception,sense (e.g. of duty),resignation (to one's fate),acceptance,preparedness,observation and contemplation,meditation","","1215010"
"眠り","眠[ねむ]り","ねむり","1","5131","0","sleep,sleeping,inactivity,death","","1529370"
"そうか","そうか","そうか","1","285","","is that so?,I see,right,oh,OK","","2093030"
"追う","追[お]う","おう","1","798","0","to chase,to run after,to pursue,to follow after,to follow (a set order, a trend, etc.),to drive out,to get rid of,to oust,to expel,to drive (e.g. a herd),to be pressed (e.g. for time)","","1432410"
"家族","家[か]族[ぞく]","かぞく","1","538","1","family","","1192150"
"苦しめる","苦[くる]しめる","くるしめる","1","3513","4","to torment,to pain,to inflict (physical) pain,to hurt,to harass,to cause (emotional) pain,to afflict,to distress,to bother,to trouble,to stump,to baffle","","1244360"
"許す","許[ゆる]す","ゆるす","1","281","2","to permit,to allow,to approve,to consent to,to forgive,to pardon,to excuse,to tolerate,to exempt (someone) from,to remit,to release,to let off,to acknowledge,to admit,to trust,to confide in,to let one's guard down,to give up (points in a game, distance in a race, etc.),to yield","","1232870"
"さっき","さっき","さっき","1","223","2","a short while ago,a moment ago,just now,some time ago","","1005180"
"といい","といい","といい","1","1698","","in terms of both ... and ...,from the perspective of ... as well as ...,whether it be ... or ...","","2844736"
"女","女[おんな]","おんな","1","248","0,1","woman,female,female lover,girlfriend,mistress,(someone's) woman","","1344930"
