obs_wl_vac(nm),unc_obs_wl,ritz_wl_vac(nm),unc_ritz_wl,intens,Aki(s^-1),Acc,Ei(cm-1),Ek(cm-1),conf_i,term_i,J_i,conf_k,term_k,J_k,Type,tp_ref,line_ref,
"=""""","=""""","=""91.2323660""","=""0.0000008""","=""""","=""1.2258e+02""",AAA,"=""0.0000000000""","=""[109610.2232]""","=""1s""","=""2S""","=""1/2""","=""40""","=""""","=""""",,"=""T8637""","=""""",
"=""""","=""""","=""91.2353295""","=""0.0000008""","=""""","=""1.3913e+02""",AAA,"=""0.0000000000""","=""[109606.6628]""","=""1s""","=""2S""","=""1/2""","=""39""","=""""","=""""",,"=""T8637""","=""""",
"=""""","=""""","=""91.2385303""","=""0.0000008""","=""""","=""1.5843e+02""",AAA,"=""0.0000000000""","=""[109602.8177]""","=""1s""","=""2S""","=""1/2""","=""38""","=""""","=""""",,"=""T8637""","=""""",
"=""""","=""""","=""91.2419943""","=""0.0000008""","=""""","=""1.8103e+02""",AAA,"=""0.0000000000""","=""[109598.6566]""","=""1s""","=""2S""","=""1/2""","=""37""","=""""","=""""",,"=""T8637""","=""""",
"=""""","=""""","=""91.2457513""","=""0.0000008""","=""""","=""2.0762e+02""",AAA,"=""0.0000000000""","=""[109594.1439]""","=""1s""","=""2S""","=""1/2""","=""36""","=""""","=""""",,"=""T8637""","=""""",
"=""""","=""""","=""91.2498352""","=""0.0000008""","=""""","=""2.3903e+02""",AAA,"=""0.0000000000""","=""[109589.2390]""","=""1s""","=""2S""","=""1/2""","=""35""","=""""","=""""",,"=""T8637""","=""""",
"=""""","=""""","=""91.2542852""","=""0.0000008""","=""""","=""2.7631e+02""",AAA,"=""0.0000000000""","=""[109583.8949]""","=""1s""","=""2S""","=""1/2""","=""34""","=""""","=""""",,"=""T8637""","=""""",
"=""""","=""""","=""91.2591463""","=""0.0000008""","=""""","=""3.2081e+02""",AAA,"=""0.0000000000""","=""[109578.0577]""","=""1s""","=""2S""","=""1/2""","=""33""","=""""","=""""",,"=""T8637""","=""""",
"=""""","=""""","=""91.2644709""","=""0.0000008""","=""""","=""3.7418e+02""",AAA,"=""0.0000000000""","=""[109571.6647]""","=""1s""","=""2S""","=""1/2""","=""32""","=""""","=""""",,"=""T8637""","=""""",
"=""""","=""""","=""91.2703197""","=""0.0000008""","=""""","=""4.3857e+02""",AAA,"=""0.0000000000""","=""[109564.6431]""","=""1s""","=""2S""","=""1/2""","=""31""","=""""","=""""",,"=""T8637""","=""""",
"=""""","=""""","=""91.2767639""","=""0.0000008""","=""""","=""5.1673e+02""",AAA,"=""0.0000000000""","=""[109556.9077]""","=""1s""","=""2S""","=""1/2""","=""30""","=""""","=""""",,"=""T8637""","=""""",
"=""""","=""""","=""91.2838873""","=""0.0000008""","=""""","=""6.1221e+02""",AAA,"=""0.0000000000""","=""[109548.3584]""","=""1s""","=""2S""","=""1/2""","=""29""","=""""","=""""",,"=""T8637""","=""""",
"=""""","=""""","=""91.2917887""","=""0.0000008""","=""""","=""7.2967e+02""",AAA,"=""0.0000000000""","=""[109538.8768]""","=""1s""","=""2S""","=""1/2""","=""28""","=""""","=""""",,"=""T8637""","=""""",
"=""""","=""""","=""91.3005859""","=""0.0000008""","=""""","=""8.7524e+02""",AAA,"=""0.0000000000""","=""[109528.3223]""","=""1s""","=""2S""","=""1/2""","=""27""","=""""","=""""",,"=""T8637""","=""""",
"=""""","=""""","=""91.3104195""","=""0.0000008""","=""""","=""1.0571e+03""",AAA,"=""0.0000000000""","=""[109516.5267]""","=""1s""","=""2S""","=""1/2""","=""26""","=""""","=""""",,"=""T8637""","=""""",
"=""""","=""""","=""91.3214592""","=""0.0000008""","=""""","=""1.2862e+03""",AAA,"=""0.0000000000""","=""[109503.2875]""","=""1s""","=""2S""","=""1/2""","=""25""","=""""","=""""",,"=""T8637""","=""""",
"=""""","=""""","=""91.3339105""","=""0.0000008""","=""""","=""1.5776e+03""",AAA,"=""0.0000000000""","=""[109488.3592]""","=""1s""","=""2S""","=""1/2""","=""24""","=""""","=""""",,"=""T8637""","=""""",
"=""""","=""""","=""91.3480251""","=""0.0000008""","=""""","=""1.9519e+03""",AAA,"=""0.0000000000""","=""[109471.4416]""","=""1s""","=""2S""","=""1/2""","=""23""","=""""","=""""",,"=""T8637""","=""""",
"=""""","=""""","=""91.3641133""","=""0.0000008""","=""""","=""2.4380e+03""",AAA,"=""0.0000000000""","=""[109452.1650]""","=""1s""","=""2S""","=""1/2""","=""22""","=""""","=""""",,"=""T8637""","=""""",
"=""""","=""""","=""91.3825609""","=""0.0000008""","=""""","=""3.0769e+03""",AAA,"=""0.0000000000""","=""[109430.0696]""","=""1s""","=""2S""","=""1/2""","=""21""","=""""","=""""",,"=""T8637""","=""""",
"=""""","=""""","=""91.4038537""","=""0.0000008""","=""""","=""3.9276e+03""",AAA,"=""0.0000000000""","=""[109404.5776]""","=""1s""","=""2S""","=""1/2""","=""20""","=""""","=""""",,"=""T8637""","=""""",
"=""""","=""""","=""91.4286086""","=""0.0000008""","=""""","=""5.0767e+03""",AAA,"=""0.0000000000""","=""[109374.9555]""","=""1s""","=""2S""","=""1/2""","=""19""","=""""","=""""",,"=""T8637""","=""""",
"=""""","=""""","=""91.4576201""","=""0.0000008""","=""""","=""6.6540e+03""",AAA,"=""0.0000000000""","=""[109340.2604]""","=""1s""","=""2S""","=""1/2""","=""18""","=""""","=""""",,"=""T8637""","=""""",
"=""""","=""""","=""91.4919242""","=""0.0000008""","=""""","=""8.8574e+03""",AAA,"=""0.0000000000""","=""[109299.2642]""","=""1s""","=""2S""","=""1/2""","=""17""","=""""","=""""",,"=""T8637""","=""""",
"=""""","=""""","=""91.5328932""","=""0.0000008""","=""""","=""1.1997e+04""",AAA,"=""0.0000000000""","=""[109250.3433]""","=""1s""","=""2S""","=""1/2""","=""16""","=""""","=""""",,"=""T8637""","=""""",
"=""""","=""""","=""91.5823751""","=""0.0000008""","=""""","=""1.6572e+04""",AAA,"=""0.0000000000""","=""[109191.3154]""","=""1s""","=""2S""","=""1/2""","=""15""","=""""","=""""",,"=""T8637""","=""""",
"=""""","=""""","=""91.6429076""","=""0.0000008""","=""""","=""2.3409e+04""",AAA,"=""0.0000000000""","=""[109119.1917]""","=""1s""","=""2S""","=""1/2""","=""14""","=""""","=""""",,"=""T8637""","=""""",
"=""""","=""""","=""91.7180514""","=""0.0000008""","=""""","=""3.3927e+04""",AAA,"=""0.0000000000""","=""[109029.7913]""","=""1s""","=""2S""","=""1/2""","=""13""","=""""","=""""",,"=""T8637""","=""""",
"=""91.8125""","=""0.0013""","=""91.8129300""","=""0.0000004""","=""5600""","=""5.0659e+04""",AAA,"=""0.0000000000""","=""108917.1209""","=""1s""","=""2S""","=""1/2""","=""12""","=""""","=""""",,"=""T8637""","=""L8834""",
"=""91.81293175""","=""0.00000003""","=""91.81293175""","=""0.00000003""","=""""","=""""",,"=""0.0000000000""","=""[108917.11886]""","=""1s""","=""2S""","=""1/2""","=""12s""","=""2S""","=""1/2""",M1,"=""""","=""L15291c36""",
"=""91.8130""","=""0.0020""","=""91.81293046""","=""0.00000003""","=""""","=""2.4317e+06""",AAA,"=""0.0000000000""","=""[108917.12039]""","=""1s""","=""2S""","=""1/2""","=""12p""","=""2P*""","=""3/2""",,"=""T7771""","=""L8445""",
"=""91.8130""","=""0.0020""","=""91.81293188""","=""0.00000003""","=""""","=""2.4316e+06""",AAA,"=""0.0000000000""","=""[108917.11870]""","=""1s""","=""2S""","=""1/2""","=""12p""","=""2P*""","=""1/2""",,"=""T7771""","=""L8445""",
"=""91.9342""","=""0.0014""","=""91.9351334""","=""0.0000005""","=""6100""","=""7.8340e+04""",AAA,"=""0.0000000000""","=""108772.3445""","=""1s""","=""2S""","=""1/2""","=""11""","=""""","=""""",,"=""T8637""","=""L8834""",
"=""91.9349""","=""0.0020""","=""91.93513419""","=""0.00000003""","=""""","=""3.1597e+06""",AAA,"=""0.0000000000""","=""[108772.34355]""","=""1s""","=""2S""","=""1/2""","=""11p""","=""2P*""","=""3/2""",,"=""T7771""","=""L8445""",
"=""91.9349""","=""0.0020""","=""91.93513605""","=""0.00000003""","=""""","=""3.1597e+06""",AAA,"=""0.0000000000""","=""[108772.34135]""","=""1s""","=""2S""","=""1/2""","=""11p""","=""2P*""","=""1/2""",,"=""T7771""","=""L8445""",
"=""91.935133578""","=""0.000000020""","=""91.935133577""","=""0.000000019""","=""""","=""""",,"=""0.0000000000""","=""[108772.344270]""","=""1s""","=""2S""","=""1/2""","=""11d""","=""2D""","=""5/2""",E2,"=""""","=""L15291c37""",
"=""91.93513586""","=""0.00000003""","=""91.93513586""","=""0.00000003""","=""""","=""""",,"=""0.0000000000""","=""[108772.34157]""","=""1s""","=""2S""","=""1/2""","=""11s""","=""2S""","=""1/2""",M1,"=""""","=""L15291c36""",
"=""92.0947""","=""0.0014""","=""92.0963006""","=""0.0000007""","=""7400""","=""1.2631e+05""",AAA,"=""0.0000000000""","=""108581.9945""","=""1s""","=""2S""","=""1/2""","=""10""","=""""","=""""",,"=""T8637""","=""L8834""",
"=""92.09630369""","=""0.00000003""","=""92.09630369""","=""0.00000003""","=""""","=""""",,"=""0.0000000000""","=""[108581.99080]""","=""1s""","=""2S""","=""1/2""","=""10s""","=""2S""","=""1/2""",M1,"=""""","=""L15291c36""",
"=""92.0970""","=""0.0020""","=""92.09630145""","=""0.00000003""","=""""","=""4.2105e+06""",AAA,"=""0.0000000000""","=""[108581.99344]""","=""1s""","=""2S""","=""1/2""","=""10p""","=""2P*""","=""3/2""",,"=""T7771""","=""L8445""",
"=""92.0970""","=""0.0020""","=""92.09630394""","=""0.00000003""","=""""","=""4.2104e+06""",AAA,"=""0.0000000000""","=""[108581.99051]""","=""1s""","=""2S""","=""1/2""","=""10p""","=""2P*""","=""1/2""",,"=""T7771""","=""L8445""",
"=""92.3148""","=""0.0014""","=""92.3150275""","=""0.0000009""","=""12000""","=""2.1425e+05""",AAA,"=""0.0000000000""","=""108324.7253""","=""1s""","=""2S""","=""1/2""","=""9""","=""""","=""""",,"=""T8637""","=""L8834""",
"=""92.315027375""","=""0.000000020""","=""92.315027375""","=""0.000000017""","=""""","=""""",,"=""0.0000000000""","=""[108324.725501]""","=""1s""","=""2S""","=""1/2""","=""9d""","=""2D""","=""5/2""",E2,"=""""","=""L15291c37""",
"=""92.31503159""","=""0.00000003""","=""92.31503159""","=""0.00000003""","=""""","=""""",,"=""0.0000000000""","=""[108324.72055]""","=""1s""","=""2S""","=""1/2""","=""9s""","=""2S""","=""1/2""",M1,"=""""","=""L15291c36""",
"=""92.3151""","=""0.0020""","=""92.31502850""","=""0.00000003""","=""""","=""5.7848e+06""",AAA,"=""0.0000000000""","=""[108324.72418]""","=""1s""","=""2S""","=""1/2""","=""9p""","=""2P*""","=""3/2""",,"=""T7771""","=""L8445""",
"=""92.3151""","=""0.0020""","=""92.31503193""","=""0.00000003""","=""""","=""5.7847e+06""",AAA,"=""0.0000000000""","=""[108324.72016]""","=""1s""","=""2S""","=""1/2""","=""9p""","=""2P*""","=""1/2""",,"=""T7771""","=""L8445""",
"=""""","=""""","=""92.6225665291""","=""0.0000000003""","=""""","=""""",,"=""0.0000000000""","=""107965.0497145""","=""1s""","=""2S""","=""1/2""","=""8s""","=""2S""","=""1/2""",M1,"=""""","=""""",
"=""92.6229""","=""0.0020""","=""92.6225621017""","=""0.0000000005""","=""""","=""8.2547e+06""",AAA,"=""0.0000000000""","=""[107965.0548753]""","=""1s""","=""2S""","=""1/2""","=""8p""","=""2P*""","=""3/2""",,"=""T7771""","=""L8445""",
"=""92.6229""","=""0.0020""","=""92.6225670063""","=""0.0000000005""","=""""","=""8.2545e+06""",AAA,"=""0.0000000000""","=""[107965.0491583]""","=""1s""","=""2S""","=""1/2""","=""8p""","=""2P*""","=""1/2""",,"=""T7771""","=""L8445""",
"=""92.6249""","=""0.0014""","=""92.6225605""","=""0.0000013""","=""11000""","=""3.8694e+05""",AAA,"=""0.0000000000""","=""107965.0568""","=""1s""","=""2S""","=""1/2""","=""8""","=""""","=""""",,"=""T8637""","=""L8834""",
"=""93.074815048""","=""0.000000020""","=""93.074815048""","=""0.000000020""","=""""","=""""",,"=""0.0000000000""","=""[107440.449866]""","=""1s""","=""2S""","=""1/2""","=""7d""","=""2D""","=""5/2""",E2,"=""""","=""L15291c37""",
"=""93.07482418""","=""0.00000003""","=""93.07482418""","=""0.00000003""","=""""","=""""",,"=""0.0000000000""","=""[107440.43933]""","=""1s""","=""2S""","=""1/2""","=""7s""","=""2S""","=""1/2""",M1,"=""""","=""L15291c36""",
"=""93.0749""","=""0.0020""","=""93.07481751""","=""0.00000003""","=""""","=""1.2362e+07""",AAA,"=""0.0000000000""","=""[107440.44703]""","=""1s""","=""2S""","=""1/2""","=""7p""","=""2P*""","=""3/2""",,"=""T7771""","=""L8445""",
"=""93.0749""","=""0.0020""","=""93.07482489""","=""0.00000003""","=""""","=""1.2362e+07""",AAA,"=""0.0000000000""","=""[107440.43850]""","=""1s""","=""2S""","=""1/2""","=""7p""","=""2P*""","=""1/2""",,"=""T7771""","=""L8445""",
"=""93.0751""","=""0.0014""","=""93.0748142""","=""0.0000020""","=""5600""","=""7.5684e+05""",AAA,"=""0.0000000000""","=""107440.4508""","=""1s""","=""2S""","=""1/2""","=""7""","=""""","=""""",,"=""T8637""","=""L8834""",
"=""93.7801""","=""0.0021""","=""93.7803361139""","=""0.0000000009""","=""""","=""1.9728e+07""",AAA,"=""0.0000000000""","=""[106632.1620756]""","=""1s""","=""2S""","=""1/2""","=""6p""","=""2P*""","=""3/2""",,"=""T7771""","=""L8445""",
"=""93.7801""","=""0.0021""","=""93.7803480320""","=""0.0000000009""","=""""","=""1.9728e+07""",AAA,"=""0.0000000000""","=""[106632.1485242]""","=""1s""","=""2S""","=""1/2""","=""6p""","=""2P*""","=""1/2""",,"=""T7771""","=""L8445""",
"=""""","=""""","=""93.7803468734""","=""0.0000000006""","=""""","=""""",,"=""0.0000000000""","=""106632.1498416""","=""1s""","=""2S""","=""1/2""","=""6s""","=""2S""","=""1/2""",M1,"=""""","=""""",
"=""93.7814""","=""0.0014""","=""93.780331""","=""0.000004""","=""19000""","=""1.6440e+06""",AAA,"=""0.0000000000""","=""106632.1681""","=""1s""","=""2S""","=""1/2""","=""6""","=""""","=""""",,"=""T8637""","=""L8834""",
"=""94.9742""","=""0.0004""","=""94.97429095""","=""0.00000004""","=""""","=""3.4375e+07""",AAA,"=""0.0000000000""","=""105291.65209""","=""1s""","=""2S""","=""1/2""","=""5p""","=""2P*""","=""3/2""",,"=""T7771""","=""L3545""",
"=""94.9742""","=""0.0004""","=""94.974287""","=""0.000005""","=""33000""","=""4.1250e+06""",AAA,"=""0.0000000000""","=""105291.657""","=""1s""","=""2S""","=""1/2""","=""5""","=""""","=""""",,"=""T8637""","=""L3545""",
"=""94.9742""","=""0.0004""","=""94.97431207""","=""0.00000004""","=""""","=""3.4375e+07""",AAA,"=""0.0000000000""","=""105291.62867""","=""1s""","=""2S""","=""1/2""","=""5p""","=""2P*""","=""1/2""",,"=""T7771""","=""L3545""",
"=""94.974284001""","=""0.000000021""","=""94.974283997""","=""0.000000021""","=""""","=""""",,"=""0.0000000000""","=""[105291.659796]""","=""1s""","=""2S""","=""1/2""","=""5d""","=""2D""","=""5/2""",E2,"=""""","=""L15291c37""",
"=""94.97431001""","=""0.00000004""","=""94.97431003""","=""0.00000004""","=""""","=""""",,"=""0.0000000000""","=""[105291.63094]""","=""1s""","=""2S""","=""1/2""","=""5s""","=""2S""","=""1/2""",M1,"=""""","=""L15291c36""",
"=""97.2517""","=""0.0014""","=""97.253650""","=""0.000011""","=""83000""","=""1.2785e+07""",AAA,"=""0.0000000000""","=""102823.904""","=""1s""","=""2S""","=""1/2""","=""4""","=""""","=""""",,"=""T8637""","=""L8834""",
"=""""","=""""","=""97.2536984969""","=""0.0000000003""","=""""","=""""",,"=""0.0000000000""","=""102823.8530211""","=""1s""","=""2S""","=""1/2""","=""4s""","=""2S""","=""1/2""",M1,"=""""","=""""",
"=""97.2541""","=""0.0019""","=""97.2536594376""","=""0.0000000003""","=""""","=""6.8185e+07""",AAA,"=""0.0000000000""","=""102823.8943175""","=""1s""","=""2S""","=""1/2""","=""4p""","=""2P*""","=""3/2""",,"=""T7771""","=""L8445""",
"=""97.2541""","=""0.0019""","=""97.2537026950""","=""0.0000000005""","=""""","=""6.8185e+07""",AAA,"=""0.0000000000""","=""102823.8485825""","=""1s""","=""2S""","=""1/2""","=""4p""","=""2P*""","=""1/2""",,"=""T7771""","=""L8445""",
"=""""","=""""","=""102.572144677""","=""0.000000007""","=""""","=""5.937e+02""",AAA,"=""0.0000000000""","=""97492.355566""","=""1s""","=""2S""","=""1/2""","=""3d""","=""2D""","=""5/2""",E2,"=""T7651""","=""""",
"=""""","=""""","=""102.572182693""","=""0.000000021""","=""""","=""5.938e+02""",AAA,"=""0.0000000000""","=""97492.319433""","=""1s""","=""2S""","=""1/2""","=""3d""","=""2D""","=""3/2""",E2,"=""T7651""","=""""",
"=""""","=""""","=""102.572285517""","=""0.000000007""","=""""","=""1.109e-06""",AAA,"=""0.0000000000""","=""97492.221701""","=""1s""","=""2S""","=""1/2""","=""3s""","=""2S""","=""1/2""",M1,"=""T7651""","=""""",
"=""102.5728""","=""0.0003""","=""102.572182505""","=""0.000000007""","=""""","=""1.6725e+08""",AAA,"=""0.0000000000""","=""97492.319611""","=""1s""","=""2S""","=""1/2""","=""3p""","=""2P*""","=""3/2""",,"=""T7771""","=""L3545""",
"=""102.5728""","=""0.0003""","=""102.57220""","=""0.00003""","=""250000""","=""5.5751e+07""",AAA,"=""0.0000000000""","=""97492.304""","=""1s""","=""2S""","=""1/2""","=""3""","=""""","=""""",,"=""T8637""","=""L3545""",
"=""102.5728""","=""0.0003""","=""102.572296565""","=""0.000000007""","=""""","=""1.6725e+08""",AAA,"=""0.0000000000""","=""97492.211200""","=""1s""","=""2S""","=""1/2""","=""3p""","=""2P*""","=""1/2""",,"=""T7771""","=""L3545""",
"=""121.56699""","=""0.00020""","=""121.5668237310""","=""0.0000000006""","=""""","=""6.2647e+08""",AAA,"=""0.0000000000""","=""82259.2850014""","=""1s""","=""2S""","=""1/2""","=""2p""","=""2P*""","=""3/2""",,"=""T7771""","=""L12020""",
"=""121.56699""","=""0.00020""","=""121.5673644608""","=""0.0000000004""","=""""","=""6.2648e+08""",AAA,"=""0.0000000000""","=""82258.9191133""","=""1s""","=""2S""","=""1/2""","=""2p""","=""2P*""","=""1/2""",,"=""T7771""","=""L12020""",
"=""121.56701""","=""0.00021""","=""121.56701""","=""0.00015""","=""840000""","=""4.6986e+08""",AAA,"=""0.0000000000""","=""82259.158""","=""1s""","=""2S""","=""1/2""","=""2""","=""""","=""""",,"=""T8637""","=""L12020""",
"=""121.5673123130200""","=""0.0000000000015""","=""121.5673123130200""","=""0.0000000000015""","=""""","=""2.495e-06""",AAA,"=""0.0000000000""","=""82258.9543992821""","=""1s""","=""2S""","=""1/2""","=""2s""","=""2S""","=""1/2""",M1,"=""T7651""","=""L12363""",
"=""""","=""""","=""365.61647""","=""0.00013""","=""""","=""6.7464e+01""",AAA,"=""82259.158""","=""[109610.2232]""","=""2""","=""""","=""""","=""40""","=""""","=""""",,"=""T8637""","=""""",
"=""""","=""""","=""365.66407""","=""0.00013""","=""""","=""7.6576e+01""",AAA,"=""82259.158""","=""[109606.6628]""","=""2""","=""""","=""""","=""39""","=""""","=""""",,"=""T8637""","=""""",
"=""""","=""""","=""365.71549""","=""0.00013""","=""""","=""8.7206e+01""",AAA,"=""82259.158""","=""[109602.8177]""","=""2""","=""""","=""""","=""38""","=""""","=""""",,"=""T8637""","=""""",
"=""365.769""","=""0.003""","=""365.77116""","=""0.00019""","=""700""","=""9.9657e+01""",AAA,"=""82259.158""","=""[109598.6566]""","=""2""","=""""","=""""","=""37""","=""""","=""""",,"=""T8637""","=""L7400c29""",
"=""365.829""","=""0.003""","=""365.83154""","=""0.00019""","=""700""","=""1.1430e+02""",AAA,"=""82259.158""","=""[109594.1439]""","=""2""","=""""","=""""","=""36""","=""""","=""""",,"=""T8637""","=""L7400c29""",
"=""365.908""","=""0.010""","=""365.89720""","=""0.00019""","=""700bl""","=""1.3161e+02""",AAA,"=""82259.158""","=""[109589.2390]""","=""2""","=""""","=""""","=""35""","=""""","=""""",,"=""T8637""","=""L7400c29""",
"=""365.969""","=""0.003""","=""365.96876""","=""0.00019""","=""700""","=""1.5216e+02""",AAA,"=""82259.158""","=""[109583.8949]""","=""2""","=""""","=""""","=""34""","=""""","=""""",,"=""T8637""","=""L7400c29""",
"=""366.045""","=""0.003""","=""366.04695""","=""0.00019""","=""700""","=""1.7669e+02""",AAA,"=""82259.158""","=""[109578.0577]""","=""2""","=""""","=""""","=""33""","=""""","=""""",,"=""T8637""","=""L7400c29""",
"=""366.136""","=""0.010""","=""366.13263""","=""0.00019""","=""700bl""","=""2.0612e+02""",AAA,"=""82259.158""","=""[109571.6647]""","=""2""","=""""","=""""","=""32""","=""""","=""""",,"=""T8637""","=""L7400c29""",
"=""366.231""","=""0.003""","=""366.22678""","=""0.00019""","=""800""","=""2.4162e+02""",AAA,"=""82259.158""","=""[109564.6431]""","=""2""","=""""","=""""","=""31""","=""""","=""""",,"=""T8637""","=""L7400c29""",
"=""366.326""","=""0.010""","=""366.33056""","=""0.00019""","=""1100bl""","=""2.8474e+02""",AAA,"=""82259.158""","=""[109556.9077]""","=""2""","=""""","=""""","=""30""","=""""","=""""",,"=""T8637""","=""L7400c29""",
"=""366.445""","=""0.010""","=""366.44533""","=""0.00019""","=""900bl""","=""3.3742e+02""",AAA,"=""82259.158""","=""[109548.3584]""","=""2""","=""""","=""""","=""29""","=""""","=""""",,"=""T8637""","=""L7400c29""",
"=""366.569""","=""0.010""","=""366.57269""","=""0.00019""","=""1000bl""","=""4.0224e+02""",AAA,"=""82259.158""","=""[109538.8768]""","=""2""","=""""","=""""","=""28""","=""""","=""""",,"=""T8637""","=""L7400c29""",
"=""366.712""","=""0.003""","=""366.71458""","=""0.00019""","=""900""","=""4.8261e+02""",AAA,"=""82259.158""","=""[109528.3223]""","=""2""","=""""","=""""","=""27""","=""""","=""""",,"=""T8637""","=""L7400c29""",
"=""366.877""","=""0.003""","=""366.87327""","=""0.00019""","=""1000""","=""5.8304e+02""",AAA,"=""82259.158""","=""[109516.5267]""","=""2""","=""""","=""""","=""26""","=""""","=""""",,"=""T8637""","=""L7400c29""",
"=""367.050""","=""0.003""","=""367.05155""","=""0.00019""","=""1300""","=""7.0963e+02""",AAA,"=""82259.158""","=""[109503.2875]""","=""2""","=""""","=""""","=""25""","=""""","=""""",,"=""T8637""","=""L7400c29""",
"=""367.237""","=""0.010""","=""367.25279""","=""0.00019""","=""1200bl""","=""8.7069e+02""",AAA,"=""82259.158""","=""[109488.3592]""","=""2""","=""""","=""""","=""24""","=""""","=""""",,"=""T8637""","=""L7400c29""",
"=""367.486""","=""0.003""","=""367.48110""","=""0.00019""","=""1300""","=""1.0777e+03""",AAA,"=""82259.158""","=""[109471.4416]""","=""2""","=""""","=""""","=""23""","=""""","=""""",,"=""T8637""","=""L7400c29""",
"=""367.7423""","=""0.0006""","=""367.74160""","=""0.00019""","=""1400""","=""1.3467e+03""",AAA,"=""82259.158""","=""[109452.1650]""","=""2""","=""""","=""""","=""22""","=""""","=""""",,"=""T8637""","=""L7436c29""",
"=""368.0418""","=""0.0006""","=""368.04065""","=""0.00019""","=""1700""","=""1.7005e+03""",AAA,"=""82259.158""","=""[109430.0696]""","=""2""","=""""","=""""","=""21""","=""""","=""""",,"=""T8637""","=""L7436c29""",
"=""368.3871""","=""0.0006""","=""368.38627""","=""0.00019""","=""1700""","=""2.1719e+03""",AAA,"=""82259.158""","=""[109404.5776]""","=""2""","=""""","=""""","=""20""","=""""","=""""",,"=""T8637""","=""L7436c29""",
"=""368.7881""","=""0.0006""","=""368.78871""","=""0.00019""","=""2000""","=""2.8093e+03""",AAA,"=""82259.158""","=""[109374.9555]""","=""2""","=""""","=""""","=""19""","=""""","=""""",,"=""T8637""","=""L7436c29""",
"=""369.2602""","=""0.0006""","=""369.26119""","=""0.00019""","=""2300""","=""3.6851e+03""",AAA,"=""82259.158""","=""[109340.2604]""","=""2""","=""""","=""""","=""18""","=""""","=""""",,"=""T8637""","=""L7436c29""",
"=""369.8209""","=""0.0006""","=""369.82103""","=""0.00019""","=""2300""","=""4.9101e+03""",AAA,"=""82259.158""","=""[109299.2642]""","=""2""","=""""","=""""","=""17""","=""""","=""""",,"=""T8637""","=""L7436c29""",
"=""370.4913""","=""0.0006""","=""370.49132""","=""0.00019""","=""2800""","=""6.6583e+03""",AAA,"=""82259.158""","=""[109250.3433]""","=""2""","=""""","=""""","=""16""","=""""","=""""",,"=""T8637""","=""L7436c29""",
"=""371.3034""","=""0.0006""","=""371.30334""","=""0.00019""","=""3300""","=""9.2102e+03""",AAA,"=""82259.158""","=""[109191.3154]""","=""2""","=""""","=""""","=""15""","=""""","=""""",,"=""T8637""","=""L7436c29""",
"=""372.3005""","=""0.0006""","=""372.30035""","=""0.00019""","=""5000""","=""1.3032e+04""",AAA,"=""82259.158""","=""[109119.1917]""","=""2""","=""""","=""""","=""14""","=""""","=""""",,"=""T8637""","=""L7436c29""",
"=""373.5431""","=""0.0006""","=""373.54365""","=""0.00020""","=""6000""","=""1.8927e+04""",AAA,"=""82259.158""","=""[109029.7913]""","=""2""","=""""","=""""","=""13""","=""""","=""""",,"=""T8637""","=""L7436c29""",
"=""""","=""""","=""375.119082508""","=""0.000000006""","=""""","=""4.8748e+05""",AAA,"=""82258.9191133""","=""108917.1203787""","=""2p""","=""2P*""","=""1/2""","=""12d""","=""2D""","=""3/2""",,"=""T7771""","=""""",
"=""""","=""""","=""375.1191039""","=""0.0000006""","=""""","=""2.9828e+04""",AAA,"=""82258.9191133""","=""[108917.11886]""","=""2p""","=""2P*""","=""1/2""","=""12s""","=""2S""","=""1/2""",,"=""T7771""","=""""",
"=""""","=""""","=""375.11934""","=""0.00008""","=""""","=""""",,"=""""","=""""","=""""","=""""","=""""","=""""","=""""","=""""",,"=""""","=""c39""",
"=""375.119571113""","=""0.000000003""","=""375.119571087""","=""0.000000003""","=""""","=""""",,"=""82258.9543992821""","=""108917.12094342""","=""2s""","=""2S""","=""1/2""","=""12d""","=""2D""","=""5/2""",E2,"=""""","=""L11759""",
"=""""","=""""","=""375.1195789""","=""0.0000006""","=""""","=""3.5544e+05""",AAA,"=""82258.9543992821""","=""[108917.12039]""","=""2s""","=""2S""","=""1/2""","=""12p""","=""2P*""","=""3/2""",,"=""T7771""","=""""",
"=""375.119579060""","=""0.000000005""","=""375.119579033""","=""0.000000004""","=""""","=""""",,"=""82258.9543992821""","=""108917.1203787""","=""2s""","=""2S""","=""1/2""","=""12d""","=""2D""","=""3/2""",E2,"=""""","=""L11759""",
"=""""","=""""","=""375.1196004""","=""0.0000006""","=""""","=""""",,"=""82258.9543992821""","=""[108917.11886]""","=""2s""","=""2S""","=""1/2""","=""12s""","=""2S""","=""1/2""",M1,"=""""","=""""",
"=""""","=""""","=""375.1196027""","=""0.0000006""","=""""","=""3.5544e+05""",AAA,"=""82258.9543992821""","=""[108917.11870]""","=""2s""","=""2S""","=""1/2""","=""12p""","=""2P*""","=""1/2""",,"=""T7771""","=""""",
"=""375.1217""","=""0.0006""","=""375.12244""","=""0.00020""","=""8000""","=""2.8337e+04""",AAA,"=""82259.158""","=""108917.1209""","=""2""","=""""","=""""","=""12""","=""""","=""""",,"=""T8637""","=""L7436c29""",
"=""""","=""""","=""375.12174""","=""0.00008""","=""""","=""""",,"=""""","=""""","=""""","=""""","=""""","=""""","=""""","=""""",,"=""""","=""c40""",
"=""""","=""""","=""375.124223202""","=""0.000000007""","=""""","=""5.8495e+05""",AAA,"=""82259.2850014""","=""108917.12094342""","=""2p""","=""2P*""","=""3/2""","=""12d""","=""2D""","=""5/2""",,"=""T7771""","=""""",
"=""""","=""""","=""375.12422""","=""0.00003""","=""""","=""""",,"=""""","=""""","=""""","=""""","=""""","=""""","=""""","=""""",,"=""""","=""c41""",
"=""""","=""""","=""375.124231149""","=""0.000000007""","=""""","=""9.7489e+04""",AAA,"=""82259.2850014""","=""108917.1203787""","=""2p""","=""2P*""","=""3/2""","=""12d""","=""2D""","=""3/2""",,"=""T7771""","=""""",
"=""""","=""""","=""375.1242525""","=""0.0000006""","=""""","=""5.9661e+04""",AAA,"=""82259.2850014""","=""[108917.11886]""","=""2p""","=""2P*""","=""3/2""","=""12s""","=""2S""","=""1/2""",,"=""T7771""","=""""",
"=""""","=""""","=""377.1674243""","=""0.0000003""","=""""","=""6.3659e+05""",AAA,"=""82258.9191133""","=""[108772.343536]""","=""2p""","=""2P*""","=""1/2""","=""11d""","=""2D""","=""3/2""",,"=""T7771""","=""""",
"=""""","=""""","=""377.1674523""","=""0.0000006""","=""""","=""3.8791e+04""",AAA,"=""82258.9191133""","=""[108772.34157]""","=""2p""","=""2P*""","=""1/2""","=""11s""","=""2S""","=""1/2""",,"=""T7771""","=""""",
"=""""","=""""","=""377.16768""","=""0.00009""","=""""","=""""",,"=""""","=""""","=""""","=""""","=""""","=""""","=""""","=""""",,"=""""","=""c42""",
"=""""","=""""","=""377.1679261""","=""0.0000006""","=""""","=""4.6164e+05""",AAA,"=""82258.9543992821""","=""[108772.34355]""","=""2s""","=""2S""","=""1/2""","=""11p""","=""2P*""","=""3/2""",,"=""T7771""","=""""",
"=""""","=""""","=""377.1679543""","=""0.0000006""","=""""","=""""",,"=""82258.9543992821""","=""[108772.34157]""","=""2s""","=""2S""","=""1/2""","=""11s""","=""2S""","=""1/2""",M1,"=""""","=""""",
"=""""","=""""","=""377.1679574""","=""0.0000006""","=""""","=""4.6164e+05""",AAA,"=""82258.9543992821""","=""[108772.34135]""","=""2s""","=""2S""","=""1/2""","=""11p""","=""2P*""","=""1/2""",,"=""T7771""","=""""",
"=""""","=""""","=""377.17012""","=""0.00009""","=""""","=""""",,"=""""","=""""","=""""","=""""","=""""","=""""","=""""","=""""",,"=""""","=""c43""",
"=""377.1704""","=""0.0006""","=""377.17081""","=""0.00020""","=""9000""","=""4.3972e+04""",AAA,"=""82259.158""","=""108772.3445""","=""2""","=""""","=""""","=""11""","=""""","=""""",,"=""T8637""","=""L7436c29""",
"=""""","=""""","=""377.1726189""","=""0.0000003""","=""""","=""7.6387e+05""",AAA,"=""82259.2850014""","=""[108772.344270]""","=""2p""","=""2P*""","=""3/2""","=""11d""","=""2D""","=""5/2""",,"=""T7771""","=""""",
"=""""","=""""","=""377.17262""","=""0.00003""","=""""","=""""",,"=""""","=""""","=""""","=""""","=""""","=""""","=""""","=""""",,"=""""","=""c44""",
"=""""","=""""","=""377.1726294""","=""0.0000003""","=""""","=""1.2731e+05""",AAA,"=""82259.2850014""","=""[108772.343536]""","=""2p""","=""2P*""","=""3/2""","=""11d""","=""2D""","=""3/2""",,"=""T7771""","=""""",
"=""""","=""""","=""377.1726573""","=""0.0000006""","=""""","=""7.7590e+04""",AAA,"=""82259.2850014""","=""[108772.34157]""","=""2p""","=""2P*""","=""3/2""","=""11s""","=""2S""","=""1/2""",,"=""T7771""","=""""",
"=""""","=""""","=""379.894836051""","=""0.000000025""","=""""","=""8.5386e+05""",AAA,"=""82258.9191133""","=""[108581.9934250]""","=""2p""","=""2P*""","=""1/2""","=""10d""","=""2D""","=""3/2""",,"=""T7771""","=""""",
"=""""","=""""","=""379.8948739""","=""0.0000006""","=""""","=""5.1748e+04""",AAA,"=""82258.9191133""","=""[108581.99080]""","=""2p""","=""2P*""","=""1/2""","=""10s""","=""2S""","=""1/2""",,"=""T7771""","=""""",
"=""""","=""""","=""379.89510""","=""0.00009""","=""""","=""""",,"=""""","=""""","=""""","=""""","=""""","=""""","=""""","=""""",,"=""""","=""c45""",
"=""379.895331239""","=""0.000000019""","=""379.895331215""","=""0.000000019""","=""""","=""""",,"=""82258.9543992821""","=""108581.9944009""","=""2s""","=""2S""","=""1/2""","=""10d""","=""2D""","=""5/2""",E2,"=""""","=""L7369u33""",
"=""""","=""""","=""379.8953451""","=""0.0000006""","=""""","=""6.1475e+05""",AAA,"=""82258.9543992821""","=""[108581.99344]""","=""2s""","=""2S""","=""1/2""","=""10p""","=""2P*""","=""3/2""",,"=""T7771""","=""""",
"=""""","=""""","=""379.8953832""","=""0.0000006""","=""""","=""""",,"=""82258.9543992821""","=""[108581.99080]""","=""2s""","=""2S""","=""1/2""","=""10s""","=""2S""","=""1/2""",M1,"=""""","=""""",
"=""""","=""""","=""379.8953874""","=""0.0000006""","=""""","=""6.1476e+05""",AAA,"=""82258.9543992821""","=""[108581.99051]""","=""2s""","=""2S""","=""1/2""","=""10p""","=""2P*""","=""1/2""",,"=""T7771""","=""""",
"=""""","=""""","=""379.89757""","=""0.00009""","=""""","=""""",,"=""""","=""""","=""""","=""""","=""""","=""""","=""""","=""""",,"=""""","=""c46""",
"=""379.8987""","=""0.0006""","=""379.89827""","=""0.00020""","=""17000""","=""7.1225e+04""",AAA,"=""82259.158""","=""108581.9945""","=""2""","=""""","=""""","=""10""","=""""","=""""",,"=""T8637""","=""L7436c29""",
"=""""","=""""","=""379.900102540""","=""0.000000019""","=""""","=""1.0246e+06""",AAA,"=""82259.2850014""","=""108581.9944009""","=""2p""","=""2P*""","=""3/2""","=""10d""","=""2D""","=""5/2""",,"=""T7771""","=""""",
"=""""","=""""","=""379.90010""","=""0.00003""","=""""","=""""",,"=""""","=""""","=""""","=""""","=""""","=""""","=""""","=""""",,"=""""","=""c47""",
"=""""","=""""","=""379.900116625""","=""0.000000025""","=""""","=""1.7076e+05""",AAA,"=""82259.2850014""","=""[108581.9934250]""","=""2p""","=""2P*""","=""3/2""","=""10d""","=""2D""","=""3/2""",,"=""T7771""","=""""",
"=""""","=""""","=""379.9001545""","=""0.0000006""","=""""","=""1.0351e+05""",AAA,"=""82259.2850014""","=""[108581.99080]""","=""2p""","=""2P*""","=""3/2""","=""10s""","=""2S""","=""1/2""",,"=""T7771""","=""""",
"=""""","=""""","=""383.6443947""","=""0.0000003""","=""""","=""1.1836e+06""",AAA,"=""82258.9191133""","=""[108324.724162]""","=""2p""","=""2P*""","=""1/2""","=""9d""","=""2D""","=""3/2""",,"=""T7771""","=""""",
"=""""","=""""","=""383.6444479""","=""0.0000006""","=""""","=""7.1201e+04""",AAA,"=""82258.9191133""","=""[108324.72055]""","=""2p""","=""2P*""","=""1/2""","=""9s""","=""2S""","=""1/2""",,"=""T7771""","=""""",
"=""""","=""""","=""383.64468""","=""0.00009""","=""""","=""""",,"=""""","=""""","=""""","=""""","=""""","=""""","=""""","=""""",,"=""""","=""c48""",
"=""""","=""""","=""383.6449138""","=""0.0000006""","=""""","=""8.4384e+05""",AAA,"=""82258.9543992821""","=""[108324.72418]""","=""2s""","=""2S""","=""1/2""","=""9p""","=""2P*""","=""3/2""",,"=""T7771""","=""""",
"=""""","=""""","=""383.6449672""","=""0.0000006""","=""""","=""""",,"=""82258.9543992821""","=""[108324.72055]""","=""2s""","=""2S""","=""1/2""","=""9s""","=""2S""","=""1/2""",M1,"=""""","=""""",
"=""""","=""""","=""383.6449729""","=""0.0000006""","=""""","=""8.4385e+05""",AAA,"=""82258.9543992821""","=""[108324.72016]""","=""2s""","=""2S""","=""1/2""","=""9p""","=""2P*""","=""1/2""",,"=""T7771""","=""""",
"=""""","=""""","=""383.64720""","=""0.00009""","=""""","=""""",,"=""""","=""""","=""""","=""""","=""""","=""""","=""""","=""""",,"=""""","=""c49""",
"=""383.6485""","=""0.0006""","=""383.64789""","=""0.00021""","=""30000""","=""1.2156e+05""",AAA,"=""82259.158""","=""108324.7253""","=""2""","=""""","=""""","=""9""","=""""","=""""",,"=""T8637""","=""L7436c29""",
"=""""","=""""","=""383.6497603""","=""0.0000003""","=""""","=""1.4203e+06""",AAA,"=""82259.2850014""","=""[108324.725501]""","=""2p""","=""2P*""","=""3/2""","=""9d""","=""2D""","=""5/2""",,"=""T7771""","=""""",
"=""""","=""""","=""383.64977""","=""0.00003""","=""""","=""""",,"=""""","=""""","=""""","=""""","=""""","=""""","=""""","=""""",,"=""""","=""c50""",
"=""""","=""""","=""383.6497800""","=""0.0000003""","=""""","=""2.3671e+05""",AAA,"=""82259.2850014""","=""[108324.724162]""","=""2p""","=""2P*""","=""3/2""","=""9d""","=""2D""","=""3/2""",,"=""T7771""","=""""",
"=""""","=""""","=""383.6498332""","=""0.0000006""","=""""","=""1.4242e+05""",AAA,"=""82259.2850014""","=""[108324.72055]""","=""2p""","=""2P*""","=""3/2""","=""9s""","=""2S""","=""1/2""",,"=""T7771""","=""""",
"=""""","=""""","=""389.012183558""","=""0.000000006""","=""""","=""1.7103e+06""",AAA,"=""82258.9191133""","=""107965.0548660""","=""2p""","=""2P*""","=""1/2""","=""8d""","=""2D""","=""3/2""",,"=""T7771""","=""""",
"=""""","=""""","=""389.012261516""","=""0.000000006""","=""""","=""1.0180e+05""",AAA,"=""82258.9191133""","=""107965.0497145""","=""2p""","=""2P*""","=""1/2""","=""8s""","=""2S""","=""1/2""",,"=""T7771""","=""""",
"=""""","=""""","=""389.01247""","=""0.00009""","=""""","=""""",,"=""""","=""""","=""""","=""""","=""""","=""""","=""""","=""""",,"=""""","=""c51""",
"=""389.012688721""","=""0.000000004""","=""389.012688704""","=""0.000000003""","=""""","=""""",,"=""82258.9543992821""","=""107965.05677174""","=""2s""","=""2S""","=""1/2""","=""8d""","=""2D""","=""5/2""",E2,"=""""","=""L11759""",
"=""""","=""""","=""389.012717403""","=""0.000000009""","=""""","=""1.2025e+06""",AAA,"=""82258.9543992821""","=""[107965.0548753]""","=""2s""","=""2S""","=""1/2""","=""8p""","=""2P*""","=""3/2""",,"=""T7771""","=""""",
"=""389.012717562""","=""0.000000004""","=""389.012717543""","=""0.000000005""","=""""","=""""",,"=""82258.9543992821""","=""107965.0548660""","=""2s""","=""2S""","=""1/2""","=""8d""","=""2D""","=""3/2""",E2,"=""""","=""L11759""",
"=""389.012795519""","=""0.000000005""","=""389.012795501""","=""0.000000005""","=""""","=""""",,"=""82258.9543992821""","=""107965.0497145""","=""2s""","=""2S""","=""1/2""","=""8s""","=""2S""","=""1/2""",M1,"=""""","=""L11759""",
"=""""","=""""","=""389.012803918""","=""0.000000009""","=""""","=""1.2026e+06""",AAA,"=""82258.9543992821""","=""[107965.0491583]""","=""2s""","=""2S""","=""1/2""","=""8p""","=""2P*""","=""1/2""",,"=""T7771""","=""""",
"=""""","=""""","=""389.01506""","=""0.00009""","=""""","=""""",,"=""""","=""""","=""""","=""""","=""""","=""""","=""""","=""""",,"=""""","=""c52""",
"=""389.0166""","=""0.0006""","=""389.01577""","=""0.00021""","=""70000""","=""2.2148e+05""",AAA,"=""82259.158""","=""107965.0568""","=""2""","=""""","=""""","=""8""","=""""","=""""",,"=""T8637""","=""L7436c29""",
"=""""","=""""","=""389.017691799""","=""0.000000008""","=""""","=""2.0523e+06""",AAA,"=""82259.2850014""","=""107965.05677174""","=""2p""","=""2P*""","=""3/2""","=""8d""","=""2D""","=""5/2""",,"=""T7771""","=""""",
"=""""","=""""","=""389.01769""","=""0.00003""","=""""","=""""",,"=""""","=""""","=""""","=""""","=""""","=""""","=""""","=""""",,"=""""","=""c53""",
"=""""","=""""","=""389.017720639""","=""0.000000008""","=""""","=""3.4205e+05""",AAA,"=""82259.2850014""","=""107965.0548660""","=""2p""","=""2P*""","=""3/2""","=""8d""","=""2D""","=""3/2""",,"=""T7771""","=""""",
"=""""","=""""","=""389.017798599""","=""0.000000008""","=""""","=""2.0363e+05""",AAA,"=""82259.2850014""","=""107965.0497145""","=""2p""","=""2P*""","=""3/2""","=""8s""","=""2S""","=""1/2""",,"=""T7771""","=""""",
"=""""","=""""","=""397.1164910""","=""0.0000004""","=""""","=""2.6093e+06""",AAA,"=""82258.9191133""","=""[107440.447022]""","=""2p""","=""2P*""","=""1/2""","=""7d""","=""2D""","=""3/2""",,"=""T7771""","=""""",
"=""""","=""""","=""397.1166123""","=""0.0000006""","=""""","=""1.5289e+05""",AAA,"=""82258.9191133""","=""[107440.43933]""","=""2p""","=""2P*""","=""1/2""","=""7s""","=""2S""","=""1/2""",,"=""T7771""","=""""",
"=""""","=""""","=""397.11679""","=""0.00009""","=""""","=""""",,"=""""","=""""","=""""","=""""","=""""","=""""","=""""","=""""",,"=""""","=""c54""",
"=""""","=""""","=""397.1170473""","=""0.0000006""","=""""","=""1.7972e+06""",AAA,"=""82258.9543992821""","=""[107440.44703]""","=""2s""","=""2S""","=""1/2""","=""7p""","=""2P*""","=""3/2""",,"=""T7771""","=""""",
"=""""","=""""","=""397.1171687""","=""0.0000006""","=""""","=""""",,"=""82258.9543992821""","=""[107440.43933]""","=""2s""","=""2S""","=""1/2""","=""7s""","=""2S""","=""1/2""",M1,"=""""","=""""",
"=""""","=""""","=""397.1171818""","=""0.0000006""","=""""","=""1.7972e+06""",AAA,"=""82258.9543992821""","=""[107440.43850]""","=""2s""","=""2S""","=""1/2""","=""7p""","=""2P*""","=""1/2""",,"=""T7771""","=""""",
"=""""","=""""","=""397.11951""","=""0.00009""","=""""","=""""",,"=""""","=""""","=""""","=""""","=""""","=""""","=""""","=""""",,"=""""","=""c55""",
"=""397.1198""","=""0.0006""","=""397.12020""","=""0.00022""","=""30000""","=""4.3889e+05""",AAA,"=""82259.158""","=""107440.4508""","=""2""","=""""","=""""","=""7""","=""""","=""""",,"=""T8637""","=""L7436c29""",
"=""""","=""""","=""397.1222163""","=""0.0000004""","=""""","=""3.1311e+06""",AAA,"=""82259.2850014""","=""[107440.449866]""","=""2p""","=""2P*""","=""3/2""","=""7d""","=""2D""","=""5/2""",,"=""T7771""","=""""",
"=""""","=""""","=""397.12223""","=""0.00003""","=""""","=""""",,"=""""","=""""","=""""","=""""","=""""","=""""","=""""","=""""",,"=""""","=""c56""",
"=""""","=""""","=""397.1222611""","=""0.0000004""","=""""","=""5.2183e+05""",AAA,"=""82259.2850014""","=""[107440.447022]""","=""2p""","=""2P*""","=""3/2""","=""7d""","=""2D""","=""3/2""",,"=""T7771""","=""""",
"=""""","=""""","=""397.1223825""","=""0.0000006""","=""""","=""3.0581e+05""",AAA,"=""82259.2850014""","=""[107440.43933]""","=""2p""","=""2P*""","=""3/2""","=""7s""","=""2S""","=""1/2""",,"=""T7771""","=""""",
"=""""","=""""","=""410.285985517""","=""0.000000022""","=""""","=""4.2877e+06""",AAA,"=""82258.9191133""","=""[106632.1620536]""","=""2p""","=""2P*""","=""1/2""","=""6d""","=""2D""","=""3/2""",,"=""T7771""","=""""",
"=""""","=""""","=""410.286191087""","=""0.000000013""","=""""","=""2.4501e+05""",AAA,"=""82258.9191133""","=""106632.1498416""","=""2p""","=""2P*""","=""1/2""","=""6s""","=""2S""","=""1/2""",,"=""T7771""","=""""",
"=""""","=""""","=""410.28632""","=""0.00010""","=""""","=""""",,"=""""","=""""","=""""","=""""","=""""","=""""","=""""","=""""",,"=""""","=""c57""",
"=""410.286503488""","=""0.000000006""","=""410.286503481""","=""0.000000007""","=""""","=""""",,"=""82258.9543992821""","=""106632.1665697""","=""2s""","=""2S""","=""1/2""","=""6d""","=""2D""","=""5/2""",E2,"=""""","=""L11759""",
"=""""","=""""","=""410.286579132""","=""0.000000022""","=""""","=""2.8583e+06""",AAA,"=""82258.9543992821""","=""[106632.1620756]""","=""2s""","=""2S""","=""1/2""","=""6p""","=""2P*""","=""3/2""",,"=""T7771""","=""""",
"=""410.286785081""","=""0.000000012""","=""410.286785074""","=""0.000000012""","=""""","=""""",,"=""82258.9543992821""","=""106632.1498416""","=""2s""","=""2S""","=""1/2""","=""6s""","=""2S""","=""1/2""",M1,"=""""","=""L11759""",
"=""""","=""""","=""410.286807250""","=""0.000000017""","=""""","=""2.8584e+06""",AAA,"=""82258.9543992821""","=""[106632.1485242]""","=""2s""","=""2S""","=""1/2""","=""6p""","=""2P*""","=""1/2""",,"=""T7771""","=""""",
"=""410.2892""","=""0.0006""","=""410.28991""","=""0.00024""","=""70000""","=""9.7320e+05""",AAA,"=""82259.158""","=""106632.1681""","=""2""","=""""","=""""","=""6""","=""""","=""""",,"=""T8637""","=""L7436c29""",
"=""""","=""""","=""410.28922""","=""0.00010""","=""""","=""""",,"=""""","=""""","=""""","=""""","=""""","=""""","=""""","=""""",,"=""""","=""c58""",
"=""""","=""""","=""410.292068748""","=""0.000000008""","=""""","=""5.1450e+06""",AAA,"=""82259.2850014""","=""106632.1665697""","=""2p""","=""2P*""","=""3/2""","=""6d""","=""2D""","=""5/2""",,"=""T7771""","=""""",
"=""""","=""""","=""410.29208""","=""0.00003""","=""""","=""""",,"=""""","=""""","=""""","=""""","=""""","=""""","=""""","=""""",,"=""""","=""c59""",
"=""""","=""""","=""410.292144772""","=""0.000000022""","=""""","=""8.5748e+05""",AAA,"=""82259.2850014""","=""[106632.1620536]""","=""2p""","=""2P*""","=""3/2""","=""6d""","=""2D""","=""3/2""",,"=""T7771""","=""""",
"=""""","=""""","=""410.292350348""","=""0.000000013""","=""""","=""4.9006e+05""",AAA,"=""82259.2850014""","=""106632.1498416""","=""2p""","=""2P*""","=""3/2""","=""6s""","=""2S""","=""1/2""",,"=""T7771""","=""""",
"=""""","=""""","=""434.1647191""","=""0.0000004""","=""""","=""7.8548e+06""",AAA,"=""82258.9191133""","=""105291.651993""","=""2p""","=""2P*""","=""1/2""","=""5d""","=""2D""","=""3/2""",,"=""T7771""","=""""",
"=""""","=""""","=""434.16512""","=""0.00011""","=""""","=""""",,"=""""","=""""","=""""","=""""","=""""","=""""","=""""","=""""",,"=""""","=""c60""",
"=""""","=""""","=""434.1651159""","=""0.0000008""","=""""","=""4.2955e+05""",AAA,"=""82258.9191133""","=""[105291.63094]""","=""2p""","=""2P*""","=""1/2""","=""5s""","=""2S""","=""1/2""",,"=""T7771""","=""""",
"=""""","=""""","=""434.1653824""","=""0.0000008""","=""""","=""4.9483e+06""",AAA,"=""82258.9543992821""","=""105291.65209""","=""2s""","=""2S""","=""1/2""","=""5p""","=""2P*""","=""3/2""",,"=""T7771""","=""""",
"=""""","=""""","=""434.1657811""","=""0.0000008""","=""""","=""""",,"=""82258.9543992821""","=""[105291.63094]""","=""2s""","=""2S""","=""1/2""","=""5s""","=""2S""","=""1/2""",M1,"=""""","=""""",
"=""""","=""""","=""434.1658238""","=""0.0000008""","=""""","=""4.9484e+06""",AAA,"=""82258.9543992821""","=""105291.62867""","=""2s""","=""2S""","=""1/2""","=""5p""","=""2P*""","=""1/2""",,"=""T7771""","=""""",
"=""""","=""""","=""434.16837""","=""0.00011""","=""""","=""""",,"=""""","=""""","=""""","=""""","=""""","=""""","=""""","=""""",,"=""""","=""c61""",
"=""434.1692""","=""0.0006""","=""434.1691""","=""0.0003""","=""90000""","=""2.5304e+06""",AAA,"=""82259.158""","=""105291.657""","=""2""","=""""","=""""","=""5""","=""""","=""""",,"=""T8637""","=""L7436c29""",
"=""""","=""""","=""434.1714690""","=""0.0000004""","=""""","=""9.4254e+06""",AAA,"=""82259.2850014""","=""[105291.659796]""","=""2p""","=""2P*""","=""3/2""","=""5d""","=""2D""","=""5/2""",,"=""T7771""","=""""",
"=""""","=""""","=""434.17150""","=""0.00004""","=""""","=""""",,"=""""","=""""","=""""","=""""","=""""","=""""","=""""","=""""",,"=""""","=""c62""",
"=""""","=""""","=""434.1716161""","=""0.0000004""","=""""","=""1.5709e+06""",AAA,"=""82259.2850014""","=""105291.651993""","=""2p""","=""2P*""","=""3/2""","=""5d""","=""2D""","=""3/2""",,"=""T7771""","=""""",
"=""""","=""""","=""434.1720130""","=""0.0000008""","=""""","=""8.5920e+05""",AAA,"=""82259.2850014""","=""[105291.63094]""","=""2p""","=""2P*""","=""3/2""","=""5s""","=""2S""","=""1/2""",,"=""T7771""","=""""",
"=""""","=""""","=""486.26365622""","=""0.00000019""","=""""","=""1.7188e+07""",AAA,"=""82258.9191133""","=""102823.894250""","=""2p""","=""2P*""","=""1/2""","=""4d""","=""2D""","=""3/2""",,"=""T7771""","=""""",
"=""486.264130267""","=""0.000000019""","=""486.264130279""","=""0.000000019""","=""""","=""""",,"=""82258.9543992821""","=""102823.9094871""","=""2s""","=""2S""","=""1/2""","=""4d""","=""2D""","=""5/2""",E2,"=""""","=""L9496""",
"=""""","=""""","=""486.26420""","=""0.00014""","=""""","=""""",,"=""""","=""""","=""""","=""""","=""""","=""""","=""""","=""""",,"=""""","=""c63""",
"=""486.264488953""","=""0.000000008""","=""486.264488968""","=""0.000000007""","=""""","=""9.6680e+06""",AAA,"=""82258.9543992821""","=""102823.8943175""","=""2s""","=""2S""","=""1/2""","=""4p""","=""2P*""","=""3/2""",,"=""T7771""","=""L9477""",
"=""""","=""""","=""486.264631087""","=""0.000000009""","=""""","=""8.5941e+05""",AAA,"=""82258.9191133""","=""102823.8530211""","=""2p""","=""2P*""","=""1/2""","=""4s""","=""2S""","=""1/2""",,"=""T7771""","=""""",
"=""486.265465422""","=""0.000000008""","=""486.265465437""","=""0.000000007""","=""""","=""""",,"=""82258.9543992821""","=""102823.8530211""","=""2s""","=""2S""","=""1/2""","=""4s""","=""2S""","=""1/2""",M1,"=""""","=""L9496""",
"=""486.265570377""","=""0.000000012""","=""486.265570389""","=""0.000000012""","=""""","=""9.6682e+06""",AAA,"=""82258.9543992821""","=""102823.8485825""","=""2s""","=""2S""","=""1/2""","=""4p""","=""2P*""","=""1/2""",,"=""T7771""","=""L9477""",
"=""""","=""""","=""486.26830""","=""0.00014""","=""""","=""""",,"=""""","=""""","=""""","=""""","=""""","=""""","=""""","=""""",,"=""""","=""c64""",
"=""486.271""","=""0.005""","=""486.2691""","=""0.0003""","=""180000""","=""8.4193e+06""",AAA,"=""82259.158""","=""102823.904""","=""2""","=""""","=""""","=""4""","=""""","=""""",,"=""T8637""","=""L7439c30""",
"=""""","=""""","=""486.271947584""","=""0.000000024""","=""""","=""2.0625e+07""",AAA,"=""82259.2850014""","=""102823.9094871""","=""2p""","=""2P*""","=""3/2""","=""4d""","=""2D""","=""5/2""",,"=""T7771""","=""""",
"=""""","=""""","=""486.27202""","=""0.00005""","=""""","=""""",,"=""""","=""""","=""""","=""""","=""""","=""""","=""""","=""""",,"=""""","=""c65""",
"=""""","=""""","=""486.27230788""","=""0.00000019""","=""""","=""3.4375e+06""",AAA,"=""82259.2850014""","=""102823.894250""","=""2p""","=""2P*""","=""3/2""","=""4d""","=""2D""","=""3/2""",,"=""T7771""","=""""",
"=""""","=""""","=""486.273282785""","=""0.000000012""","=""""","=""1.7190e+06""",AAA,"=""82259.2850014""","=""102823.8530211""","=""2p""","=""2P*""","=""3/2""","=""4s""","=""2S""","=""1/2""",,"=""T7771""","=""""",
"=""656.4522552""","=""0.0000024""","=""656.4522556""","=""0.0000009""","=""""","=""5.3877e+07""",AAA,"=""82258.9191133""","=""97492.319433""","=""2p""","=""2P*""","=""1/2""","=""3d""","=""2D""","=""3/2""",,"=""T7771""","=""L2752""",
"=""""","=""""","=""656.4527""","=""0.0004""","=""""","=""""",,"=""""","=""""","=""""","=""""","=""""","=""""","=""""","=""""",,"=""""","=""c67""",
"=""""","=""""","=""656.4535""","=""0.0009""","=""""","=""""",,"=""""","=""""","=""""","=""""","=""""","=""""","=""""","=""""",,"=""""","=""c68""",
"=""656.4537684""","=""0.0000004""","=""656.4537685""","=""0.0000003""","=""""","=""2.2448e+07""",AAA,"=""82258.9543992821""","=""97492.319611""","=""2s""","=""2S""","=""1/2""","=""3p""","=""2P*""","=""3/2""",,"=""T7771""","=""L6891c38""",
"=""""","=""""","=""656.4564672""","=""0.0000003""","=""""","=""2.1046e+06""",AAA,"=""82258.9191133""","=""97492.221701""","=""2p""","=""2P*""","=""1/2""","=""3s""","=""2S""","=""1/2""",,"=""T7771""","=""""",
"=""""","=""""","=""656.4579878""","=""0.0000003""","=""""","=""""",,"=""82258.9543992821""","=""97492.221701""","=""2s""","=""2S""","=""1/2""","=""3s""","=""2S""","=""1/2""",M1,"=""""","=""""",
"=""""","=""""","=""656.4583""","=""0.0006""","=""""","=""""",,"=""""","=""""","=""""","=""""","=""""","=""""","=""""","=""""",,"=""""","=""c66""",
"=""656.4584404""","=""0.0000004""","=""656.4584403""","=""0.0000003""","=""""","=""2.2449e+07""",AAA,"=""82258.9543992821""","=""97492.211200""","=""2s""","=""2S""","=""1/2""","=""3p""","=""2P*""","=""1/2""",,"=""T7771""","=""L6891c38""",
"=""656.460""","=""0.003""","=""656.4632""","=""0.0007""","=""500000""","=""4.4101e+07""",AAA,"=""82259.158""","=""97492.304""","=""2""","=""""","=""""","=""3""","=""""","=""""",,"=""T8637""","=""L7400c29""",
"=""""","=""""","=""656.4608""","=""0.0009""","=""""","=""""",,"=""""","=""""","=""""","=""""","=""""","=""""","=""""","=""""",,"=""""","=""c69""",
"=""656.466464""","=""0.000006""","=""656.4664660""","=""0.0000003""","=""""","=""6.4651e+07""",AAA,"=""82259.2850014""","=""97492.355566""","=""2p""","=""2P*""","=""3/2""","=""3d""","=""2D""","=""5/2""",,"=""T7771""","=""L2752""",
"=""""","=""""","=""656.46662""","=""0.00003""","=""""","=""""",,"=""""","=""""","=""""","=""""","=""""","=""""","=""""","=""""",,"=""""","=""c71""",
"=""""","=""""","=""656.4667""","=""0.0003""","=""""","=""""",,"=""""","=""""","=""""","=""""","=""""","=""""","=""""","=""""",,"=""""","=""c70""",
"=""""","=""""","=""656.4680232""","=""0.0000009""","=""""","=""1.0775e+07""",AAA,"=""82259.2850014""","=""97492.319433""","=""2p""","=""2P*""","=""3/2""","=""3d""","=""2D""","=""3/2""",,"=""T7771""","=""""",
"=""""","=""""","=""656.4722349""","=""0.0000003""","=""""","=""4.2097e+06""",AAA,"=""82259.2850014""","=""97492.221701""","=""2p""","=""2P*""","=""3/2""","=""3s""","=""2S""","=""1/2""",,"=""T7771""","=""""",
"=""825.226""","=""0.010""","=""825.2242""","=""0.0005""","=""90""","=""""",,"=""97492.304""","=""[109610.2232]""","=""3""","=""""","=""""","=""40""","=""""","=""""",,"=""""","=""L7400c29""",
"=""825.456""","=""0.010""","=""825.4667""","=""0.0005""","=""90""","=""""",,"=""97492.304""","=""[109606.6628]""","=""3""","=""""","=""""","=""39""","=""""","=""""",,"=""""","=""L7400c29""",
"=""825.726""","=""0.010""","=""825.7288""","=""0.0005""","=""90""","=""""",,"=""97492.304""","=""[109602.8177]""","=""3""","=""""","=""""","=""38""","=""""","=""""",,"=""""","=""L7400c29""",
"=""826.016""","=""0.010""","=""826.0126""","=""0.0005""","=""110""","=""""",,"=""97492.304""","=""[109598.6566]""","=""3""","=""""","=""""","=""37""","=""""","=""""",,"=""""","=""L7400c29""",
"=""826.316""","=""0.010""","=""826.3206""","=""0.0005""","=""110""","=""""",,"=""97492.304""","=""[109594.1439]""","=""3""","=""""","=""""","=""36""","=""""","=""""",,"=""""","=""L7400c29""",
"=""826.655""","=""0.003""","=""826.6557""","=""0.0005""","=""110""","=""""",,"=""97492.304""","=""[109589.2390]""","=""3""","=""""","=""""","=""35""","=""""","=""""",,"=""""","=""L7400c29""",
"=""827.021""","=""0.003""","=""827.0210""","=""0.0005""","=""110""","=""""",,"=""97492.304""","=""[109583.8949]""","=""3""","=""""","=""""","=""34""","=""""","=""""",,"=""""","=""L7400c29""",
"=""827.421""","=""0.003""","=""827.4205""","=""0.0005""","=""140""","=""""",,"=""97492.304""","=""[109578.0577]""","=""3""","=""""","=""""","=""33""","=""""","=""""",,"=""""","=""L7400c29""",
"=""827.859""","=""0.003""","=""827.8584""","=""0.0005""","=""140""","=""""",,"=""97492.304""","=""[109571.6647]""","=""3""","=""""","=""""","=""32""","=""""","=""""",,"=""""","=""L7400c29""",
"=""828.341""","=""0.003""","=""828.3399""","=""0.0005""","=""140""","=""""",,"=""97492.304""","=""[109564.6431]""","=""3""","=""""","=""""","=""31""","=""""","=""""",,"=""""","=""L7400c29""",
"=""828.870""","=""0.003""","=""828.8710""","=""0.0005""","=""140""","=""""",,"=""97492.304""","=""[109556.9077]""","=""3""","=""""","=""""","=""30""","=""""","=""""",,"=""""","=""L7400c29""",
"=""829.458""","=""0.003""","=""829.4588""","=""0.0006""","=""170""","=""""",,"=""97492.304""","=""[109548.3584]""","=""3""","=""""","=""""","=""29""","=""""","=""""",,"=""""","=""L7400c29""",
"=""830.111""","=""0.003""","=""830.1116""","=""0.0006""","=""210""","=""""",,"=""97492.304""","=""[109538.8768]""","=""3""","=""""","=""""","=""28""","=""""","=""""",,"=""""","=""L7400c29""",
"=""830.838""","=""0.003""","=""830.8395""","=""0.0006""","=""250""","=""""",,"=""97492.304""","=""[109528.3223]""","=""3""","=""""","=""""","=""27""","=""""","=""""",,"=""""","=""L7400c29""",
"=""831.655""","=""0.003""","=""831.6546""","=""0.0006""","=""290""","=""""",,"=""97492.304""","=""[109516.5267]""","=""3""","=""""","=""""","=""26""","=""""","=""""",,"=""""","=""L7400c29""",
"=""832.571""","=""0.003""","=""832.5713""","=""0.0006""","=""290""","=""""",,"=""97492.304""","=""[109503.2875]""","=""3""","=""""","=""""","=""25""","=""""","=""""",,"=""""","=""L7400c29""",
"=""833.607""","=""0.003""","=""833.6074""","=""0.0006""","=""370""","=""""",,"=""97492.304""","=""[109488.3592]""","=""3""","=""""","=""""","=""24""","=""""","=""""",,"=""""","=""L7400c29""",
"=""834.783""","=""0.003""","=""834.7846""","=""0.0006""","=""500""","=""""",,"=""97492.304""","=""[109471.4416]""","=""3""","=""""","=""""","=""23""","=""""","=""""",,"=""""","=""L7400c29""",
"=""836.130""","=""0.003""","=""836.1301""","=""0.0006""","=""500""","=""""",,"=""97492.304""","=""[109452.1650]""","=""3""","=""""","=""""","=""22""","=""""","=""""",,"=""""","=""L7400c29""",
"=""837.678""","=""0.003""","=""837.6777""","=""0.0006""","=""600""","=""""",,"=""97492.304""","=""[109430.0696]""","=""3""","=""""","=""""","=""21""","=""""","=""""",,"=""""","=""L7400c29""",
"=""839.471""","=""0.003""","=""839.4703""","=""0.0006""","=""700""","=""1.5167e+03""",AAA,"=""97492.304""","=""[109404.5776]""","=""3""","=""""","=""""","=""20""","=""""","=""""",,"=""T8637""","=""L7400c29""",
"=""841.563""","=""0.003""","=""841.5630""","=""0.0006""","=""700""","=""1.9643e+03""",AAA,"=""97492.304""","=""[109374.9555]""","=""3""","=""""","=""""","=""19""","=""""","=""""",,"=""T8637""","=""L7400c29""",
"=""844.027""","=""0.003""","=""844.0274""","=""0.0006""","=""700""","=""2.5804e+03""",AAA,"=""97492.304""","=""[109340.2604]""","=""3""","=""""","=""""","=""18""","=""""","=""""",,"=""T8637""","=""L7400c29""",
"=""846.959""","=""0.003""","=""846.9581""","=""0.0006""","=""700""","=""3.4442e+03""",AAA,"=""97492.304""","=""[109299.2642]""","=""3""","=""""","=""""","=""17""","=""""","=""""",,"=""T8637""","=""L7400c29""",
"=""850.483""","=""0.003""","=""850.4819""","=""0.0006""","=""(1200)""","=""4.6801e+03""",AAA,"=""97492.304""","=""[109250.3433]""","=""3""","=""""","=""""","=""16""","=""""","=""""",,"=""T8637""","=""L7400c29""",
"=""854.773""","=""0.003""","=""854.7731""","=""0.0006""","=""(1400)""","=""6.4901e+03""",AAA,"=""97492.304""","=""[109191.3154]""","=""3""","=""""","=""""","=""15""","=""""","=""""",,"=""T8637""","=""L7400c29""",
"=""860.075""","=""0.003""","=""860.0754""","=""0.0006""","=""2300""","=""9.2117e+03""",AAA,"=""97492.304""","=""[109119.1917]""","=""3""","=""""","=""""","=""14""","=""""","=""""",,"=""T8637""","=""L7400c29""",
"=""866.740""","=""0.003""","=""866.7398""","=""0.0006""","=""(2200)""","=""1.3431e+04""",AAA,"=""97492.304""","=""[109029.7913]""","=""3""","=""""","=""""","=""13""","=""""","=""""",,"=""T8637""","=""L7400c29""",
"=""875.286""","=""0.003""","=""875.2876""","=""0.0005""","=""2200""","=""2.0207e+04""",AAA,"=""97492.304""","=""108917.1209""","=""3""","=""""","=""""","=""12""","=""""","=""""",,"=""T8637""","=""L7400c29""",
"=""886.532""","=""0.010""","=""886.5216""","=""0.0006""","=""(3600)""","=""3.1558e+04""",AAA,"=""97492.304""","=""108772.3445""","=""3""","=""""","=""""","=""11""","=""""","=""""",,"=""T8637""","=""L7400c29""",
"=""901.78""","=""0.10""","=""901.7384""","=""0.0007""","=""(4800)""","=""5.1558e+04""",AAA,"=""97492.304""","=""108581.9945""","=""3""","=""""","=""""","=""10""","=""""","=""""",,"=""T8637""","=""L7389""",
"=""923.22""","=""0.10""","=""923.1546""","=""0.0007""","=""(6500)""","=""8.9050e+04""",AAA,"=""97492.304""","=""108324.7253""","=""3""","=""""","=""""","=""9""","=""""","=""""",,"=""T8637""","=""L7389""",
"=""954.88""","=""0.10""","=""954.8588""","=""0.0006""","=""(9000)""","=""1.6506e+05""",AAA,"=""97492.304""","=""107965.0568""","=""3""","=""""","=""""","=""8""","=""""","=""""",,"=""T8637""","=""L7389""",
"=""1005.26""","=""0.10""","=""1005.2123""","=""0.0007""","=""(13000)""","=""3.3585e+05""",AAA,"=""97492.304""","=""107440.4508""","=""3""","=""""","=""""","=""7""","=""""","=""""",,"=""T8637""","=""L7389""",
"=""""","=""""","=""1094.0977868""","=""0.0000008""","=""""","=""1.5649e+06""",AAA,"=""97492.211200""","=""[106632.1620536]""","=""3p""","=""2P*""","=""1/2""","=""6d""","=""2D""","=""3/2""",,"=""T7771""","=""""",
"=""""","=""""","=""1094.0990411""","=""0.0000008""","=""""","=""9.5508e+05""",AAA,"=""97492.221701""","=""[106632.1620756]""","=""3s""","=""2S""","=""1/2""","=""6p""","=""2P*""","=""3/2""",,"=""T7771""","=""""",
"=""""","=""""","=""1094.0992486""","=""0.0000008""","=""""","=""1.6906e+05""",AAA,"=""97492.211200""","=""106632.1498416""","=""3p""","=""2P*""","=""1/2""","=""6s""","=""2S""","=""1/2""",,"=""T7771""","=""""",
"=""""","=""""","=""1094.1006633""","=""0.0000008""","=""""","=""9.5511e+05""",AAA,"=""97492.221701""","=""[106632.1485242]""","=""3s""","=""2S""","=""1/2""","=""6p""","=""2P*""","=""1/2""",,"=""T7771""","=""""",
"=""""","=""""","=""1094.1102026""","=""0.0000024""","=""""","=""2.0030e+06""",AAA,"=""97492.319433""","=""(106632.16656761)""","=""3d""","=""2D""","=""3/2""","=""6f""","=""2F*""","=""5/2""",,"=""T7771""","=""""",
"=""""","=""""","=""1094.1102236""","=""0.0000008""","=""""","=""1.8778e+06""",AAA,"=""97492.319611""","=""106632.1665697""","=""3p""","=""2P*""","=""3/2""","=""6d""","=""2D""","=""5/2""",,"=""T7771""","=""""",
"=""""","=""""","=""1094.1107403""","=""0.0000024""","=""""","=""7.8242e+03""",AAA,"=""97492.319433""","=""[106632.1620756]""","=""3d""","=""2D""","=""3/2""","=""6p""","=""2P*""","=""3/2""",,"=""T7771""","=""""",
"=""""","=""""","=""1094.1107643""","=""0.0000008""","=""""","=""3.1296e+05""",AAA,"=""97492.319611""","=""[106632.1620536]""","=""3p""","=""2P*""","=""3/2""","=""6d""","=""2D""","=""3/2""",,"=""T7771""","=""""",
"=""""","=""""","=""1094.1122261""","=""0.0000008""","=""""","=""3.3815e+05""",AAA,"=""97492.319611""","=""106632.1498416""","=""3p""","=""2P*""","=""3/2""","=""6s""","=""2S""","=""1/2""",,"=""T7771""","=""""",
"=""""","=""""","=""1094.1123625""","=""0.0000024""","=""""","=""7.8253e+04""",AAA,"=""97492.319433""","=""[106632.1485242]""","=""3d""","=""2D""","=""3/2""","=""6p""","=""2P*""","=""1/2""",,"=""T7771""","=""""",
"=""""","=""""","=""1094.1142576""","=""0.0000008""","=""""","=""2.1460e+06""",AAA,"=""97492.355566""","=""(106632.16882614)""","=""3d""","=""2D""","=""5/2""","=""6f""","=""2F*""","=""7/2""",,"=""T7771""","=""""",
"=""""","=""""","=""1094.1145280""","=""0.0000008""","=""""","=""1.4307e+05""",AAA,"=""97492.355566""","=""(106632.16656761)""","=""3d""","=""2D""","=""5/2""","=""6f""","=""2F*""","=""5/2""",,"=""T7771""","=""""",
"=""""","=""""","=""1094.1150657""","=""0.0000008""","=""""","=""7.0421e+04""",AAA,"=""97492.355566""","=""[106632.1620756]""","=""3d""","=""2D""","=""5/2""","=""6p""","=""2P*""","=""3/2""",,"=""T7771""","=""""",
"=""1094.117""","=""0.013""","=""1094.1082""","=""0.0010""","=""14000""","=""7.7829e+05""",AAA,"=""97492.304""","=""106632.1681""","=""3""","=""""","=""""","=""6""","=""""","=""""",,"=""T8637""","=""L7421""",
"=""""","=""""","=""1282.143203""","=""0.000004""","=""""","=""2.8263e+06""",AAA,"=""97492.211200""","=""105291.651993""","=""3p""","=""2P*""","=""1/2""","=""5d""","=""2D""","=""3/2""",,"=""T7771""","=""""",
"=""""","=""""","=""1282.144913""","=""0.000007""","=""""","=""1.6377e+06""",AAA,"=""97492.221701""","=""105291.65209""","=""3s""","=""2S""","=""1/2""","=""5p""","=""2P*""","=""3/2""",,"=""T7771""","=""""",
"=""""","=""""","=""1282.146664""","=""0.000007""","=""""","=""3.0157e+05""",AAA,"=""97492.211200""","=""[105291.63094]""","=""3p""","=""2P*""","=""1/2""","=""5s""","=""2S""","=""1/2""",,"=""T7771""","=""""",
"=""""","=""""","=""1282.148763""","=""0.000007""","=""""","=""1.6378e+06""",AAA,"=""97492.221701""","=""105291.62867""","=""3s""","=""2S""","=""1/2""","=""5p""","=""2P*""","=""1/2""",,"=""T7771""","=""""",
"=""1282.1578""","=""0.0008""","=""1282.1576""","=""0.0010""","=""32000""","=""2.2008e+06""",AAA,"=""97492.304""","=""105291.657""","=""3""","=""""","=""""","=""5""","=""""","=""""",,"=""T8637""","=""L7421""",
"=""""","=""""","=""1282.159706""","=""0.000003""","=""""","=""4.2394e+06""",AAA,"=""97492.319433""","=""(105291.65983494)""","=""3d""","=""2D""","=""3/2""","=""5f""","=""2F*""","=""5/2""",,"=""T7771""","=""""",
"=""""","=""""","=""1282.159742""","=""0.000004""","=""""","=""3.3915e+06""",AAA,"=""97492.319611""","=""[105291.659796]""","=""3p""","=""2P*""","=""3/2""","=""5d""","=""2D""","=""5/2""",,"=""T7771""","=""""",
"=""""","=""""","=""1282.160980""","=""0.000007""","=""""","=""1.4954e+04""",AAA,"=""97492.319433""","=""105291.65209""","=""3d""","=""2D""","=""3/2""","=""5p""","=""2P*""","=""3/2""",,"=""T7771""","=""""",
"=""""","=""""","=""1282.161025""","=""0.000004""","=""""","=""5.6525e+05""",AAA,"=""97492.319611""","=""105291.651993""","=""3p""","=""2P*""","=""3/2""","=""5d""","=""2D""","=""3/2""",,"=""T7771""","=""""",
"=""""","=""""","=""1282.164486""","=""0.000007""","=""""","=""6.0320e+05""",AAA,"=""97492.319611""","=""[105291.63094]""","=""3p""","=""2P*""","=""3/2""","=""5s""","=""2S""","=""1/2""",,"=""T7771""","=""""",
"=""""","=""""","=""1282.164830""","=""0.000007""","=""""","=""1.4956e+05""",AAA,"=""97492.319433""","=""105291.62867""","=""3d""","=""2D""","=""3/2""","=""5p""","=""2P*""","=""1/2""",,"=""T7771""","=""""",
"=""""","=""""","=""1282.165011""","=""0.000008""","=""""","=""4.5421e+06""",AAA,"=""97492.355566""","=""105291.66370""","=""3d""","=""2D""","=""5/2""","=""5f""","=""2F*""","=""7/2""",,"=""T7771""","=""""",
"=""""","=""""","=""1282.1656465""","=""0.0000012""","=""""","=""3.0281e+05""",AAA,"=""97492.355566""","=""(105291.65983494)""","=""3d""","=""2D""","=""5/2""","=""5f""","=""2F*""","=""5/2""",,"=""T7771""","=""""",
"=""""","=""""","=""1282.166920""","=""0.000007""","=""""","=""1.3459e+05""",AAA,"=""97492.355566""","=""105291.65209""","=""3d""","=""2D""","=""5/2""","=""5p""","=""2P*""","=""3/2""",,"=""T7771""","=""""",
"=""""","=""""","=""1519.6013""","=""0.0009""","=""""","=""1.1784e+03""",AAA,"=""102823.904""","=""[109404.5776]""","=""4""","=""""","=""""","=""20""","=""""","=""""",,"=""T8637""","=""""",
"=""""","=""""","=""1526.4725""","=""0.0009""","=""""","=""1.5289e+03""",AAA,"=""102823.904""","=""[109374.9555]""","=""4""","=""""","=""""","=""19""","=""""","=""""",,"=""T8637""","=""""",
"=""""","=""""","=""1534.5999""","=""0.0009""","=""""","=""2.0128e+03""",AAA,"=""102823.904""","=""[109340.2604]""","=""4""","=""""","=""""","=""18""","=""""","=""""",,"=""T8637""","=""""",
"=""""","=""""","=""1544.3156""","=""0.0010""","=""""","=""2.6935e+03""",AAA,"=""102823.904""","=""[109299.2642]""","=""4""","=""""","=""""","=""17""","=""""","=""""",,"=""T8637""","=""""",
"=""1556.046""","=""0.006""","=""1556.0716""","=""0.0015""","=""800""","=""3.6714e+03""",AAA,"=""102823.904""","=""[109250.3433]""","=""4""","=""""","=""""","=""16""","=""""","=""""",,"=""T8637""","=""L7421c31""",
"=""""","=""""","=""1570.4969""","=""0.0015""","=""(800)""","=""5.1106e+03""",AAA,"=""102823.904""","=""[109191.3154]""","=""4""","=""""","=""""","=""15""","=""""","=""""",,"=""T8637""","=""""",
"=""""","=""""","=""1588.4898""","=""0.0013""","=""(1000)""","=""7.2879e+03""",AAA,"=""102823.904""","=""[109119.1917]""","=""4""","=""""","=""""","=""14""","=""""","=""""",,"=""T8637""","=""""",
"=""""","=""""","=""1611.3731""","=""0.0013""","=""(1200)""","=""1.0689e+04""",AAA,"=""102823.904""","=""[109029.7913]""","=""4""","=""""","=""""","=""13""","=""""","=""""",,"=""T8637""","=""""",
"=""1641.136""","=""0.013""","=""1641.1692""","=""0.0016""","=""1400""","=""1.6205e+04""",AAA,"=""102823.904""","=""108917.1209""","=""4""","=""""","=""""","=""12""","=""""","=""""",,"=""T8637""","=""L7421c31""",
"=""1681.110""","=""0.003""","=""1681.1129""","=""0.0017""","=""1600""","=""2.5565e+04""",AAA,"=""102823.904""","=""108772.3445""","=""4""","=""""","=""""","=""11""","=""""","=""""",,"=""T8637""","=""L7421""",
"=""1736.6885""","=""0.0021""","=""1736.6868""","=""0.0018""","=""3100""","=""4.2347e+04""",AAA,"=""102823.904""","=""108581.9945""","=""4""","=""""","=""""","=""10""","=""""","=""""",,"=""T8637""","=""L7421""",
"=""1817.920""","=""0.004""","=""1817.9104""","=""0.0020""","=""2800""","=""7.4593e+04""",AAA,"=""102823.904""","=""108324.7253""","=""4""","=""""","=""""","=""9""","=""""","=""""",,"=""T8637""","=""L7421c31""",
"=""""","=""""","=""1875.580357""","=""0.000004""","=""""","=""5.8647e+06""",AAA,"=""97492.211200""","=""102823.894250""","=""3p""","=""2P*""","=""1/2""","=""4d""","=""2D""","=""3/2""",,"=""T7771""","=""""",
"=""""","=""""","=""1875.5840276""","=""0.0000025""","=""""","=""3.0650e+06""",AAA,"=""97492.221701""","=""102823.8943175""","=""3s""","=""2S""","=""1/2""","=""4p""","=""2P*""","=""3/2""",,"=""T7771""","=""""",
"=""""","=""""","=""1875.5948609""","=""0.0000025""","=""""","=""6.1182e+05""",AAA,"=""97492.211200""","=""102823.8530211""","=""3p""","=""2P*""","=""1/2""","=""4s""","=""2S""","=""1/2""",,"=""T7771""","=""""",
"=""""","=""""","=""1875.6001165""","=""0.0000025""","=""""","=""3.0652e+06""",AAA,"=""97492.221701""","=""102823.8485825""","=""3s""","=""2S""","=""1/2""","=""4p""","=""2P*""","=""1/2""",,"=""T7771""","=""""",
"=""""","=""""","=""1875.613071""","=""0.000018""","=""""","=""1.2869e+07""",AAA,"=""97492.319433""","=""102823.90949""","=""3d""","=""2D""","=""3/2""","=""4f""","=""2F*""","=""5/2""",,"=""T7771""","=""""",
"=""""","=""""","=""1875.6131346""","=""0.0000025""","=""""","=""7.0376e+06""",AAA,"=""97492.319611""","=""102823.9094871""","=""3p""","=""2P*""","=""3/2""","=""4d""","=""2D""","=""5/2""",,"=""T7771""","=""""",
"=""""","=""""","=""1875.618409""","=""0.000007""","=""""","=""3.4754e+04""",AAA,"=""97492.319433""","=""102823.8943175""","=""3d""","=""2D""","=""3/2""","=""4p""","=""2P*""","=""3/2""",,"=""T7771""","=""""",
"=""""","=""""","=""1875.618495""","=""0.000004""","=""""","=""1.1729e+06""",AAA,"=""97492.319611""","=""102823.894250""","=""3p""","=""2P*""","=""3/2""","=""4d""","=""2D""","=""3/2""",,"=""T7771""","=""""",
"=""""","=""""","=""1875.623108""","=""0.000005""","=""""","=""1.3788e+07""",AAA,"=""97492.355566""","=""102823.917091""","=""3d""","=""2D""","=""5/2""","=""4f""","=""2F*""","=""7/2""",,"=""T7771""","=""""",
"=""""","=""""","=""1875.625782""","=""0.000018""","=""""","=""9.1919e+05""",AAA,"=""97492.355566""","=""102823.90949""","=""3d""","=""2D""","=""5/2""","=""4f""","=""2F*""","=""5/2""",,"=""T7771""","=""""",
"=""""","=""""","=""1875.6311200""","=""0.0000025""","=""""","=""3.1280e+05""",AAA,"=""97492.355566""","=""102823.8943175""","=""3d""","=""2D""","=""5/2""","=""4p""","=""2P*""","=""3/2""",,"=""T7771""","=""""",
"=""""","=""""","=""1875.6329991""","=""0.0000025""","=""""","=""1.2238e+06""",AAA,"=""97492.319611""","=""102823.8530211""","=""3p""","=""2P*""","=""3/2""","=""4s""","=""2S""","=""1/2""",,"=""T7771""","=""""",
"=""""","=""""","=""1875.634498""","=""0.000007""","=""""","=""3.4759e+05""",AAA,"=""97492.319433""","=""102823.8485825""","=""3d""","=""2D""","=""3/2""","=""4p""","=""2P*""","=""1/2""",,"=""T7771""","=""""",
"=""1875.64""","=""0.10""","=""1875.6096""","=""0.0025""","=""(51000)""","=""8.9860e+06""",AAA,"=""97492.304""","=""102823.904""","=""3""","=""""","=""""","=""4""","=""""","=""""",,"=""T8637""","=""L4812""",
"=""""","=""""","=""1945.0890""","=""0.0023""","=""(4500)""","=""1.4242e+05""",AAA,"=""102823.904""","=""107965.0568""","=""4""","=""""","=""""","=""8""","=""""","=""""",,"=""T8637""","=""""",
"=""2166.1178""","=""0.0023""","=""2166.121""","=""0.003""","=""8000""","=""3.0415e+05""",AAA,"=""102823.904""","=""107440.4508""","=""4""","=""""","=""""","=""7""","=""""","=""""",,"=""T8637""","=""L7421""",
"=""""","=""""","=""2431.362""","=""0.003""","=""""","=""9.7511e+02""",AAA,"=""105291.657""","=""[109404.5776]""","=""5""","=""""","=""""","=""20""","=""""","=""""",,"=""T8637""","=""""",
"=""""","=""""","=""2449.000""","=""0.003""","=""""","=""1.2683e+03""",AAA,"=""105291.657""","=""[109374.9555]""","=""5""","=""""","=""""","=""19""","=""""","=""""",,"=""T8637""","=""""",
"=""""","=""""","=""2469.988""","=""0.003""","=""""","=""1.6747e+03""",AAA,"=""105291.657""","=""[109340.2604]""","=""5""","=""""","=""""","=""18""","=""""","=""""",,"=""T8637""","=""""",
"=""""","=""""","=""2495.2545""","=""0.0025""","=""""","=""2.2490e+03""",AAA,"=""105291.657""","=""[109299.2642]""","=""5""","=""""","=""""","=""17""","=""""","=""""",,"=""T8637""","=""""",
"=""""","=""""","=""2526.091""","=""0.004""","=""(400)""","=""3.0788e+03""",AAA,"=""105291.657""","=""[109250.3433]""","=""5""","=""""","=""""","=""16""","=""""","=""""",,"=""T8637""","=""""",
"=""""","=""""","=""2564.327""","=""0.005""","=""(480)""","=""4.3084e+03""",AAA,"=""105291.657""","=""[109191.3154]""","=""5""","=""""","=""""","=""15""","=""""","=""""",,"=""T8637""","=""""",
"=""""","=""""","=""2612.648""","=""0.004""","=""(580)""","=""6.1848e+03""",AAA,"=""105291.657""","=""[109119.1917]""","=""5""","=""""","=""""","=""14""","=""""","=""""",,"=""T8637""","=""""",
"=""""","=""""","=""2625.8342639""","=""0.0000010""","=""""","=""7.1849e+05""",AAA,"=""102823.8485825""","=""[106632.1620536]""","=""4p""","=""2P*""","=""1/2""","=""6d""","=""2D""","=""3/2""",,"=""T7771""","=""""",
"=""""","=""""","=""2625.8373091""","=""0.0000007""","=""""","=""4.4561e+05""",AAA,"=""102823.8530211""","=""[106632.1620756]""","=""4s""","=""2S""","=""1/2""","=""6p""","=""2P*""","=""3/2""",,"=""T7771""","=""""",
"=""""","=""""","=""2625.8426841""","=""0.0000006""","=""""","=""1.1942e+05""",AAA,"=""102823.8485825""","=""106632.1498416""","=""4p""","=""2P*""","=""1/2""","=""6s""","=""2S""","=""1/2""",,"=""T7771""","=""""",
"=""""","=""""","=""2625.8466529""","=""0.0000007""","=""""","=""4.4563e+05""",AAA,"=""102823.8530211""","=""[106632.1485242]""","=""4s""","=""2S""","=""1/2""","=""6p""","=""2P*""","=""1/2""",,"=""T7771""","=""""",
"=""""","=""""","=""2625.862640""","=""0.000006""","=""""","=""1.2012e+06""",AAA,"=""102823.894250""","=""(106632.16656761)""","=""4d""","=""2D""","=""3/2""","=""6f""","=""2F*""","=""5/2""",,"=""T7771""","=""""",
"=""""","=""""","=""2625.8626846""","=""0.0000007""","=""""","=""8.6219e+05""",AAA,"=""102823.8943175""","=""106632.1665697""","=""4p""","=""2P*""","=""3/2""","=""6d""","=""2D""","=""5/2""",,"=""T7771""","=""""",
"=""""","=""""","=""2625.865737""","=""0.000006""","=""""","=""9.4169e+03""",AAA,"=""102823.894250""","=""[106632.1620756]""","=""4d""","=""2D""","=""3/2""","=""6p""","=""2P*""","=""3/2""",,"=""T7771""","=""""",
"=""""","=""""","=""2625.8657986""","=""0.0000007""","=""""","=""1.4370e+05""",AAA,"=""102823.8943175""","=""[106632.1620536]""","=""4p""","=""2P*""","=""3/2""","=""6d""","=""2D""","=""3/2""",,"=""T7771""","=""""",
"=""2625.871""","=""0.021""","=""2625.868""","=""0.004""","=""(9000)""","=""7.7110e+05""",AAA,"=""102823.904""","=""106632.1681""","=""4""","=""""","=""""","=""6""","=""""","=""""",,"=""T8637""","=""L7452""",
"=""""","=""""","=""2625.8715885""","=""0.0000007""","=""""","=""1.2870e+06""",AAA,"=""102823.9094871""","=""(106632.16882614)""","=""4d""","=""2D""","=""5/2""","=""6f""","=""2F*""","=""7/2""",,"=""T7771""","=""""",
"=""""","=""""","=""2625.87159""","=""0.00003""","=""""","=""1.3238e+06""",AAA,"=""102823.90949""","=""(106632.16882188)""","=""4f""","=""2F*""","=""5/2""","=""6g""","=""2G""","=""7/2""",,"=""T7771""","=""""",
"=""""","=""""","=""2625.8731458""","=""0.0000007""","=""""","=""8.5799e+04""",AAA,"=""102823.9094871""","=""(106632.16656761)""","=""4d""","=""2D""","=""5/2""","=""6f""","=""2F*""","=""5/2""",,"=""T7771""","=""""",
"=""""","=""""","=""2625.87315""","=""0.00003""","=""""","=""1.0214e+03""",AAA,"=""102823.90949""","=""106632.1665697""","=""4f""","=""2F*""","=""5/2""","=""6d""","=""2D""","=""5/2""",,"=""T7771""","=""""",
"=""""","=""""","=""2625.8742190""","=""0.0000007""","=""""","=""2.3885e+05""",AAA,"=""102823.8943175""","=""106632.1498416""","=""4p""","=""2P*""","=""3/2""","=""6s""","=""2S""","=""1/2""",,"=""T7771""","=""""",
"=""""","=""""","=""2625.875081""","=""0.000006""","=""""","=""9.4181e+04""",AAA,"=""102823.894250""","=""[106632.1485242]""","=""4d""","=""2D""","=""3/2""","=""6p""","=""2P*""","=""1/2""",,"=""T7771""","=""""",
"=""""","=""""","=""2625.875900""","=""0.000009""","=""""","=""1.3728e+06""",AAA,"=""102823.917091""","=""(106632.17017701)""","=""4f""","=""2F*""","=""7/2""","=""6g""","=""2G""","=""9/2""",,"=""T7771""","=""""",
"=""""","=""""","=""2625.8762431""","=""0.0000007""","=""""","=""8.4755e+04""",AAA,"=""102823.9094871""","=""[106632.1620756]""","=""4d""","=""2D""","=""5/2""","=""6p""","=""2P*""","=""3/2""",,"=""T7771""","=""""",
"=""""","=""""","=""2625.87626""","=""0.00003""","=""""","=""2.1451e+04""",AAA,"=""102823.90949""","=""[106632.1620536]""","=""4f""","=""2F*""","=""5/2""","=""6d""","=""2D""","=""3/2""",,"=""T7771""","=""""",
"=""""","=""""","=""2625.876834""","=""0.000009""","=""""","=""4.9028e+04""",AAA,"=""102823.917091""","=""(106632.16882188)""","=""4f""","=""2F*""","=""7/2""","=""6g""","=""2G""","=""7/2""",,"=""T7771""","=""""",
"=""""","=""""","=""2625.878387""","=""0.000009""","=""""","=""2.0429e+04""",AAA,"=""102823.917091""","=""106632.1665697""","=""4f""","=""2F*""","=""7/2""","=""6d""","=""2D""","=""5/2""",,"=""T7771""","=""""",
"=""""","=""""","=""2675.131""","=""0.004""","=""(700)""","=""9.1481e+03""",AAA,"=""105291.657""","=""[109029.7913]""","=""5""","=""""","=""""","=""13""","=""""","=""""",,"=""T8637""","=""""",
"=""""","=""""","=""2758.268""","=""0.005""","=""(900)""","=""1.4024e+04""",AAA,"=""105291.657""","=""108917.1209""","=""5""","=""""","=""""","=""12""","=""""","=""""",,"=""T8637""","=""""",
"=""""","=""""","=""2872.996""","=""0.006""","=""(1100)""","=""2.2460e+04""",AAA,"=""105291.657""","=""108772.3445""","=""5""","=""""","=""""","=""11""","=""""","=""""",,"=""T8637""","=""""",
"=""""","=""""","=""3039.202""","=""0.006""","=""(1400)""","=""3.7999e+04""",AAA,"=""105291.657""","=""108581.9945""","=""5""","=""""","=""""","=""10""","=""""","=""""",,"=""T8637""","=""""",
"=""3296.98""","=""0.22""","=""3296.991""","=""0.007""","=""(1800)""","=""6.9078e+04""",AAA,"=""105291.657""","=""108324.7253""","=""5""","=""""","=""""","=""9""","=""""","=""""",,"=""T8637""","=""L7452""",
"=""""","=""""","=""3606.9708""","=""0.0025""","=""""","=""8.4239e+02""",AAA,"=""106632.1681""","=""[109404.5776]""","=""6""","=""""","=""""","=""20""","=""""","=""""",,"=""T8637""","=""""",
"=""""","=""""","=""3645.926""","=""0.003""","=""""","=""1.0993e+03""",AAA,"=""106632.1681""","=""[109374.9555]""","=""6""","=""""","=""""","=""19""","=""""","=""""",,"=""T8637""","=""""",
"=""""","=""""","=""3692.636""","=""0.003""","=""""","=""1.4571e+03""",AAA,"=""106632.1681""","=""[109340.2604]""","=""6""","=""""","=""""","=""18""","=""""","=""""",,"=""T8637""","=""""",
"=""3740.576""","=""0.017""","=""3740.555""","=""0.008""","=""2500""","=""1.3877e+05""",AAA,"=""105291.657""","=""107965.0568""","=""5""","=""""","=""""","=""8""","=""""","=""""",,"=""T8637""","=""L7421""",
"=""""","=""""","=""3749.396""","=""0.003""","=""""","=""1.9660e+03""",AAA,"=""106632.1681""","=""[109299.2642]""","=""6""","=""""","=""""","=""17""","=""""","=""""",,"=""T8637""","=""""",
"=""""","=""""","=""3819.454""","=""0.004""","=""(140)""","=""2.7068e+03""",AAA,"=""106632.1681""","=""[109250.3433]""","=""6""","=""""","=""""","=""16""","=""""","=""""",,"=""T8637""","=""""",
"=""""","=""""","=""3907.552""","=""0.005""","=""(170)""","=""3.8151e+03""",AAA,"=""106632.1681""","=""[109191.3154]""","=""6""","=""""","=""""","=""15""","=""""","=""""",,"=""T8637""","=""""",
"=""""","=""""","=""4020.871""","=""0.004""","=""(200)""","=""5.5265e+03""",AAA,"=""106632.1681""","=""[109119.1917]""","=""6""","=""""","=""""","=""14""","=""""","=""""",,"=""T8637""","=""""",
"=""""","=""""","=""4052.18664""","=""0.00004""","=""""","=""1.2381e+06""",AAA,"=""102823.8485825""","=""105291.651993""","=""4p""","=""2P*""","=""1/2""","=""5d""","=""2D""","=""3/2""",,"=""T7771""","=""""",
"=""""","=""""","=""4052.19376""","=""0.00007""","=""""","=""7.3716e+05""",AAA,"=""102823.8530211""","=""105291.65209""","=""4s""","=""2S""","=""1/2""","=""5p""","=""2P*""","=""3/2""",,"=""T7771""","=""""",
"=""""","=""""","=""4052.22121""","=""0.00007""","=""""","=""2.1503e+05""",AAA,"=""102823.8485825""","=""[105291.63094]""","=""4p""","=""2P*""","=""1/2""","=""5s""","=""2S""","=""1/2""",,"=""T7771""","=""""",
"=""""","=""""","=""4052.23222""","=""0.00007""","=""""","=""7.3721e+05""",AAA,"=""102823.8530211""","=""105291.62867""","=""4s""","=""2S""","=""1/2""","=""5p""","=""2P*""","=""1/2""",,"=""T7771""","=""""",
"=""""","=""""","=""4052.248747""","=""0.000013""","=""""","=""2.4121e+06""",AAA,"=""102823.894250""","=""(105291.65983494)""","=""4d""","=""2D""","=""3/2""","=""5f""","=""2F*""","=""5/2""",,"=""T7771""","=""""",
"=""""","=""""","=""4052.24892""","=""0.00004""","=""""","=""1.4858e+06""",AAA,"=""102823.8943175""","=""[105291.659796]""","=""4p""","=""2P*""","=""3/2""","=""5d""","=""2D""","=""5/2""",,"=""T7771""","=""""",
"=""""","=""""","=""4052.26147""","=""0.00007""","=""""","=""1.8846e+04""",AAA,"=""102823.894250""","=""105291.65209""","=""4d""","=""2D""","=""3/2""","=""5p""","=""2P*""","=""3/2""",,"=""T7771""","=""""",
"=""""","=""""","=""4052.26174""","=""0.00004""","=""""","=""2.4763e+05""",AAA,"=""102823.8943175""","=""105291.651993""","=""4p""","=""2P*""","=""3/2""","=""5d""","=""2D""","=""3/2""",,"=""T7771""","=""""",
"=""""","=""""","=""4052.26738""","=""0.00008""","=""""","=""4.1023e+06""",AAA,"=""102823.90949""","=""(105291.66373033)""","=""4f""","=""2F*""","=""5/2""","=""5g""","=""2G""","=""7/2""",,"=""T7771""","=""""",
"=""""","=""""","=""4052.26742""","=""0.00008""","=""""","=""2.5844e+06""",AAA,"=""102823.9094871""","=""105291.66370""","=""4d""","=""2D""","=""5/2""","=""5f""","=""2F*""","=""7/2""",,"=""T7771""","=""""",
"=""""","=""""","=""4052.2737678""","=""0.0000016""","=""""","=""1.7229e+05""",AAA,"=""102823.9094871""","=""(105291.65983494)""","=""4d""","=""2D""","=""5/2""","=""5f""","=""2F*""","=""5/2""",,"=""T7771""","=""""",
"=""""","=""""","=""4052.27384""","=""0.00010""","=""""","=""2.4037e+03""",AAA,"=""102823.90949""","=""[105291.659796]""","=""4f""","=""2F*""","=""5/2""","=""5d""","=""2D""","=""5/2""",,"=""T7771""","=""""",
"=""""","=""""","=""4052.276012""","=""0.000021""","=""""","=""4.2542e+06""",AAA,"=""102823.917091""","=""(105291.66607200)""","=""4f""","=""2F*""","=""7/2""","=""5g""","=""2G""","=""9/2""",,"=""T7771""","=""""",
"=""4052.279""","=""0.008""","=""4052.269""","=""0.010""","=""11000""","=""2.6993e+06""",AAA,"=""102823.904""","=""105291.657""","=""4""","=""""","=""""","=""5""","=""""","=""""",,"=""T8637""","=""L7421""",
"=""""","=""""","=""4052.279858""","=""0.000021""","=""""","=""1.5193e+05""",AAA,"=""102823.917091""","=""(105291.66373033)""","=""4f""","=""2F*""","=""7/2""","=""5g""","=""2G""","=""7/2""",,"=""T7771""","=""""",
"=""""","=""""","=""4052.28632""","=""0.00005""","=""""","=""4.8075e+04""",AAA,"=""102823.917091""","=""[105291.659796]""","=""4f""","=""2F*""","=""7/2""","=""5d""","=""2D""","=""5/2""",,"=""T7771""","=""""",
"=""""","=""""","=""4052.28649""","=""0.00007""","=""""","=""1.6962e+05""",AAA,"=""102823.9094871""","=""105291.65209""","=""4d""","=""2D""","=""5/2""","=""5p""","=""2P*""","=""3/2""",,"=""T7771""","=""""",
"=""""","=""""","=""4052.28665""","=""0.00010""","=""""","=""5.0480e+04""",AAA,"=""102823.90949""","=""105291.651993""","=""4f""","=""2F*""","=""5/2""","=""5d""","=""2D""","=""3/2""",,"=""T7771""","=""""",
"=""""","=""""","=""4052.29631""","=""0.00007""","=""""","=""4.3010e+05""",AAA,"=""102823.8943175""","=""[105291.63094]""","=""4p""","=""2P*""","=""3/2""","=""5s""","=""2S""","=""1/2""",,"=""T7771""","=""""",
"=""""","=""""","=""4052.29992""","=""0.00007""","=""""","=""1.8849e+05""",AAA,"=""102823.894250""","=""105291.62867""","=""4d""","=""2D""","=""3/2""","=""5p""","=""2P*""","=""1/2""",,"=""T7771""","=""""",
"=""""","=""""","=""4170.797""","=""0.005""","=""(240)""","=""8.2716e+03""",AAA,"=""106632.1681""","=""[109029.7913]""","=""6""","=""""","=""""","=""13""","=""""","=""""",,"=""T8637""","=""""",
"=""""","=""""","=""4376.458""","=""0.004""","=""(300)""","=""1.2884e+04""",AAA,"=""106632.1681""","=""108917.1209""","=""6""","=""""","=""""","=""12""","=""""","=""""",,"=""T8637""","=""""",
"=""4653.78""","=""0.03""","=""4653.774""","=""0.013""","=""4200""","=""3.2528e+05""",AAA,"=""105291.657""","=""107440.4508""","=""5""","=""""","=""""","=""7""","=""""","=""""",,"=""T8637""","=""L7421""",
"=""""","=""""","=""4672.512""","=""0.005""","=""(370)""","=""2.1096e+04""",AAA,"=""106632.1681""","=""108772.3445""","=""6""","=""""","=""""","=""11""","=""""","=""""",,"=""T8637""","=""""",
"=""""","=""""","=""5091.321""","=""0.004""","=""""","=""7.5169e+02""",AAA,"=""107440.4508""","=""[109404.5776]""","=""7""","=""""","=""""","=""20""","=""""","=""""",,"=""T8637""","=""""",
"=""5128.65""","=""0.08""","=""5128.662""","=""0.006""","=""(450)""","=""3.6881e+04""",AAA,"=""106632.1681""","=""108581.9945""","=""6""","=""""","=""""","=""10""","=""""","=""""",,"=""T8637""","=""L7452""",
"=""""","=""""","=""5169.282""","=""0.004""","=""""","=""9.8498e+02""",AAA,"=""107440.4508""","=""[109374.9555]""","=""7""","=""""","=""""","=""19""","=""""","=""""",,"=""T8637""","=""""",
"=""""","=""""","=""5263.685""","=""0.004""","=""""","=""1.3121e+03""",AAA,"=""107440.4508""","=""[109340.2604]""","=""7""","=""""","=""""","=""18""","=""""","=""""",,"=""T8637""","=""""",
"=""""","=""""","=""5379.776""","=""0.004""","=""""","=""1.7812e+03""",AAA,"=""107440.4508""","=""[109299.2642]""","=""7""","=""""","=""""","=""17""","=""""","=""""",,"=""T8637""","=""""",
"=""""","=""""","=""5525.190""","=""0.006""","=""(150)""","=""2.4709e+03""",AAA,"=""107440.4508""","=""[109250.3433]""","=""7""","=""""","=""""","=""16""","=""""","=""""",,"=""T8637""","=""""",
"=""""","=""""","=""5711.464""","=""0.006""","=""(180)""","=""3.5158e+03""",AAA,"=""107440.4508""","=""[109191.3154]""","=""7""","=""""","=""""","=""15""","=""""","=""""",,"=""T8637""","=""""",
"=""""","=""""","=""5908.220""","=""0.008""","=""(540)""","=""7.0652e+04""",AAA,"=""106632.1681""","=""108324.7253""","=""6""","=""""","=""""","=""9""","=""""","=""""",,"=""T8637""","=""""",
"=""""","=""""","=""5956.845""","=""0.006""","=""(210)""","=""5.1562e+03""",AAA,"=""107440.4508""","=""[109119.1917]""","=""7""","=""""","=""""","=""14""","=""""","=""""",,"=""T8637""","=""""",
"=""""","=""""","=""6291.918""","=""0.007""","=""(250)""","=""7.8457e+03""",AAA,"=""107440.4508""","=""[109029.7913]""","=""7""","=""""","=""""","=""13""","=""""","=""""",,"=""T8637""","=""""",
"=""""","=""""","=""6771.993""","=""0.006""","=""(300)""","=""1.2503e+04""",AAA,"=""107440.4508""","=""108917.1209""","=""7""","=""""","=""""","=""12""","=""""","=""""",,"=""T8637""","=""""",
"=""""","=""""","=""6946.756""","=""0.006""","=""""","=""6.8858e+02""",AAA,"=""107965.0568""","=""[109404.5776]""","=""8""","=""""","=""""","=""20""","=""""","=""""",,"=""T8637""","=""""",
"=""""","=""""","=""7092.708""","=""0.006""","=""""","=""9.0700e+02""",AAA,"=""107965.0568""","=""[109374.9555]""","=""8""","=""""","=""""","=""19""","=""""","=""""",,"=""T8637""","=""""",
"=""""","=""""","=""7271.651""","=""0.006""","=""""","=""1.2159e+03""",AAA,"=""107965.0568""","=""[109340.2604]""","=""8""","=""""","=""""","=""18""","=""""","=""""",,"=""T8637""","=""""",
"=""""","=""""","=""7459.71725""","=""0.00022""","=""""","=""3.7456e+05""",AAA,"=""105291.62867""","=""[106632.1620536]""","=""5p""","=""2P*""","=""1/2""","=""6d""","=""2D""","=""3/2""",,"=""T7771""","=""""",
"=""""","=""""","=""7459.72976""","=""0.00022""","=""""","=""2.4295e+05""",AAA,"=""[105291.63094]""","=""[106632.1620756]""","=""5s""","=""2S""","=""1/2""","=""6p""","=""2P*""","=""3/2""",,"=""T7771""","=""""",
"=""""","=""""","=""7459.78520""","=""0.00022""","=""""","=""8.9393e+04""",AAA,"=""105291.62867""","=""106632.1498416""","=""5p""","=""2P*""","=""1/2""","=""6s""","=""2S""","=""1/2""",,"=""T7771""","=""""",
"=""""","=""""","=""7459.80517""","=""0.00022""","=""""","=""2.4296e+05""",AAA,"=""[105291.63094]""","=""[106632.1485242]""","=""5s""","=""2S""","=""1/2""","=""6p""","=""2P*""","=""1/2""",,"=""T7771""","=""""",
"=""""","=""""","=""7459.82191""","=""0.00013""","=""""","=""6.7504e+05""",AAA,"=""105291.651993""","=""(106632.16656761)""","=""5d""","=""2D""","=""3/2""","=""6f""","=""2F*""","=""5/2""",,"=""T7771""","=""""",
"=""""","=""""","=""7459.82244""","=""0.00022""","=""""","=""4.4948e+05""",AAA,"=""105291.65209""","=""106632.1665697""","=""5p""","=""2P*""","=""3/2""","=""6d""","=""2D""","=""5/2""",,"=""T7771""","=""""",
"=""""","=""""","=""7459.84691""","=""0.00013""","=""""","=""9.5934e+03""",AAA,"=""105291.651993""","=""[106632.1620756]""","=""5d""","=""2D""","=""3/2""","=""6p""","=""2P*""","=""3/2""",,"=""T7771""","=""""",
"=""""","=""""","=""7459.84757""","=""0.00022""","=""""","=""7.4915e+04""",AAA,"=""105291.65209""","=""[106632.1620536]""","=""5p""","=""2P*""","=""3/2""","=""6d""","=""2D""","=""3/2""",,"=""T7771""","=""""",
"=""""","=""""","=""7459.85277""","=""0.00013""","=""""","=""7.2326e+05""",AAA,"=""[105291.659796]""","=""(106632.16882614)""","=""5d""","=""2D""","=""5/2""","=""6f""","=""2F*""","=""7/2""",,"=""T7771""","=""""",
"=""""","=""""","=""7459.8530091""","=""0.0000006""","=""""","=""1.0662e+06""",AAA,"=""(105291.65983494)""","=""(106632.16882188)""","=""5f""","=""2F*""","=""5/2""","=""6g""","=""2G""","=""7/2""",,"=""T7771""","=""""",
"=""""","=""""","=""7459.86534""","=""0.00013""","=""""","=""4.8217e+04""",AAA,"=""[105291.659796]""","=""(106632.16656761)""","=""5d""","=""2D""","=""5/2""","=""6f""","=""2F*""","=""5/2""",,"=""T7771""","=""""",
"=""""","=""""","=""7459.8655424""","=""0.0000022""","=""""","=""1.8609e+03""",AAA,"=""(105291.65983494)""","=""106632.1665697""","=""5f""","=""2F*""","=""5/2""","=""6d""","=""2D""","=""5/2""",,"=""T7771""","=""""",
"=""""","=""""","=""7459.8670""","=""0.0003""","=""""","=""1.1057e+06""",AAA,"=""105291.66370""","=""(106632.17017701)""","=""5f""","=""2F*""","=""7/2""","=""6g""","=""2G""","=""9/2""",,"=""T7771""","=""""",
"=""""","=""""","=""7459.86716042""","=""0.00000005""","=""""","=""1.6083e+06""",AAA,"=""(105291.66373033)""","=""(106632.17017434)""","=""5g""","=""2G""","=""7/2""","=""6h""","=""2H*""","=""9/2""",,"=""T7771""","=""""",
"=""""","=""""","=""7459.8745""","=""0.0003""","=""""","=""3.9489e+04""",AAA,"=""105291.66370""","=""(106632.16882188)""","=""5f""","=""2F*""","=""7/2""","=""6g""","=""2G""","=""7/2""",,"=""T7771""","=""""",
"=""""","=""""","=""7459.87466311""","=""0.00000005""","=""""","=""3.1591e+02""",AAA,"=""(105291.66373033)""","=""(106632.16882614)""","=""5g""","=""2G""","=""7/2""","=""6f""","=""2F*""","=""7/2""",,"=""T7771""","=""""",
"=""""","=""""","=""7459.87516407""","=""0.00000005""","=""""","=""1.6448e+06""",AAA,"=""(105291.66607200)""","=""(106632.17107779)""","=""5g""","=""2G""","=""9/2""","=""6h""","=""2H*""","=""11/2""",,"=""T7771""","=""""",
"=""""","=""""","=""7459.88019175""","=""0.00000005""","=""""","=""3.6552e+04""",AAA,"=""(105291.66607200)""","=""(106632.17017434)""","=""5g""","=""2G""","=""9/2""","=""6h""","=""2H*""","=""9/2""",,"=""T7771""","=""""",
"=""""","=""""","=""7459.8871""","=""0.0003""","=""""","=""3.7220e+04""",AAA,"=""105291.66370""","=""106632.1665697""","=""5f""","=""2F*""","=""7/2""","=""6d""","=""2D""","=""5/2""",,"=""T7771""","=""""",
"=""""","=""""","=""7459.88723179""","=""0.00000005""","=""""","=""1.1373e+04""",AAA,"=""(105291.66373033)""","=""(106632.16656761)""","=""5g""","=""2G""","=""7/2""","=""6f""","=""2F*""","=""5/2""",,"=""T7771""","=""""",
"=""""","=""""","=""7459.88769446""","=""0.00000005""","=""""","=""1.1057e+04""",AAA,"=""(105291.66607200)""","=""(106632.16882614)""","=""5g""","=""2G""","=""9/2""","=""6f""","=""2F*""","=""7/2""",,"=""T7771""","=""""",
"=""""","=""""","=""7459.89034""","=""0.00013""","=""""","=""8.6344e+04""",AAA,"=""[105291.659796]""","=""[106632.1620756]""","=""5d""","=""2D""","=""5/2""","=""6p""","=""2P*""","=""3/2""",,"=""T7771""","=""""",
"=""""","=""""","=""7459.890674""","=""0.000007""","=""""","=""3.9082e+04""",AAA,"=""(105291.65983494)""","=""[106632.1620536]""","=""5f""","=""2F*""","=""5/2""","=""6d""","=""2D""","=""3/2""",,"=""T7771""","=""""",
"=""7459.90""","=""0.06""","=""7459.84""","=""0.03""","=""(3000)""","=""1.0254e+06""",AAA,"=""105291.657""","=""106632.1681""","=""5""","=""""","=""""","=""6""","=""""","=""""",,"=""T8637""","=""L7452""",
"=""""","=""""","=""7459.91553""","=""0.00022""","=""""","=""1.7880e+05""",AAA,"=""105291.65209""","=""106632.1498416""","=""5p""","=""2P*""","=""3/2""","=""6s""","=""2S""","=""1/2""",,"=""T7771""","=""""",
"=""""","=""""","=""7459.92233""","=""0.00013""","=""""","=""9.5946e+04""",AAA,"=""105291.651993""","=""[106632.1485242]""","=""5d""","=""2D""","=""3/2""","=""6p""","=""2P*""","=""1/2""",,"=""T7771""","=""""",
"=""""","=""""","=""7495.087""","=""0.007""","=""""","=""1.6635e+03""",AAA,"=""107965.0568""","=""[109299.2642]""","=""8""","=""""","=""""","=""17""","=""""","=""""",,"=""T8637""","=""""",
"=""7502.44""","=""0.17""","=""7502.502""","=""0.012""","=""620""","=""1.5609e+05""",AAA,"=""106632.1681""","=""107965.0568""","=""6""","=""""","=""""","=""8""","=""""","=""""",,"=""T8637""","=""L7452""",
"=""""","=""""","=""7508.107""","=""0.008""","=""(360)""","=""2.1174e+04""",AAA,"=""107440.4508""","=""108772.3445""","=""7""","=""""","=""""","=""11""","=""""","=""""",,"=""T8637""","=""""",
"=""""","=""""","=""7780.366""","=""0.010""","=""(130)""","=""2.3306e+03""",AAA,"=""107965.0568""","=""[109250.3433]""","=""8""","=""""","=""""","=""16""","=""""","=""""",,"=""T8637""","=""""",
"=""8154.84""","=""0.05""","=""8154.887""","=""0.011""","=""120""","=""3.3586e+03""",AAA,"=""107965.0568""","=""[109191.3154]""","=""8""","=""""","=""""","=""15""","=""""","=""""",,"=""T8637""","=""L7424c32""",
"=""8664.460""","=""0.023""","=""8664.498""","=""0.011""","=""180""","=""5.0098e+03""",AAA,"=""107965.0568""","=""[109119.1917]""","=""8""","=""""","=""""","=""14""","=""""","=""""",,"=""T8637""","=""L7424c32""",
"=""8760.064""","=""0.014""","=""8760.068""","=""0.012""","=""420""","=""3.9049e+04""",AAA,"=""107440.4508""","=""108581.9945""","=""7""","=""""","=""""","=""10""","=""""","=""""",,"=""T8637""","=""L7424c32""",
"=""""","=""""","=""9260.526""","=""0.010""","=""""","=""6.4524e+02""",AAA,"=""108324.7253""","=""[109404.5776]""","=""9""","=""""","=""""","=""20""","=""""","=""""",,"=""T8637""","=""""",
"=""9392.03""","=""0.03""","=""9392.013""","=""0.014""","=""60""","=""7.8037e+03""",AAA,"=""107965.0568""","=""[109029.7913]""","=""8""","=""""","=""""","=""13""","=""""","=""""",,"=""T8637""","=""L7424c32""",
"=""""","=""""","=""9521.722""","=""0.011""","=""""","=""8.5550e+02""",AAA,"=""108324.7253""","=""[109374.9555]""","=""9""","=""""","=""""","=""19""","=""""","=""""",,"=""T8637""","=""""",
"=""""","=""""","=""9847.025""","=""0.012""","=""""","=""1.1562e+03""",AAA,"=""108324.7253""","=""[109340.2604]""","=""9""","=""""","=""""","=""18""","=""""","=""""",,"=""T8637""","=""""",
"=""""","=""""","=""10261.263""","=""0.013""","=""""","=""1.5979e+03""",AAA,"=""108324.7253""","=""[109299.2642]""","=""9""","=""""","=""""","=""17""","=""""","=""""",,"=""T8637""","=""""",
"=""10503.507""","=""0.018""","=""10503.494""","=""0.012""","=""190""","=""1.2870e+04""",AAA,"=""107965.0568""","=""108917.1209""","=""8""","=""""","=""""","=""12""","=""""","=""""",,"=""T8637""","=""L7424c32""",
"=""10803.59""","=""0.07""","=""10803.593""","=""0.020""","=""80""","=""2.2679e+03""",AAA,"=""108324.7253""","=""[109250.3433]""","=""9""","=""""","=""""","=""16""","=""""","=""""",,"=""T8637""","=""L7424c32""",
"=""11308.681""","=""0.018""","=""11308.706""","=""0.017""","=""420""","=""8.2370e+04""",AAA,"=""107440.4508""","=""108324.7253""","=""7""","=""""","=""""","=""9""","=""""","=""""",,"=""T8637""","=""L7424c32""",
"=""11539.54""","=""0.04""","=""11539.481""","=""0.021""","=""110""","=""3.3253e+03""",AAA,"=""108324.7253""","=""[109191.3154]""","=""9""","=""""","=""""","=""15""","=""""","=""""",,"=""T8637""","=""L6002""",
"=""""","=""""","=""12156.826""","=""0.019""","=""""","=""6.1733e+02""",AAA,"=""108581.9945""","=""[109404.5776]""","=""10""","=""""","=""""","=""20""","=""""","=""""",,"=""T8637""","=""""",
"=""12371.912""","=""0.020""","=""12371.91""","=""0.03""","=""410""","=""4.5608e+05""",AAA,"=""106632.1681""","=""107440.4508""","=""6""","=""""","=""""","=""7""","=""""","=""""",,"=""T8637""","=""L7424c32""",
"=""12387.153""","=""0.018""","=""12387.158""","=""0.017""","=""340""","=""2.3007e+04""",AAA,"=""107965.0568""","=""108772.3445""","=""8""","=""""","=""""","=""11""","=""""","=""""",,"=""T8637""","=""L7424c32""",
"=""12587.05""","=""0.03""","=""12587.065""","=""0.022""","=""210""","=""5.0797e+03""",AAA,"=""108324.7253""","=""[109119.1917]""","=""9""","=""""","=""""","=""14""","=""""","=""""",,"=""T8637""","=""L7424c32""",
"=""""","=""""","=""12610.961""","=""0.021""","=""""","=""8.2526e+02""",AAA,"=""108581.9945""","=""[109374.9555]""","=""10""","=""""","=""""","=""19""","=""""","=""""",,"=""T8637""","=""""",
"=""""","=""""","=""13187.986""","=""0.023""","=""""","=""1.1269e+03""",AAA,"=""108581.9945""","=""[109340.2604]""","=""10""","=""""","=""""","=""18""","=""""","=""""",,"=""T8637""","=""""",
"=""""","=""""","=""13941.76""","=""0.03""","=""""","=""1.5782e+03""",AAA,"=""108581.9945""","=""[109299.2642]""","=""10""","=""""","=""""","=""17""","=""""","=""""",,"=""T8637""","=""""",
"=""""","=""""","=""14183.07""","=""0.03""","=""(130)""","=""8.1919e+03""",AAA,"=""108324.7253""","=""[109029.7913]""","=""9""","=""""","=""""","=""13""","=""""","=""""",,"=""T8637""","=""""",
"=""""","=""""","=""14962.25""","=""0.04""","=""(70)""","=""2.2796e+03""",AAA,"=""108581.9945""","=""[109250.3433]""","=""10""","=""""","=""""","=""16""","=""""","=""""",,"=""T8637""","=""""",
"=""""","=""""","=""15816.95""","=""0.03""","=""""","=""6.0262e+02""",AAA,"=""108772.3445""","=""[109404.5776]""","=""11""","=""""","=""""","=""20""","=""""","=""""",,"=""T8637""","=""""",
"=""""","=""""","=""16209.09""","=""0.04""","=""(270)""","=""4.6762e+04""",AAA,"=""107965.0568""","=""108581.9945""","=""8""","=""""","=""""","=""10""","=""""","=""""",,"=""T8637""","=""""",
"=""""","=""""","=""16411.71""","=""0.05""","=""(70)""","=""3.4241e+03""",AAA,"=""108581.9945""","=""[109191.3154]""","=""10""","=""""","=""""","=""15""","=""""","=""""",,"=""T8637""","=""""",
"=""""","=""""","=""16594.45""","=""0.03""","=""""","=""8.1411e+02""",AAA,"=""108772.3445""","=""[109374.9555]""","=""11""","=""""","=""""","=""19""","=""""","=""""",,"=""T8637""","=""""",
"=""""","=""""","=""16880.61""","=""0.03""","=""(140)""","=""1.4269e+04""",AAA,"=""108324.7253""","=""108917.1209""","=""9""","=""""","=""""","=""12""","=""""","=""""",,"=""T8637""","=""""",
"=""""","=""""","=""17608.24""","=""0.04""","=""""","=""1.1267e+03""",AAA,"=""108772.3445""","=""[109340.2604]""","=""11""","=""""","=""""","=""18""","=""""","=""""",,"=""T8637""","=""""",
"=""""","=""""","=""18615.14""","=""0.06""","=""(80)""","=""5.4172e+03""",AAA,"=""108581.9945""","=""[109119.1917]""","=""10""","=""""","=""""","=""14""","=""""","=""""",,"=""T8637""","=""""",
"=""""","=""""","=""18978.22""","=""0.04""","=""""","=""1.6062e+03""",AAA,"=""108772.3445""","=""[109299.2642]""","=""11""","=""""","=""""","=""17""","=""""","=""""",,"=""T8637""","=""""",
"=""19061.96""","=""0.04""","=""19061.92""","=""0.04""","=""540""","=""2.2720e+05""",AAA,"=""107440.4508""","=""107965.0568""","=""7""","=""""","=""""","=""8""","=""""","=""""",,"=""T8637""","=""L7455""",
"=""""","=""""","=""20514.64""","=""0.05""","=""""","=""6.0050e+02""",AAA,"=""108917.1209""","=""[109404.5776]""","=""12""","=""""","=""""","=""20""","=""""","=""""",,"=""T8637""","=""""",
"=""""","=""""","=""20920.55""","=""0.07""","=""(19)""","=""2.3773e+03""",AAA,"=""108772.3445""","=""[109250.3433]""","=""11""","=""""","=""""","=""16""","=""""","=""""",,"=""T8637""","=""""",
"=""""","=""""","=""21841.95""","=""0.05""","=""""","=""8.2236e+02""",AAA,"=""108917.1209""","=""[109374.9555]""","=""12""","=""""","=""""","=""19""","=""""","=""""",,"=""T8637""","=""""",
"=""""","=""""","=""22331.56""","=""0.09""","=""(90)""","=""9.2309e+03""",AAA,"=""108581.9945""","=""[109029.7913]""","=""10""","=""""","=""""","=""13""","=""""","=""""",,"=""T8637""","=""""",
"=""""","=""""","=""22340.42""","=""0.06""","=""(140)""","=""2.8131e+04""",AAA,"=""108324.7253""","=""108772.3445""","=""9""","=""""","=""""","=""11""","=""""","=""""",,"=""T8637""","=""""",
"=""""","=""""","=""23632.87""","=""0.06""","=""""","=""1.1587e+03""",AAA,"=""108917.1209""","=""[109340.2604]""","=""12""","=""""","=""""","=""18""","=""""","=""""",,"=""T8637""","=""""",
"=""""","=""""","=""23868.01""","=""0.09""","=""(21)""","=""3.6992e+03""",AAA,"=""108772.3445""","=""[109191.3154]""","=""11""","=""""","=""""","=""15""","=""""","=""""",,"=""T8637""","=""""",
"=""""","=""""","=""26168.19""","=""0.08""","=""""","=""1.6929e+03""",AAA,"=""108917.1209""","=""[109299.2642]""","=""12""","=""""","=""""","=""17""","=""""","=""""",,"=""T8637""","=""""",
"=""""","=""""","=""26681.87""","=""0.10""","=""""","=""6.1190e+02""",AAA,"=""[109029.7913]""","=""[109404.5776]""","=""13""","=""""","=""""","=""20""","=""""","=""""",,"=""T8637""","=""""",
"=""27803.50""","=""0.08""","=""27803.38""","=""0.08""","=""(220)""","=""1.2328e+05""",AAA,"=""107965.0568""","=""108324.7253""","=""8""","=""""","=""""","=""9""","=""""","=""""",,"=""T8637""","=""L7455""",
"=""""","=""""","=""28831.14""","=""0.12""","=""(21)""","=""6.1856e+03""",AAA,"=""108772.3445""","=""[109119.1917]""","=""11""","=""""","=""""","=""14""","=""""","=""""",,"=""T8637""","=""""",
"=""""","=""""","=""28971.72""","=""0.12""","=""""","=""8.5323e+02""",AAA,"=""[109029.7913]""","=""[109374.9555]""","=""13""","=""""","=""""","=""19""","=""""","=""""",,"=""T8637""","=""""",
"=""""","=""""","=""29839.49""","=""0.12""","=""(80)""","=""1.7740e+04""",AAA,"=""108581.9945""","=""108917.1209""","=""10""","=""""","=""""","=""12""","=""""","=""""",,"=""T8637""","=""""",
"=""""","=""""","=""30009.99""","=""0.14""","=""(14)""","=""2.5962e+03""",AAA,"=""108917.1209""","=""[109250.3433]""","=""12""","=""""","=""""","=""16""","=""""","=""""",,"=""T8637""","=""""",
"=""""","=""""","=""32209.32""","=""0.15""","=""""","=""1.2323e+03""",AAA,"=""[109029.7913]""","=""[109340.2604]""","=""13""","=""""","=""""","=""18""","=""""","=""""",,"=""T8637""","=""""",
"=""""","=""""","=""35040.27""","=""0.16""","=""""","=""6.3972e+02""",AAA,"=""[109119.1917]""","=""[109404.5776]""","=""14""","=""""","=""""","=""20""","=""""","=""""",,"=""T8637""","=""""",
"=""""","=""""","=""36470.46""","=""0.20""","=""(14)""","=""4.2709e+03""",AAA,"=""108917.1209""","=""[109191.3154]""","=""12""","=""""","=""""","=""15""","=""""","=""""",,"=""T8637""","=""""",
"=""""","=""""","=""37109.48""","=""0.19""","=""""","=""1.8658e+03""",AAA,"=""[109029.7913]""","=""[109299.2642]""","=""13""","=""""","=""""","=""17""","=""""","=""""",,"=""T8637""","=""""",
"=""""","=""""","=""38842.98""","=""0.24""","=""(20)""","=""1.1633e+04""",AAA,"=""108772.3445""","=""[109029.7913]""","=""11""","=""""","=""""","=""13""","=""""","=""""",,"=""T8637""","=""""",
"=""""","=""""","=""38869.79""","=""0.21""","=""(110)""","=""7.1514e+04""",AAA,"=""108324.7253""","=""108581.9945""","=""9""","=""""","=""""","=""10""","=""""","=""""",,"=""T8637""","=""""",
"=""""","=""""","=""39098.57""","=""0.20""","=""""","=""9.1446e+02""",AAA,"=""[109119.1917]""","=""[109374.9555]""","=""14""","=""""","=""""","=""19""","=""""","=""""",,"=""T8637""","=""""",
"=""""","=""""","=""45234.8""","=""0.3""","=""""","=""1.3689e+03""",AAA,"=""[109119.1917]""","=""[109340.2604]""","=""14""","=""""","=""""","=""18""","=""""","=""""",,"=""T8637""","=""""",
"=""""","=""""","=""45340.8""","=""0.4""","=""(22)""","=""3.0257e+03""",AAA,"=""[109029.7913]""","=""[109250.3433]""","=""13""","=""""","=""""","=""16""","=""""","=""""",,"=""T8637""","=""""",
"=""""","=""""","=""46890.6""","=""0.3""","=""""","=""6.9026e+02""",AAA,"=""[109191.3154]""","=""[109404.5776]""","=""15""","=""""","=""""","=""20""","=""""","=""""",,"=""T8637""","=""""",
"=""""","=""""","=""49487.6""","=""0.3""","=""(13)""","=""7.8842e+03""",AAA,"=""108917.1209""","=""[109119.1917]""","=""12""","=""""","=""""","=""14""","=""""","=""""",,"=""T8637""","=""""",
"=""""","=""""","=""52534.8""","=""0.4""","=""(60)""","=""4.3766e+04""",AAA,"=""108581.9945""","=""108772.3445""","=""10""","=""""","=""""","=""11""","=""""","=""""",,"=""T8637""","=""""",
"=""""","=""""","=""54454.3""","=""0.4""","=""""","=""1.0228e+03""",AAA,"=""[109191.3154]""","=""[109374.9555]""","=""15""","=""""","=""""","=""19""","=""""","=""""",,"=""T8637""","=""""",
"=""""","=""""","=""55533.2""","=""0.4""","=""""","=""2.1920e+03""",AAA,"=""[109119.1917]""","=""[109299.2642]""","=""14""","=""""","=""""","=""17""","=""""","=""""",,"=""T8637""","=""""",
"=""""","=""""","=""61910.3""","=""0.7""","=""(20)""","=""5.4961e+03""",AAA,"=""[109029.7913]""","=""[109191.3154]""","=""13""","=""""","=""""","=""15""","=""""","=""""",,"=""T8637""","=""""",
"=""""","=""""","=""64836.4""","=""0.6""","=""""","=""7.7670e+02""",AAA,"=""[109250.3433]""","=""[109404.5776]""","=""16""","=""""","=""""","=""20""","=""""","=""""",,"=""T8637""","=""""",
"=""""","=""""","=""67138.9""","=""0.6""","=""""","=""1.6195e+03""",AAA,"=""[109191.3154]""","=""[109340.2604]""","=""15""","=""""","=""""","=""18""","=""""","=""""",,"=""T8637""","=""""",
"=""69071.7""","=""2.4""","=""69072.0""","=""0.5""","=""14bl""","=""2.7989e+04""",AAA,"=""108772.3445""","=""108917.1209""","=""11""","=""""","=""""","=""12""","=""""","=""""",,"=""T8637""","=""u32""",
"=""""","=""""","=""76247.6""","=""1.0""","=""(28)""","=""3.9258e+03""",AAA,"=""[109119.1917]""","=""[109250.3433]""","=""14""","=""""","=""""","=""16""","=""""","=""""",,"=""T8637""","=""""",
"=""""","=""""","=""80249.0""","=""0.9""","=""""","=""1.2175e+03""",AAA,"=""[109250.3433]""","=""[109374.9555]""","=""16""","=""""","=""""","=""19""","=""""","=""""",,"=""T8637""","=""""",
"=""88761.0""","=""8.0""","=""88754.5""","=""1.1""","=""9bl""","=""1.8569e+04""",AAA,"=""108917.1209""","=""[109029.7913]""","=""12""","=""""","=""""","=""13""","=""""","=""""",,"=""T8637""","=""u32""",
"=""""","=""""","=""92636.5""","=""1.1""","=""""","=""2.8644e+03""",AAA,"=""[109191.3154]""","=""[109299.2642]""","=""15""","=""""","=""""","=""17""","=""""","=""""",,"=""T8637""","=""""",
"=""""","=""""","=""94954.7""","=""1.3""","=""""","=""9.2951e+02""",AAA,"=""[109299.2642]""","=""[109404.5776]""","=""17""","=""""","=""""","=""20""","=""""","=""""",,"=""T8637""","=""""",
"=""""","=""""","=""111213.6""","=""1.7""","=""""","=""2.1295e+03""",AAA,"=""[109250.3433]""","=""[109340.2604]""","=""16""","=""""","=""""","=""18""","=""""","=""""",,"=""T8637""","=""""",
"=""111863.0""","=""9.0""","=""111856.3""","=""2.3""","=""14bl""","=""1.2709e+04""",AAA,"=""[109029.7913]""","=""[109119.1917]""","=""13""","=""""","=""""","=""14""","=""""","=""""",,"=""T8637""","=""u32""",
"=""""","=""""","=""132115.6""","=""2.4""","=""""","=""1.6097e+03""",AAA,"=""[109299.2642]""","=""[109374.9555]""","=""17""","=""""","=""""","=""19""","=""""","=""""",,"=""T8637""","=""""",
"=""138750.0""","=""80.0""","=""138651""","=""3""","=""19""","=""8.9344e+03""",AAA,"=""[109119.1917]""","=""[109191.3154]""","=""14""","=""""","=""""","=""15""","=""""","=""""",,"=""T8637""","=""L7352""",
"=""""","=""""","=""155479""","=""3""","=""""","=""1.2350e+03""",AAA,"=""[109340.2604]""","=""[109404.5776]""","=""18""","=""""","=""""","=""20""","=""""","=""""",,"=""T8637""","=""""",
"=""169423.0""","=""14.0""","=""169411""","=""5""","=""16""","=""6.4283e+03""",AAA,"=""[109191.3154]""","=""[109250.3433]""","=""15""","=""""","=""""","=""16""","=""""","=""""",,"=""T8637""","=""L7352""",
"=""""","=""""","=""204412""","=""8""","=""(11)""","=""4.7203e+03""",AAA,"=""[109250.3433]""","=""[109299.2642]""","=""16""","=""""","=""""","=""17""","=""""","=""""",,"=""T8637""","=""""",
"=""""","=""""","=""243925""","=""12""","=""(8)""","=""3.5289e+03""",AAA,"=""[109299.2642]""","=""[109340.2604]""","=""17""","=""""","=""""","=""18""","=""""","=""""",,"=""T8637""","=""""",
"=""""","=""""","=""288225""","=""17""","=""(6)""","=""2.6808e+03""",AAA,"=""[109340.2604]""","=""[109374.9555]""","=""18""","=""""","=""""","=""19""","=""""","=""""",,"=""T8637""","=""""",
"=""337600.0""","=""60.0""","=""337586""","=""23""","=""(4)""","=""2.0659e+03""",AAA,"=""[109374.9555]""","=""[109404.5776]""","=""19""","=""""","=""""","=""20""","=""""","=""""",,"=""T8637""","=""L9739""",
"=""""","=""""","=""392280""","=""30""","=""(3)""","=""""",,"=""[109404.5776]""","=""[109430.0696]""","=""20""","=""""","=""""","=""21""","=""""","=""""",,"=""""","=""""",
"=""452570.0""","=""60.0""","=""452580""","=""40""","=""(2)""","=""""",,"=""[109430.0696]""","=""[109452.1650]""","=""21""","=""""","=""""","=""22""","=""""","=""""",,"=""""","=""L9739""",
"=""""","=""""","=""518760""","=""50""","=""(2)""","=""""",,"=""[109452.1650]""","=""[109471.4416]""","=""22""","=""""","=""""","=""23""","=""""","=""""",,"=""""","=""""",
"=""""","=""""","=""591100""","=""70""","=""(1)""","=""""",,"=""[109471.4416]""","=""[109488.3592]""","=""23""","=""""","=""""","=""24""","=""""","=""""",,"=""""","=""""",
"=""""","=""""","=""669870""","=""90""","=""(1)""","=""""",,"=""[109488.3592]""","=""[109503.2875]""","=""24""","=""""","=""""","=""25""","=""""","=""""",,"=""""","=""""",
"=""""","=""""","=""755330""","=""110""","=""(1)""","=""""",,"=""[109503.2875]""","=""[109516.5267]""","=""25""","=""""","=""""","=""26""","=""""","=""""",,"=""""","=""""",
"=""""","=""""","=""847770""","=""140""","=""(1)""","=""""",,"=""[109516.5267]""","=""[109528.3223]""","=""26""","=""""","=""""","=""27""","=""""","=""""",,"=""""","=""""",
"=""27330560.0""","=""250.0""","=""27330760""","=""40""","=""""","=""""",,"=""82258.9191133""","=""82259.2850014""","=""2p""","=""2P*""","=""1/2""","=""2p""","=""2P*""","=""3/2""",UT,"=""""","=""L1488""",
"=""30247840.0""","=""40.0""","=""30247840""","=""40""","=""""","=""6.5962e-07""",AAA,"=""82258.9543992821""","=""82259.2850014""","=""2s""","=""2S""","=""1/2""","=""2p""","=""2P*""","=""3/2""",,"=""T7771""","=""L7320""",
"=""74702300.0""","=""900.0""","=""74702100""","=""900""","=""""","=""""",,"=""97492.221701""","=""97492.355566""","=""3s""","=""2S""","=""1/2""","=""3d""","=""2D""","=""5/2""",E2,"=""""","=""L4937""",
"=""92235000.0""","=""11000.0""","=""92241600""","=""900""","=""""","=""""",,"=""97492.211200""","=""97492.319611""","=""3p""","=""2P*""","=""1/2""","=""3p""","=""2P*""","=""3/2""",UT,"=""""","=""L6891""",
"=""92390000.0""","=""90000.0""","=""92393000""","=""17000""","=""""","=""8.6794e-08""",AAA,"=""97492.211200""","=""97492.319433""","=""3p""","=""2P*""","=""1/2""","=""3d""","=""2D""","=""3/2""",,"=""T7771""","=""L4353""",
"=""102200000.0""","=""40000.0""","=""102134600""","=""2100""","=""""","=""1.0280e-07""",AAA,"=""97492.221701""","=""97492.319611""","=""3s""","=""2S""","=""1/2""","=""3p""","=""2P*""","=""3/2""",,"=""T7771""","=""L1164""",
"=""102320000.0""","=""30000.0""","=""102321000""","=""21000""","=""""","=""""",,"=""97492.221701""","=""97492.319433""","=""3s""","=""2S""","=""1/2""","=""3d""","=""2D""","=""3/2""",E2,"=""""","=""L2271""",
"=""177080000.0""","=""40000.0""","=""177098000""","=""3000""","=""""","=""""",,"=""102823.8530211""","=""102823.9094871""","=""4s""","=""2S""","=""1/2""","=""4d""","=""2D""","=""5/2""",E2,"=""""","=""L4353""",
"=""218650000.0""","=""190000.0""","=""218970000""","=""40000""","=""""","=""2.7818e-08""",AAA,"=""102823.8485825""","=""102823.894250""","=""4p""","=""2P*""","=""1/2""","=""4d""","=""2D""","=""3/2""",,"=""T7771""","=""L1164""",
"=""218690000.0""","=""40000.0""","=""218651000""","=""3000""","=""""","=""""",,"=""102823.8485825""","=""102823.8943175""","=""4p""","=""2P*""","=""1/2""","=""4p""","=""2P*""","=""3/2""",UT,"=""""","=""L10329""",
"=""242200000.0""","=""60000.0""","=""242152000""","=""3000""","=""""","=""2.5712e-08""",AAA,"=""102823.8530211""","=""102823.8943175""","=""4s""","=""2S""","=""1/2""","=""4p""","=""2P*""","=""3/2""",,"=""T7771""","=""L2260""",
"=""242700000.0""","=""400000.0""","=""242550000""","=""50000""","=""""","=""""",,"=""102823.8530211""","=""102823.894250""","=""4s""","=""2S""","=""1/2""","=""4d""","=""2D""","=""3/2""",E2,"=""""","=""L4353""",
"=""276800000.0""","=""800000.0""","=""276760000""","=""150000""","=""""","=""""",,"=""97492.319433""","=""97492.355566""","=""3d""","=""2D""","=""3/2""","=""3d""","=""2D""","=""5/2""",UT,"=""""","=""L4353""",
"=""278100000.0""","=""300000.0""","=""278125000""","=""18000""","=""""","=""3.8183e-09""",AAA,"=""97492.319611""","=""97492.355566""","=""3p""","=""2P*""","=""3/2""","=""3d""","=""2D""","=""5/2""",,"=""T7771""","=""L4353""",
"=""283398700.0""","=""2400.0""","=""283398700""","=""2400""","=""""","=""""",,"=""82258.9191133""","=""82258.9543992821""","=""2p""","=""2P*""","=""1/2""","=""2s""","=""2S""","=""1/2""",,"=""""","=""L6644""",
"=""426000000.0""","=""4000000.0""","=""428800000""","=""700000""","=""""","=""1.0132e-08""",AAA,"=""105291.62867""","=""105291.651993""","=""5p""","=""2P*""","=""1/2""","=""5d""","=""2D""","=""3/2""",,"=""T7771""","=""L1164""",
"=""427043000.0""","=""7000.0""","=""426985000""","=""7000""","=""""","=""""",,"=""105291.62867""","=""105291.65209""","=""5p""","=""2P*""","=""1/2""","=""5p""","=""2P*""","=""3/2""",UT,"=""""","=""L15291c34""",
"=""482000000.0""","=""9000000.0""","=""472813000""","=""16000""","=""""","=""8.6353e-09""",AAA,"=""[105291.63094]""","=""105291.65209""","=""5s""","=""2S""","=""1/2""","=""5p""","=""2P*""","=""3/2""",,"=""T7771""","=""L1164""",
"=""656200000.0""","=""300000.0""","=""656300000""","=""300000""","=""""","=""""",,"=""102823.894250""","=""102823.9094871""","=""4d""","=""2D""","=""3/2""","=""4d""","=""2D""","=""5/2""",UT,"=""""","=""L15291c35""",
"=""656300000.0""","=""2300000.0""","=""656200000""","=""2200000""","=""""","=""7.2369e-10""",AAA,"=""102823.894250""","=""102823.90949""","=""4d""","=""2D""","=""3/2""","=""4f""","=""2F*""","=""5/2""",,"=""T7771""","=""L1164""",
"=""657900000.0""","=""2300000.0""","=""659210000""","=""40000""","=""""","=""1.2235e-09""",AAA,"=""102823.8943175""","=""102823.9094871""","=""4p""","=""2P*""","=""3/2""","=""4d""","=""2D""","=""5/2""",,"=""T7771""","=""L1164""",
"=""737931000.0""","=""15000.0""","=""737931000""","=""16000""","=""""","=""""",,"=""[106632.1485242]""","=""[106632.1620756]""","=""6p""","=""2P*""","=""1/2""","=""6p""","=""2P*""","=""3/2""",UT,"=""""","=""L15291c34""",
"=""952270000.0""","=""150000.0""","=""952290000""","=""150000""","=""""","=""""",,"=""97492.211200""","=""97492.221701""","=""3p""","=""2P*""","=""1/2""","=""3s""","=""2S""","=""1/2""",,"=""""","=""L1764""",
"=""1171806000.0""","=""23000.0""","=""1172333000""","=""23000""","=""""","=""""",,"=""[107440.43850]""","=""[107440.44703]""","=""7p""","=""2P*""","=""1/2""","=""7p""","=""2P*""","=""3/2""",UT,"=""""","=""L15291c34""",
"=""1281600000.0""","=""400000.0""","=""1281600000""","=""500000""","=""""","=""""",,"=""105291.651993""","=""[105291.659796]""","=""5d""","=""2D""","=""3/2""","=""5d""","=""2D""","=""5/2""",UT,"=""""","=""L15291c35""",
"=""1292000000.0""","=""17000000.0""","=""1298000000""","=""7000000""","=""""","=""4.3856e-10""",AAA,"=""105291.65209""","=""[105291.659796]""","=""5p""","=""2P*""","=""3/2""","=""5d""","=""2D""","=""5/2""",,"=""T7771""","=""L1164""",
"=""1314900000.0""","=""2300000.0""","=""1315100000""","=""2200000""","=""""","=""9.6310e-11""",AAA,"=""102823.9094871""","=""102823.917091""","=""4d""","=""2D""","=""5/2""","=""4f""","=""2F*""","=""7/2""",,"=""T7771""","=""L1164""",
"=""1749170000.0""","=""40000.0""","=""1749170000""","=""40000""","=""""","=""""",,"=""[107965.0491583]""","=""[107965.0548753]""","=""8p""","=""2P*""","=""1/2""","=""8p""","=""2P*""","=""3/2""",UT,"=""""","=""L15291c34""",
"=""2214300000.0""","=""700000.0""","=""2214300000""","=""600000""","=""""","=""""",,"=""[106632.1620536]""","=""106632.1665697""","=""6d""","=""2D""","=""3/2""","=""6d""","=""2D""","=""5/2""",UT,"=""""","=""L15291c35""",
"=""2251000000.0""","=""10000000.0""","=""2253000000""","=""300000""","=""""","=""""",,"=""102823.8485825""","=""102823.8530211""","=""4p""","=""2P*""","=""1/2""","=""4s""","=""2S""","=""1/2""",,"=""""","=""L1164""",
"=""2490510000.0""","=""60000.0""","=""2487560000""","=""60000""","=""""","=""""",,"=""[108324.72016]""","=""[108324.72418]""","=""9p""","=""2P*""","=""1/2""","=""9p""","=""2P*""","=""3/2""",UT,"=""""","=""L15291c34""",
"=""2560000000.0""","=""30000000.0""","=""2560000000""","=""30000000""","=""""","=""4.6551e-11""",AAA,"=""[105291.659796]""","=""105291.66370""","=""5d""","=""2D""","=""5/2""","=""5f""","=""2F*""","=""7/2""",,"=""T7771""","=""L1164""",
"=""3416340000.0""","=""80000.0""","=""3412970000""","=""80000""","=""""","=""""",,"=""[108581.99051]""","=""[108581.99344]""","=""10p""","=""2P*""","=""1/2""","=""10p""","=""2P*""","=""3/2""",UT,"=""""","=""L15291c34""",
"=""3515800000.0""","=""800000.0""","=""3516200000""","=""900000""","=""""","=""""",,"=""[107440.447022]""","=""[107440.449866]""","=""7d""","=""2D""","=""3/2""","=""7d""","=""2D""","=""5/2""",UT,"=""""","=""L15291c35""",
"=""4395700000.0""","=""1200000.0""","=""4405300000""","=""1200000""","=""""","=""""",,"=""105291.62867""","=""[105291.63094]""","=""5p""","=""2P*""","=""1/2""","=""5s""","=""2S""","=""1/2""",,"=""""","=""L15291c33""",
"=""4547150000.0""","=""110000.0""","=""4545450000""","=""100000""","=""""","=""""",,"=""[108772.34135]""","=""[108772.34355]""","=""11p""","=""2P*""","=""1/2""","=""11p""","=""2P*""","=""3/2""",UT,"=""""","=""L15291c34""",
"=""""","=""""","=""5247300000""","=""800000""","=""""","=""""",,"=""107965.0548660""","=""107965.05677174""","=""8d""","=""2D""","=""3/2""","=""8d""","=""2D""","=""5/2""",UT,"=""""","=""""",
"=""5903450000.0""","=""140000.0""","=""5917160000""","=""140000""","=""""","=""""",,"=""[108917.11870]""","=""[108917.12039]""","=""12p""","=""2P*""","=""1/2""","=""12p""","=""2P*""","=""3/2""",UT,"=""""","=""L15291c34""",
"=""7470300000.0""","=""2000000.0""","=""7468300000""","=""2200000""","=""""","=""""",,"=""[108324.724162]""","=""[108324.725501]""","=""9d""","=""2D""","=""3/2""","=""9d""","=""2D""","=""5/2""",UT,"=""""","=""L15291c35""",
"=""7591000000.0""","=""4000000.0""","=""7591000000""","=""5000000""","=""""","=""""",,"=""[106632.1485242]""","=""106632.1498416""","=""6p""","=""2P*""","=""1/2""","=""6s""","=""2S""","=""1/2""",,"=""""","=""L15291c33""",
"=""10247000000.0""","=""5000000.0""","=""10247000000""","=""4000000""","=""""","=""""",,"=""[108581.9934250]""","=""108581.9944009""","=""10d""","=""2D""","=""3/2""","=""10d""","=""2D""","=""5/2""",UT,"=""""","=""L15291c35""",
"=""12049000000.0""","=""10000000.0""","=""12048000000""","=""10000000""","=""""","=""""",,"=""[107440.43850]""","=""[107440.43933]""","=""7p""","=""2P*""","=""1/2""","=""7s""","=""2S""","=""1/2""",,"=""""","=""L15291c33""",
"=""13637000000.0""","=""9000000.0""","=""13624000000""","=""9000000""","=""""","=""""",,"=""[108772.343536]""","=""[108772.344270]""","=""11d""","=""2D""","=""3/2""","=""11d""","=""2D""","=""5/2""",UT,"=""""","=""L15291c35""",
"=""""","=""""","=""17708000000""","=""13000000""","=""""","=""""",,"=""108917.1203787""","=""108917.12094342""","=""12d""","=""2D""","=""3/2""","=""12d""","=""2D""","=""5/2""",UT,"=""""","=""""",
"=""17980000000.0""","=""17000000.0""","=""17979000000""","=""16000000""","=""""","=""""",,"=""[107965.0491583]""","=""107965.0497145""","=""8p""","=""2P*""","=""1/2""","=""8s""","=""2S""","=""1/2""",,"=""""","=""L15291c33""",
"=""25590000000.0""","=""30000000.0""","=""25640000000""","=""30000000""","=""""","=""""",,"=""[108324.72016]""","=""[108324.72055]""","=""9p""","=""2P*""","=""1/2""","=""9s""","=""2S""","=""1/2""",,"=""""","=""L15291c33""",
"=""35100000000.0""","=""50000000.0""","=""34480000000""","=""50000000""","=""""","=""""",,"=""[108581.99051]""","=""[108581.99080]""","=""10p""","=""2P*""","=""1/2""","=""10s""","=""2S""","=""1/2""",,"=""""","=""L15291c33""",
"=""46710000000.0""","=""70000000.0""","=""45450000000""","=""60000000""","=""""","=""""",,"=""[108772.34135]""","=""[108772.34157]""","=""11p""","=""2P*""","=""1/2""","=""11s""","=""2S""","=""1/2""",,"=""""","=""L15291c33""",
"=""55000000000.0""","=""9000000000.0""","=""56000000000""","=""6000000000""","=""""","=""""",,"=""97492.319433""","=""97492.319611""","=""3d""","=""2D""","=""3/2""","=""3p""","=""2P*""","=""3/2""",,"=""""","=""L4386""",
"=""60640000000.0""","=""90000000.0""","=""62500000000""","=""90000000""","=""""","=""""",,"=""[108917.11870]""","=""[108917.11886]""","=""12p""","=""2P*""","=""1/2""","=""12s""","=""2S""","=""1/2""",,"=""""","=""L15291c33""",
