"Word","ReadingFurigana","ReadingKana","Occurences","ReadingFrequency","PitchPositions","Definitions","ExampleSentence","JmDictWordId"
"の","の","の","1210","1","2","indicates possessive,nominalizes verbs and adjectives,substitutes for ""ga"" in subordinate phrases,indicates a confident conclusion,indicates emotional emphasis,indicates question","","1469800"
"は","は","は","707","2","1","indicates sentence topic,indicates contrast with another option (stated or unstated),adds emphasis","","2028920"
"に","に","に","603","3","1","at (place, time),in,on,during,to (direction, state),toward,into,for (purpose),because of (reason),for,with,by,from,as (i.e. in the role of),per,in,for,a (e.g. ""once a month""),and,in addition to,if,although","","2028990"
"を","を","を","549","4","","indicates direct object of action,indicates subject of causative expression,indicates an area traversed,indicates time (period) over which action takes place,indicates point of departure or separation of action,indicates object of desire, like, hate, etc.","","2029010"
"が","が","が","533","5","0","indicates the subject of a sentence,indicates possession,but,however,(and) yet,though,although,while,and,used after an introductory remark or explanation,regardless of ...,whether ... (or not),no matter ...,indicates a desire or hope,softens a statement,indicates doubt,indicates scorn","","2028930"
"です","です","です","419","15","1","be,is","","1628500"
"私","私[わたし]","わたし","314","29","0","I,me","","1311110"
"で","で","で","295","7","1","at,in,at,when,by,with,so,therefore,(and) then,accordingly,by the way,incidentally,now then,well","","2028980"
"も","も","も","279","8","1,0","too,also,in addition,as well,(not) either (in a negative sentence),both A and B,A as well as B,neither A nor B (in a negative sentence),even,as much as,as many as,as far as,as long as,no less than,no fewer than,even if,even though,although,in spite of,further,more,again,another,the other","","2028940"
"と","と","と","257","6","1","if,when,and,with,used for quoting (thoughts, speech, etc.),promoted pawn,indicates a question","","1008490"
"よ","よ","よ","227","13","","hey,you,hey,hey,hold on,yo,hey","","2029090"
"から","から","から","218","10","1","from (e.g. time, place, numerical quantity),since,from (originator),by,because,since,out of (constituent, part),through (e.g. window, vestibule),after,since,expresses sympathy or warning","","1002980"
"だ","だ","だ","217","9","","be,is","","2089020"
"ね","ね","ね","190","19","1","right?,isn't it?,doesn't it?,don't you?,don't you think?,hey,say,listen,look,come on,you know,you see,I must say,I should think,will you?,please,so, ...,well, ...,you see, ...,you understand?,I'm not sure if ...,I have my doubts about whether ...","","2029080"
"か","か","か","181","11","0","indicates a question,or,whether or not,some- (e.g. something, someone),hmm,huh,very,-al,-ial,-ic,-ical,-ish,-y,in that way","","2028970"
"する","する","する","172","12","0","to do,to carry out,to perform,to cause to become,to make (into),to turn (into),to serve as,to act as,to work as,to wear (clothes, a facial expression, etc.),to judge as being,to view as being,to think of as,to treat as,to use as,to decide on,to choose,to be sensed (of a smell, noise, etc.),to be (in a state, condition, etc.),to be worth,to cost,to pass (of time),to elapse,to place, or raise, person A to a post or status B,to transform A to B,to make A into B,to exchange A for B,to make use of A for B,to view A as B,to handle A as if it were B,to feel A about B,verbalizing suffix (applies to nouns noted in this dictionary with the part of speech ""vs""),creates a humble verb (after a noun prefixed with ""o"" or ""go""),to be just about to,to be just starting to,to try to,to attempt to","","1157170"
"こと","こと","こと","163","16","2","thing,matter,incident,occurrence,event,something serious,trouble,crisis,circumstances,situation,state of affairs,work,business,affair,after an inflectable word, creates a noun phrase indicating something the speaker does not feel close to,nominalizing suffix,pretending to ...,playing make-believe ...,alias,also known as,otherwise known as,or,necessity,need,you should ...,I advise that you ...,it's important to ...","","1313580"
"って","って","って","152","22","","you said,he said,she said,they said,even if,do you seriously think that,I already told you,you should know by now that,of course,the said ...,said ...,says that ...,I hear that ...,as for the term ...,as for ...","","2086960"
"な","な","な","145","14","1","don't,do,hey,listen,look,say,now, ...,well, ...,I tell you!,you know,wow,ooh,right?,isn't it?,doesn't it?,don't you?,don't you think?,indicates na-adjective","","2029110"
"えっ","えっ","えっ","128","181","1","huh?,what's up?","","2194050"
"んです","んです","んです","119","66","","the expectation is that ...,the reason is that ...,the fact is that ...,the explanation is that ...,it is that ...","","2087820"
"この","この","この","110","26","0","this,last (couple of years, etc.),these,past,this,you (as in ""you liar"")","","1582920"
"あっ","あっ","あっ","109","154","1","ah,oh,hey!","","2394370"
"これ","これ","これ","105","35","0","this,this one,this person,now,this point (in time),here,used to stress the subject of a sentence,I,me","","1628530"
"なる","なる","なる","100","17","1","to become,to get,to grow,to turn,to reach,to attain,to result in,to turn out,to end up,to prove (to be),to consist of,to be composed of,to be made up of,to be completed,to be realized,to succeed,to be attained,to be accomplished,to change (into),to turn (into),to transform,to come (to do),to begin (to do),to grow (to do),to come to,to amount to,to add up to,to make,to play (the part of),to act as,to be used for,to be useful for,to serve as,to be promoted,to do ...","","1375610"
"それ","それ","それ","96","20","0","that,it,then,that point (in time),that time,there,you","","1006970"
"じゃない","じゃない","じゃない","96","43","","is not,am not,are not,isn't it?","","2755350"
"私たち","私[わたし]たち","わたしたち","95","401","4","we,us","","1311300"
"さん","さん","さん","94","27","1","Mr,Mrs,Miss,Ms,-san,politeness marker","","1005340"
"いい","いい","いい","93","34","1","good,excellent,fine,nice,pleasant,agreeable,sufficient,enough,ready,prepared,profitable (deal, business offer, etc.),beneficial,OK,all right,fine,no problem","","2820690"
"んだ","んだ","んだ","92","21","","the expectation is that ...,the reason is that ...,the fact is that ...,the explanation is that ...,it is that ...","","2849387"
"けど","けど","けど","90","41","1","but,however,although","","1004200"
"魔法","魔[ま]法[ほう]","まほう","86","2039","0","magic,witchcraft,sorcery,spell","","1524230"
"ですか","ですか","ですか","83","78","","indicates question","","2457920"
"言う","言[い]う","いう","82","25","0","to say,to utter,to declare,to name,to call,to go (e.g. ""the alarm went ping""),to make a noise","","1587040"
"でも","でも","でも","80","28","1","but,however,though,nevertheless,still,yet,even so,also,as well,even,however,no matter how,even if,even though,... or something,either ... or ...,neither ... nor ...,pseudo-,quack,in-name-only,for lack of anything better to do","","1008460"
"ん","ん","ん","80","23","1","yes,yeah,uh huh,huh?,what?,'s,of,belonging to,at (place, time),in,on,during","","2139720"
"いる","いる","いる","80","37","0","to be (of animate objects),to exist,to stay,to be ...-ing,to have ...-ed,to be ...-ed","","1577980"
"そう","そう","そう","79","30","0,1","in that way,thus,such,so,the same,that's the case,so?","","2137720"
"ある","ある","ある","75","18","1","to be,to exist,to live,to have,to be located,to be equipped with,to happen,to come about,to exist (in a completed state),to be (something unchanged in its current state)","","1296400"
"わかる","わかる","わかる","75","785","2","to understand,to comprehend,to grasp,to see,to get,to follow,to become clear,to be known,to be discovered,to be realized (realised),to be found out,to make sense,I know!,I think so too!","","1606560"
"お","お","お","65","48","0","honorific/polite/humble prefix","","2826528"
"ちょっと","ちょっと","ちょっと","64","71","3,0","a little,a bit,slightly,just a minute,for a moment,briefly,somewhat,rather,fairly,pretty,quite,(not) easily,(not) readily,hey!,come on,excuse me,thanks, but no,not feasible,not possible","","1163940"
"なんて","なんて","なんて","64","70","","things like,something like,someone like,such a thing as,(the fact) that,to think that","","2089060"
"ない","ない","ない","64","33","1","nonexistent,not being (there),unowned,not had,unpossessed,unique,not,impossible,won't happen,not,to not be,to have not","","1529520"
"やる","やる","やる","63","54","0","to do,to undertake,to perform,to play (a game),to study,to send,to dispatch,to despatch,to put,to move,to turn (one's head, glance, etc.),to give (esp. to someone of equal or lower status),to let have,to present,to bestow,to confer,to make (a vehicle) go faster,to run (a business),to keep,to be engaged in,to practice (law, medicine, etc.),to practise,to have (food, drink, etc.),to eat,to drink,to smoke,to hold (a performance),to perform,to show,to ease (one's mind),to harm,to injure,to kill,to have sex,to fuck,to bang,to live,to get by,to get along,to do ... completely,to do ... broadly,to do ... to a great distance,to do ... for (someone of equal or lower status),to do ... to,to make active efforts to ...","","1012980"
"し","し","し","61","45","1","and,besides,moreover,what's more,not only ... but also,because,since,the thing is,for one thing","","2086640"
"とか","とか","とか","59","90","","and the like,such as,among other things,and so on,or something,something like,a (certain),I hear that ...,people say that ...,rumour has it that ...,or something,something like,or whatever","","1008530"
"その","その","その","59","24","0","that,the,part (as in ""part two""),um ...,er ...,uh ...","","1006830"
"そんな","そんな","そんな","58","40","0","such,that sort of,that kind of,like that,no way!,never!","","1007130"
"たち","たち","たち","56","124","1","pluralizing suffix (esp. for people and animals; formerly honorific)","","1416220"
"ここ","ここ","ここ","56","46","0","here,this place,this point,here,now,these past ... (e.g. three years),these last ...,the next ... (e.g. few days),these next ...","","1288810"
"もう","もう","もう","54","39","1,0","already,yet,by now,now,(not) any more,(not) any longer,soon,shortly,before long,presently,further,more,again,another,the other,jeez,geez,gee,boy,come on,damn,seriously","","1012480"
"はい","はい","はい","54","56","1","yes,that is correct,understood,I see,OK,okay,present,here,pardon?,what's that?,come again?,now,here,here you go,giddy-up,giddap","","1010080"
"ちゃん","ちゃん","ちゃん","52","137","1","suffix for familiar person","","1007660"
"さん","さん","さん","51","4569","0","three,3","","1579350"
"には","には","には","50","31","","to,for,on,in,at,in order to,for,as for,regarding,while it is (was) the case that ...,indeed ... (but),certainly ... (but)","","2215430"
"わよ","わよ","わよ","49","418","","emphatic sentence-ending particle","","2684260"
"今","今[いま]","いま","48","52","1","now,the present time,just now,soon,immediately,another,more","","1288850"
"思う","思[おも]う","おもう","48","32","2","to think,to consider,to believe,to reckon,to think (of doing),to plan (to do),to judge,to assess,to regard,to imagine,to suppose,to dream,to expect,to look forward to,to feel,to be (in a state of mind),to desire,to want,to care (deeply) for,to yearn for,to worry about,to love,to recall,to remember","","1589350"
"みんな","みんな","みんな","47","115","0,2","everyone,everybody,all,everything,all","","1202150"
"できる","できる","できる","46","60","2","to be able to do,to be possible,to be permitted (to do),to be good at,to do well,to be proficient (in),to be capable,to come into existence,to form,to appear,to come up (of a matter),to be born,to make (a friend),to get (a girlfriend, free time, etc.),to be made,to be built,to be constructed,to be formed,to be established,to be set up,to be finished,to be completed,to be done,to be ready,to grow (of a crop),to be produced,to be mature and well-balanced,to be of fine character,to be by nature,to be born ...,to become (sexually) involved (with),to become intimate (with),to take up (with someone),to get pregnant","","1340450"
"だった","だった","だった","45","36","","was,were","","2819970"
"だけ","だけ","だけ","45","38","1","only,just,merely,simply,no more than,nothing but,alone,as much as,to the extent of,enough to","","1007340"
"では","では","では","45","69","1","then,well,so,well then,bye then,at,in,by,with,using,if not ...,unless ...","","1008450"
"なん","なん","なん","42","87","0,1","what,how many,many,a lot of,several,a few,some","","2846738"
"あの","あの","あの","42","58","1","that,those,the","","1000420"
"赤い","赤[あか]い","あかい","41","1051","0","red,crimson,scarlet,vermilion,Red,communist","","1383240"
"だから","だから","だから","41","47","1","so,therefore,accordingly,consequently,on those grounds,that is why,for that reason,like I said,I told you already","","1007310"
"なら","なら","なら","41","51","1","if,in case,if it is the case that,if it is true that,as for,on the topic of,if that's the case,if so,that being the case,if possible,if circumstances allow","","1009470"
"聞く","聞[き]く","きく","41","62","0","to hear,to listen (e.g. to music),to ask,to enquire,to query,to hear about,to hear of,to learn of,to follow (advice, order, etc.),to obey,to listen to,to comply with,to hear (e.g. a plea),to grant (a request),to accept (e.g. an argument),to give consideration to,to smell (esp. incense),to sample (a fragrance),to taste (alcohol),to try","","1591110"
"こんな","こんな","こんな","40","68","0","this sort of,this kind of,like this,such","","1004880"
"まで","まで","まで","39","44","","until (a time),till,to,up to,to (a place or person),as far as,to (an extent),up to,so far as,even,only,merely","","1525680"
"皆さん","皆[みな]さん","みなさん","37","605","2","all,everyone,everybody","","1202170"
"何","何[なに]","なに","37","89","0,1","what,you-know-what,that thing,whatsit,whachamacallit,what's-his-name,what's-her-name,penis,(one's) thing,dick,(not) at all,(not) in the slightest,what?,huh?,hey!,come on!,oh, no (it's fine),why (it's nothing),oh (certainly not)","","1577100"
"どう","どう","どう","37","53","2","how,in what way,how about","","1008910"
"あなた","あなた","あなた","36","117","2,1","you,dear,honey","","1223615"
"死ぬ","死[し]ぬ","しぬ","35","173","0","to die,to pass away,to lose spirit,to lose vigor,to look dead,to cease,to stop","","1310730"
"普通","普[ふ]通[つう]","ふつう","34","390","0","normal,ordinary,regular,usual,common,average,normally,ordinarily,usually,generally,commonly,local train,train that stops at every station","","1497190"
"わ","わ","わ","34","103","1","indicates emotion or admiration,indicates emphasis,I,me,wah!,boo!","","2029100"
"のに","のに","のに","34","88","","although,despite,even though,and yet,whereas,while,if only,I wish,in order to","","1009980"
"依頼","依[い]頼[らい]","いらい","33","2198","0","request,commission,entrusting (with a matter),dependence,reliance","","1155710"
"という","という","という","33","75","","called,named,that says,that,as many as,as much as,all ...,every single ...","","1922760"
"様","様[さま]","さま","32","438","2","Mr,Mrs,Miss,Ms,makes a word more polite (usu. in fixed expressions),state,situation,appearance,manner","","1545790"
"だって","だって","だって","32","83","1","after all,because,but,even,too,as well,also,they say,I hear,you mean","","2643970"
"見る","見[み]る","みる","31","42","1","to see,to look,to watch,to view,to observe,to examine,to look over,to assess,to check,to judge,to look after,to attend to,to take care of,to keep an eye on,to experience,to meet with (misfortune, success, etc.),to try ...,to have a go at ...,to give ... a try,to see (that) ...,to find (that) ...","","1259290"
"じゃあ","じゃあ","じゃあ","31","127","0","then,well,so,well then","","1005900"
"じゃ","じゃ","じゃ","31","120","0","be,is,isn't it?","","2851029"
"剣","剣[けん]","けん","30","2681","1","sword (esp. a large, double-edged one),blade,bayonet,swordsmanship,stinger,ovipositor,dart","","1256750"
"うっ","うっ","うっ","30","575","","oof,ough,ulp","","2002810"
"わね","わね","わね","30","479","","isn't it?,it really is","","2457930"
"大丈夫","大[だい]丈[じょう]夫[ぶ]","だいじょうぶ","30","101","3","safe,secure,sound,problem-free,without fear,all right,alright,OK,okay,certainly,surely,undoubtedly,no thanks,I'm good,that's alright,great man,fine figure of a man","","1414150"
"よい","よい","よい","29","131","1","good,excellent,fine,nice,pleasant,agreeable,sufficient,enough,ready,prepared,profitable (deal, business offer, etc.),beneficial,OK,all right,fine,no problem,easy to ...","","1605820"
"何","何[なん]","なん","29","86","0,1","what,how many,many,a lot of,several,a few,some","","2846738"
"とは","とは","とは","29","82","","indicates word or phrase being defined,used for quoting (thoughts, speech, etc.),with,(not) as much as,(not) so much as,the fact that,to think that,such a thing as","","2028950"
"行く","行[い]く","いく","29","55","0","to go,to move (towards),to head (towards),to leave (for),to move through,to travel across,to walk along (e.g. a road),to go (well, badly, etc.),to proceed,to turn out,to get along,to do (in a particular way),to go (with; a choice),to try,to pass (of time, seasons, etc.),to go by,to stream,to flow,to die,to pass away,to reach (a stage, extent, age, etc.),to get to,to go (so far as ...),to reach (of information, instructions, wind, etc.),to arrive,to continue ...,to go on ...,to (progress) steadily,to gradually ...,to progressively ...,to have an orgasm,to come,to cum,to trip,to get high,to have a drug-induced hallucination","","1578850"
"本当","本[ほん]当[とう]","ほんとう","29","140","0","truth,reality,actuality,fact,proper,right,correct,official,genuine,authentic,real,natural,veritable","","1523060"
"なんで","なんで","なんで","28","208","1","why?,what for?,how?,by what means?","","1611020"
"よし","よし","よし","28","191","1","alright,all right,right on,looking good,OK,okay","","2607690"
"ぞ","ぞ","ぞ","27","85","","adds force or indicates command","","2029130"
"もの","もの","もの","27","61","0,2","thing,object,article,stuff,substance,one's things,possessions,property,belongings,things,something,anything,everything,nothing,quality,reason,the way of things,used to emphasize emotion, judgment, etc.,used to indicate a common occurrence in the past (after a verb in past tense),used to indicate a general tendency,used to indicate something that should happen,item classified as ...,item related to ...,work in the genre of ...,cause of ...,cause for ...,somehow,somewhat,for some reason,really,truly","","1502390"
"来る","来[く]る","くる","27","64","1","to come (spatially or temporally),to approach,to arrive,to come back,to do ... and come back,to come to be,to become,to get,to grow,to continue,to come from,to be caused by,to derive from,to come to (e.g. ""when it comes to spinach ..."")","","1547720"
"やっぱり","やっぱり","やっぱり","26","150","3","as expected,sure enough,just as one thought,after all (is said and done),in the end,as one would expect,in any case,too,also,as well,likewise,(not) either,still,as before,all the same,even so,still,nonetheless","","1012810"
"盗賊","盗[とう]賊[ぞく]","とうぞく","25","13085","0","thief,robber,burglar,bandit","","1448470"
"何か","何[なに]か","なにか","25","109","1","something,some,any,somehow,for some reason,(so) what (are you trying to say)?,what (do you mean)?","","1188270"
"世界","世[せ]界[かい]","せかい","25","272","1,2","the world,society,the universe,sphere,circle,world,world-renowned,world-famous,realm governed by one Buddha,space","","1373860"
"竜","竜[りゅう]","りゅう","25","6194","0","dragon (esp. a Chinese dragon),naga,semi-divine human-cobra chimera in Hindu and Buddhist mythology,promoted rook","","1629170"
"として","として","として","25","118","","as (i.e. in the role of),for (i.e. from the viewpoint of),apart from ... (used to change the topic),even (e.g. ""not even a single person""),thinking that ...,trying to ...","","1008590"
"とき","とき","とき","25","363","2","time,hour,moment,occasion,case,chance,opportunity,season,the times,the age,the day,tense","","1315840"
"殺す","殺[ころ]す","ころす","24","400","0","to kill,to slay,to murder,to slaughter,to suppress,to block,to hamper,to destroy (e.g. talent),to eliminate (e.g. an odour),to spoil (e.g. a flavour),to kill (e.g. one's speed),to suppress (a voice, feelings, etc.),to hold back,to stifle (a yawn, laugh, etc.),to hold (one's breath),to put out (a runner),to pawn,to put in hock","","1299030"
"や","や","や","24","57","1","such things as ...,and ... and,the minute (that) ...,no sooner than ...,as soon as,be,is,o,oh,huh,what,hi,yes,what?,yes?,no?,is it?,isn't it?","","2028960"
"かな","かな","かな","23","106","0","I wonder,should I?,is it?,I wish that,I hope that","","1002940"
"人","人[ひと]","ひと","23","65","0,2","person,someone,somebody,human beings,mankind,man,people,humans,human (Homo sapiens),(other) people,others,character,personality,nature,capable person,competent person,suitable person,right person,adult,grown-up,I,me,one","","1580640"
"子ども","子[こ]ども","こども","23","3404","0","child,children","","1307850"
"なに","なに","なに","23","707","0,1","what,you-know-what,that thing,whatsit,whachamacallit,what's-his-name,what's-her-name,penis,(one's) thing,dick,(not) at all,(not) in the slightest,what?,huh?,hey!,come on!,oh, no (it's fine),why (it's nothing),oh (certainly not)","","1577100"
"まだ","まだ","まだ","23","76","1","still,as yet,only,(not) yet,more,(more) still,at least,comparatively,relatively,unfinished,incomplete,not yet done","","1527110"
"今日","今日[きょう]","きょう","23","93","1","today,this day,these days,recently,nowadays","","1579110"
"すごい","すごい","すごい","23","167","2","terrible,dreadful,amazing (e.g. of strength),great (e.g. of skills),wonderful,terrific,to a great extent,vast (in numbers),awfully,very,immensely","","1374550"
"古","古[ふる]","ふる","23","25090","0","used item,secondhand item,old,used,previous","","1265060"
"誓い","誓[ちか]い","ちかい","23","8692","0,2","oath,vow","","1381200"
"いう","いう","いう","23","113","0","to say,to utter,to declare,to name,to call,to go (e.g. ""the alarm went ping""),to make a noise","","1587040"
"仲間","仲[なか]間[ま]","なかま","22","568","3","companion,fellow,friend,mate,comrade,partner,colleague,coworker,associate,group,company,circle,set,gang,member of the same category (family, class)","","1425790"
"また","また","また","22","73","0,2","again,once more,once again,another time,some other time,also,too,as well,likewise,on the other hand,while,and,in addition,besides,moreover,furthermore,or,otherwise,really,how,(what, why) on earth,some time (in the future),indirect","","1524930"
"あれ","あれ","あれ","22","102","1","that,that thing,that person,then,that time,that place (over there),down there (i.e. one's genitals),period,menses","","1000580"
"よね","よね","よね","22","172","1","isn't that right?","","2667510"
"まぁ","まぁ","まぁ","22","1840","1","just (e.g. ""just wait here""),come now,now, now,tolerably,passably,moderately,reasonably,fairly,rather,somewhat,well ...,I think ...,it would seem ...,you might say ...,Hmmm, I guess so ...,oh!,oh dear!,oh, my!,wow!,goodness gracious!,good heavens!","","1012050"
"うわ","うわ","うわ","22","683","","yikes,oops,eep,wow,aargh","","2061250"
"なの","なの","なの","22","156","","that's the way it is,yes,is that so?,is it?","","2425930"
"転生","転[てん]生[せい]","てんせい","21","14638","0","transmigration,reincarnation,metempsychosis","","1441240"
"わけ","わけ","わけ","21","159","1,2","reason,cause,grounds,meaning,sense,(good) sense,reason,circumstances,case,(romantic) relationship,love affair","","1538330"
"ような","ような","ような","21","94","","like,similar to,(I) think (that),(I) have a feeling (that),feels like,feels similar to,feels as if","","2409180"
"使う","使[つか]う","つかう","21","152","0","to use (a tool, method, etc.),to make use of,to put to use,to use (a person, animal, puppet, etc.),to employ,to handle,to manage,to manipulate,to use (time, money, etc.),to spend,to consume,to use (language),to speak","","1305990"
"そして","そして","そして","21","148","2","and,and then,thus,and now,and finally","","1006730"
"なんか","なんか","なんか","21","112","","something like ...,things like ...,someone like ...,the likes of ...","","1009500"
"人間","人[にん]間[げん]","にんげん","20","184","0","human being,human,person,man,mankind,humankind,character (of a person)","","1366770"
"ありがとう","ありがとう","ありがとう","20","186","2","thank you,thanks","","1586820"
"話す","話[はな]す","はなす","20","180","2","to talk,to speak,to converse,to chat,to tell,to explain,to narrate,to mention,to describe,to discuss,to speak (a language)","","1562350"
"いく","いく","いく","20","209","0","to go,to move (towards),to head (towards),to leave (for),to move through,to travel across,to walk along (e.g. a road),to go (well, badly, etc.),to proceed,to turn out,to get along,to do (in a particular way),to go (with; a choice),to try,to pass (of time, seasons, etc.),to go by,to stream,to flow,to die,to pass away,to reach (a stage, extent, age, etc.),to get to,to go (so far as ...),to reach (of information, instructions, wind, etc.),to arrive,to continue ...,to go on ...,to (progress) steadily,to gradually ...,to progressively ...,to have an orgasm,to come,to cum,to trip,to get high,to have a drug-induced hallucination","","1578850"
"みたい","みたい","みたい","20","98","","-like,sort of,similar to,resembling","","2016410"
"くらい","くらい","くらい","20","218","3","approximately,about,around,or so,to (about) the extent that,(almost) enough that,so ... that ...,at least,as ... as ...,like","","1154340"
"すみません","すみません","すみません","20","520","4","excuse me,pardon me,I'm sorry,I beg your pardon,thank you,you shouldn't have,it's too much","","1295060"
"どうして","どうして","どうして","20","176","1","how,in what way,by what means,why,for what reason,for what purpose,what for,cannot possibly,no way","","1466940"
"前","前[まえ]","まえ","20","74","1","in front (of),before (e.g. a building),before,earlier,previously,prior,ago,(minutes) to (the hour),(the) front,frontal part,fore,head (e.g. of a line),forward,ahead,(in the) presence (of),in front (of someone),previous (e.g. page),prior (e.g. engagement),first (e.g. half),former (e.g. example),portion,helping,front (of one's body or clothing),breast (of a coat, kimono, etc.),privates,private parts,criminal record,previous conviction,(a) prior","","1392580"
"いや","いや","いや","20","77","1","no","","2857380"
"ちゃん","ちゃん","ちゃん","19","12220","2,1","father","","1497610"
"貴族","貴[き]族[ぞく]","きぞく","19","6121","1","nobility,aristocracy,peerage","","1223550"
"相手","相[あい]手[て]","あいて","19","221","3","companion,partner,company,other party,addressee,counterparty,opponent (sports, etc.)","","1401000"
"獣人","獣[じゅう]人[じん]","じゅうじん","19","27710","0","(fictional) fusion of human and animal,therianthrope,furry,human beast","","2083010"
"使える","使[つか]える","つかえる","19","732","0","to be usable,to be serviceable,to be useful","","1607180"
"うわっ","うわっ","うわっ","19","551","","yikes,oops,eep,wow,aargh","","2061250"
"話","話[はなし]","はなし","19","95","3","talk,speech,chat,conversation,topic,subject,discussions,negotiation,argument,rumor,talk,hearsay,tale,story,fable,circumstances,particulars","","1600900"
"家族","家[か]族[ぞく]","かぞく","18","538","1","family","","1192150"
"子","子[こ]","こ","18","213","0","child,kid,teenager,youngster,young (non-adult) person,(one's) child,offspring,young woman,young (animal),offshoot,interest,new share,player who is not a dealer,young geisha,young prostitute,bird egg,-er (often of young women)","","1307770"
"あの","あの","あの","18","165","0","say,well,um,er","","1000430"
"知る","知[し]る","しる","18","67","0","to know,to be aware (of),to be conscious (of),to learn (of),to find out,to discover,to sense,to feel,to notice,to realize,to understand,to comprehend,to grasp,to appreciate,to remember,to be familiar with,to be acquainted with,to experience,to go through,to know (e.g. hardship),to get acquainted with (a person),to get to know,to have to do with,to be concerned with,to be one's concern,to be one's responsibility","","1420470"
"作る","作[つく]る","つくる","18","171","2","to make,to produce,to manufacture,to build,to construct,to prepare (food),to brew (alcohol),to raise,to grow,to cultivate,to train,to till,to draw up (a document),to make out,to prepare,to write,to create (an artistic work, etc.),to compose,to coin (a phrase),to organize,to organise,to establish,to found,to have (a child),to make up (one's face, etc.),to fabricate (an excuse, etc.),to give a (false) appearance,to feign (a smile, etc.),to put on a show of emotion,to form (a line, etc.),to set (a record),to commit (a sin, etc.)","","1597890"
"学校","学[がっ]校[こう]","がっこう","18","648","0","school","","1206730"
"でしょう","でしょう","でしょう","18","153","","it seems,I think,I guess,I wonder,right?,don't you agree?","","1008420"
"どこ","どこ","どこ","18","104","1,0","where,what place,how much (long, far),what extent","","1577140"
"かわいい","かわいい","かわいい","18","521","3","cute,adorable,charming,lovely,pretty,dear,precious,darling,pet,innocent,childlike,childish,lovable,dainty,little,tiny","","1577200"
"ため","ため","ため","18","92","2","good,advantage,benefit,welfare,sake,purpose,objective,aim,consequence,result,effect,affecting,regarding,concerning","","1157080"
"待つ","待[ま]つ","まつ","18","80","1","to wait,to await,to look forward to,to anticipate,to depend on,to need","","1410590"
"まさか","まさか","まさか","18","241","1","by no means,never!,well, I never!,you don't say!,no way!,certainly (not),surely (not),hardly (expected),something unexpected,emergency,indeed,really,truly,unexpectedly,(the) present,(the) here and now,situation at hand","","1363540"
"もっと","もっと","もっと","17","134","1","(some) more,even more,longer,further","","1012620"
"あと","あと","あと","17","133","0","behind,rear,after,later,remainder,the rest,more (e.g. five more minutes),left,also,in addition,descendant,successor,heir,after one's death,past,previous","","1269320"
"なんだ","なんだ","なんだ","17","99","1","it is assuredly that ...,can say with confidence that ...,did not ...","","2140410"
"やめる","やめる","やめる","17","132","0","to resign,to retire,to quit,to leave (one's job, etc.)","","1318950"
"娘","娘[むすめ]","むすめ","17","547","3","daughter,girl (i.e. a young, unmarried woman)","","1531190"
"実家","実[じっ]家[か]","じっか","17","2025","0","(one's parents') home","","1320900"
"なんだ","なんだ","なんだ","17","192","1","what!,oh,what the heck,what the,damn","","2119750"
"だけど","だけど","だけど","17","161","1","but,however,although","","1007370"
"より","より","より","17","96","0","than,rather than,instead of,over,above,from,out of,since,at,on (and after),except,but,other than,more","","1013190"
"入る","入[はい]る","はいる","17","105","0","to enter,to come in,to go in,to get in,to arrive,to join (a club, company, etc.),to enter (a university, the army, etc.),to enroll (in),to go into (e.g. politics),to get into,to be contained (in),to be included (in),to be inside (e.g. a box),to come under (a heading),to belong (in a category),to (be able to) fit (in a container, building, etc.),to be (able to be) held,to be (able to be) accommodated,to be introduced,to be brought in,to be installed,to be received,to be obtained,to be scored (of points),to be won (of votes),to turn on,to start functioning,to start working,to enter (a month, season, etc.),to reach (e.g. a climax),to get to (e.g. the main topic),to enter into (e.g. negotiations),to start (doing),to begin,to form (of a crack, fissure, etc.),to develop,to be put in (of effort, spirit, feeling, etc.),to be applied (e.g. of strength),to be ready (of tea, coffee, etc.),to be made,to enter the body (of alcohol),to become drunk","","1465590"
"逃げる","逃[に]げる","にげる","17","243","2","to run away,to flee,to get away (e.g. from danger),to escape,to break out,to leave (e.g. one's spouse),to take cover,to avoid (a question, responsibility, etc.),to evade,to dodge,to shirk,to back away,to win without being overtaken,to hold off the other contenders (until the finish),to keep the lead (and win),to escape (of heat, a gas, etc.),to leak out (e.g. of a scent),to be lost (e.g. of flavor),to fail to hold an ideal posture","","1450330"
"戦う","戦[たたか]う","たたかう","17","799","0","to make war (on),to wage war (against),to go to war (with),to fight (with),to do battle (against),to compete (against),to struggle (against adversities, etc.),to fight,to contend,to resist","","1596960"
"えー","えー","えー","17","352","1,2,0","yes,that is correct,right,um,errr,well,huh?,grrr,gah,must I?,good","","1001140"
"え","え","え","16","107","1","eh?,what?,oh?,yes,that's correct,strengthens a question, assertion, etc.,hey","","2122310"
"誰","誰[だれ]","だれ","16","128","1","who","","1416830"
"怖い","怖[こわ]い","こわい","16","264","2","scary,frightening,eerie,dreadful","","1593480"
"うーん","うーん","うーん","16","342","0,2","um,er,well,nuh-uh,no,oof","","2002400"
"様","様[よう]","よう","16","6699","2","appearing ...,looking ...,way to ...,method of ...ing,form,style,design,like,similar to,thing (thought or spoken)","","1605840"
"あなたたち","あなたたち","あなたたち","16","1793","","you (plural)","","2830440"
"街","街[まち]","まち","16","1089","1","town,block,neighbourhood,neighborhood,downtown,main street,street,road","","1603990"
"帰る","帰[かえ]る","かえる","16","114","1","to return,to come home,to go home,to go back,to leave (of a guest, customer, etc.),to get home,to get to home plate","","1221270"
"こっち","こっち","こっち","16","142","1,2","this way,this direction,here,this (one),I,me,we,us,this person","","1004500"
"国","国[くに]","くに","15","868","0","country,state,region,national government,central government,home (i.e. hometown, home country),province (of Japan),land,earth","","1592250"
"お前たち","お前[まえ]たち","おまえたち","15","1725","2","you (plural)","","2834051"
"悪い","悪[わる]い","わるい","15","122","2","bad,poor,undesirable,poor (quality),inferior,insufficient,evil,sinful,ugly,not beautiful,at fault,to blame,in the wrong,bad (at doing something),unprofitable,unbeneficial,sorry,(my) bad,unforgivable","","1151260"
"幸せ","幸[しあわ]せ","しあわせ","15","444","0","happiness,good fortune,luck,blessing","","1594060"
"今度","今[こん]度[ど]","こんど","15","205","1","this time,now,next time,another time,shortly,soon,recently,lately,the other day","","1289370"
"１人","１[ひと]人[り]","ひとり","15","746","2","one person,being alone,being by oneself,being single,being unmarried,by oneself,alone,just,only,simply","","1576150"
"まずは","まずは","まずは","15","653","1","first of all,to begin with,before anything else,probably,most likely,almost certainly,virtually,more or less (satisfactory),on the whole,reasonably,anyway,at any rate,for now (at least),for the time being","","2829815"
"討伐","討[とう]伐[ばつ]","とうばつ","15","10104","0,1","subjugation (using military force),suppression,subduing","","1449970"
"次","次[つぎ]","つぎ","15","198","2","next,following,subsequent,stage,station","","1316380"
"戻る","戻[もど]る","もどる","15","164","2","to turn back (e.g. half-way),to return,to go back,to recover (e.g. something lost),to be returned,to rebound,to spring back","","1535880"
"お父さん","お父[とう]さん","おとうさん","15","633","2","father,dad,papa,pa,pop,daddy,dada,husband,you (of an elderly person older than the speaker),he,him","","1002590"
"力","力[ちから]","ちから","15","289","3","force,strength,might,vigour,vigor,energy,capability,ability,proficiency,capacity,faculty,efficacy,effect,effort,endeavours,endeavors,exertions,power,authority,influence,good offices,agency,support,help,aid,assistance,stress,emphasis,means,resources","","1554820"
"ので","ので","ので","15","136","","because,as,since,so,therefore,because of that,therefore,accordingly,consequently,on those grounds,that is why,for that reason","","1009970"
"負ける","負[ま]ける","まける","14","465","0","to lose,to be defeated,to be beaten,to give in (to),to yield,to succumb,to give way,to surrender,to be overcome (with),to be inferior (to),to be second (to),to be outdone (by),to get a rash (from),to come out in a rash,to reduce the price,to give a discount,to throw in (something extra) for free","","1497980"
"倍","倍[ばい]","ばい","14","2194","0,1","double,twice (as much),times (as much),-fold,1-nth,1 to n,1 in n","","1473230"
"誓う","誓[ちか]う","ちかう","14","2465","2,0","to swear,to vow,to take an oath,to pledge","","1381210"
"そこ","そこ","そこ","14","97","0","there (place relatively near listener),there (place just mentioned),that place,then (of some incident just spoken of),that (of point just raised),you","","1006670"
"なぜ","なぜ","なぜ","14","387","0","why,how,for what reason","","1577120"
"おじいちゃん","おじいちゃん","おじいちゃん","14","4034","","grandpa,granddad","","2007470"
"すべて","すべて","すべて","14","974","1","everything,all,the whole,entirely,completely,wholly,all","","1595730"
"だろう","だろう","だろう","14","50","","seems,I think,I guess,I wonder,I hope,right?,don't you agree?,I thought you'd say that!","","1928670"
"３人","３[さん]人[にん]","さんにん","14","1129","3","three people","","1301000"
"友達","友[とも]達[だち]","ともだち","14","513","0","friend,companion","","1540170"
"商会","商[しょう]会[かい]","しょうかい","14","21467","0","firm,company","","1346640"
"勝つ","勝[か]つ","かつ","14","529","1","to win,to gain victory","","1346150"
"かも","かも","かも","14","189","1","may,might,perhaps,may be,possibly","","2143350"
"ごめんなさい","ごめんなさい","ごめんなさい","14","357","","I'm sorry,my apologies,excuse me,pardon me","","1270680"
"初めて","初[はじ]めて","はじめて","14","254","2","for the first time,only after ... is it ...,only when ... do you ...,not until ... do you ...,first time,(one's) first","","1342550"
"学園","学[がく]園[えん]","がくえん","13","4173","0","educational institution,school,academy,campus","","1206570"
"騎士","騎[き]士[し]","きし","13","5955","1,2","(medieval) knight,samurai on horseback","","1224110"
"何も","何[なに]も","なにも","13","201","1,0","(not) anything,(nothing) at all,(not) any,nothing,and everything else,and all,(not) at all,(not) in the least,(not) especially,(not) to that extent","","1188490"
"違う","違[ちが]う","ちがう","13","111","2","to differ (from),to be different,to be distinct,to be unlike,to vary,to disagree (with),to be wrong,to be incorrect,to be mistaken,to become abnormal,to go wrong,isn't it?,wasn't it?","","1158880"
"くっ","くっ","くっ","13","1582","","tch,ugh,damn","","2870321"
"そういう","そういう","そういう","13","151","0","such,like that,that sort of","","1394680"
"小娘","小[こ]娘[むすめ]","こむすめ","13","5661","2","young girl,lass,adolescent female","","1640110"
"請ける","請[う]ける","うける","13","40122","2","to receive,to get,to catch (e.g. a ball),to be struck by (wind, waves, sunlight, etc.),to sustain (damage),to incur (a loss),to suffer (an injury),to feel (influence),to undergo (e.g. surgery),to take (a test),to accept (a challenge),to be given (e.g. life, talent),to find funny,to find humorous,to be amused (by),to follow,to succeed,to be descended from,to face (south, etc.),to be modified by,to obtain (a pawned item, etc.) by paying a fee,to be well-received,to become popular,to go down well","","1329590"
"へ","へ","へ","13","59","1","to,towards,for","","2029000"
"胸","胸[むね]","むね","13","625","2","chest,breast,breasts,bosom,bust,heart,lungs,stomach,heart,mind,feelings","","1237820"
"失う","失[うしな]う","うしなう","13","667","0","to lose,to miss (a chance, opportunity),to lose (a loved one),to be bereaved of,to concede (goals, points, etc.)","","1319750"
"父","父[ちち]","ちち","13","878","2,1","father","","1497610"
"倒す","倒[たお]す","たおす","13","1196","2","to throw down,to bring down,to blow down,to fell,to knock down,to set (something) down on its side,to turn (something) on its side,to recline (e.g. a seat),to kill,to defeat,to beat,to overthrow,to trip up,to ruin,to leave unpaid,to cheat,to do completely,to do thoroughly,to do to the fullest","","1445770"
"自分","自[じ]分[ぶん]","じぶん","13","72","0","myself,yourself,oneself,himself,herself,I,me,you","","1318610"
"えーっ","えーっ","えーっ","13","2496","1,2,0","yes,that is correct,right,um,errr,well,huh?,grrr,gah,must I?,good","","1001140"
"お前","お前[まえ]","おまえ","13","110","0","you,before (a god, nobleman, etc.),in front of","","1002290"
"許す","許[ゆる]す","ゆるす","13","281","2","to permit,to allow,to approve,to consent to,to forgive,to pardon,to excuse,to tolerate,to exempt (someone) from,to remit,to release,to let off,to acknowledge,to admit,to trust,to confide in,to let one's guard down,to give up (points in a game, distance in a race, etc.),to yield","","1232870"
"今回","今[こん]回[かい]","こんかい","12","448","1","this time,now","","1289070"
"者","者[もの]","もの","12","310","2","person","","1322990"
"ただ","ただ","ただ","12","126","1","ordinary,common,usual,free of charge,unaffected,as is,safe,only,merely,just,simply,but,however,nevertheless","","1538900"
"あ","あ","あ","12","63","1","ah,oh,hey!","","2394370"
"見える","見[み]える","みえる","12","144","2","to be seen,to be visible,to be in sight,to look,to seem,to appear,to come","","1259140"
"ではない","ではない","ではない","12","234","","is not,am not,are not","","2823770"
"伯爵","伯[はく]爵[しゃく]","はくしゃく","12","18137","0","count,earl","","1474260"
"本当に","本[ほん]当[とう]に","ほんとうに","12","247","5,0","really,truly","","1611580"
"しかし","しかし","しかし","12","211","2","however,but","","1505990"
"炎","炎[ほのお]","ほのお","12","2463","1,2","flame,blaze,flames (of intense emotion, e.g. love, jealousy, anger),passion","","1177070"
"ように","ように","ように","12","84","","like,as,so that,in order that,so as to,in order to,be sure to,I hope (that),I pray (that),may","","1013110"
"強い","強[つよ]い","つよい","12","239","2","strong,potent,competent,domineering,tough,strong,brawny,powerful,healthy,rugged,good (at),skilled,knowledgeable,being able to handle,know how to deal (with),durable (against),resistant (to),resilient,firm,rigid,solid,intense,strong,fierce,high,dependable,trustworthy","","1236070"
"こそ","こそ","こそ","12","258","","it is ... that ...,precisely,in particular,definitely,for sure,only (when, after, because, etc.),although,while,it is the case that ... but,it is precisely because ... that ...,only because ...,not at all,not in the slightest,absolutely not,never","","1004410"
"ところ","ところ","ところ","12","145","0,3","place,spot,scene,site,address,district,area,locality,one's house,point,aspect,side,facet,passage (in text),part,space,room,thing,matter,whereupon,as a result,about to,on the verge of,was just doing,was in the process of doing,have just done,just finished doing,approximately,around,about","","1343100"
"はぁ","はぁ","はぁ","12","1022","1","yes,indeed,well,ha!,what?,huh?,sigh","","2069620"
"もしかして","もしかして","もしかして","12","522","1","perhaps,possibly,maybe,by any chance,if I'm not mistaken,if,in case,in the event that","","1012520"
"出る","出[で]る","でる","12","81","1","to leave,to exit,to go out,to come out,to get out,to leave (on a journey),to depart,to start out,to set out,to move forward,to come to,to get to,to lead to,to reach,to appear,to come out,to emerge,to surface,to come forth,to turn up,to be found,to be detected,to be discovered,to be exposed,to show,to be exhibited,to be on display,to appear (in print),to be published,to be announced,to be issued,to be listed,to come out,to attend,to participate,to take part,to enter (an event),to play in,to perform,to be stated,to be expressed,to come up,to be brought up,to be raised,to sell,to exceed,to go over,to stick out,to protrude,to break out,to occur,to start,to originate,to be produced,to come from,to be derived from,to be given,to get,to receive,to be offered,to be provided,to be presented,to be submitted,to be handed in,to be turned in,to be paid,to answer (phone, door, etc.),to get,to assume (an attitude),to act,to behave,to pick up (speed, etc.),to gain,to flow (e.g. tears),to run,to bleed,to graduate,to ejaculate,to cum","","1338240"
"ぜ","ぜ","ぜ","12","369","","I can tell you,heh","","2834812"
"我が","我[わ]が","わが","12","1529","1","my,our,one's own","","1606620"
"である","である","である","12","185","","be,is","","1008340"
"だったら","だったら","だったら","12","238","1","if it's the case","","1007400"
"貴様","貴[き]様[さま]","きさま","12","1630","0","you,you bastard,you son of a bitch,you","","1223620"
"体","体[からだ]","からだ","12","318","1","body,torso,trunk,build,physique,frame,figure,health,constitution","","1409140"
"王都","王[おう]都[と]","おうと","12","18831","1","royal capital,imperial capital","","2684100"
"全然","全[ぜん]然[ぜん]","ぜんぜん","11","327","0","(not) at all,(not) in the slightest,wholly,entirely,completely,totally,extremely,very","","1395620"
"卒業","卒[そつ]業[ぎょう]","そつぎょう","11","1769","0","graduation,completion (of a course),moving on (from),outgrowing (something),leaving (a group, company, etc.),quitting","","1405890"
"だが","だが","だが","11","217","1","but,however,(and) yet,nevertheless,still,for all that","","2055530"
"仕事","仕[し]事[ごと]","しごと","11","207","0","work,job,labor,labour,business,task,assignment,occupation,employment,work","","1304970"
"よう","よう","よう","11","146","2","appearing ...,looking ...,way to ...,method of ...ing,form,style,design,like,similar to,thing (thought or spoken)","","1605840"
"商人","商[しょう]人[にん]","しょうにん","11","9683","2","merchant,trader,tradesman,dealer,shopkeeper","","1580270"
"お姉さん","お姉[ねえ]さん","おねえさん","11","2096","2","older sister,elder sister,young lady,miss,ma'am,older girl","","1001990"
"部屋","部屋[へや]","へや","11","276","2","room,chamber,apartment,flat,pad,stable","","1499320"
"頼む","頼[たの]む","たのむ","11","202","2","to request,to beg,to ask,to call,to order,to reserve,to entrust to,to rely on,please,please do,help me out here","","1548370"
"あんな","あんな","あんな","11","236","0","that sort of,that kind of,like that,such,so","","1000590"
"無理","無[む]理[り]","むり","11","257","1","unreasonable,unnatural,unjustifiable,impossible,forcible,forced,compulsory,excessive (work, etc.),immoderate,to work too hard,to try too hard,no way,not a chance,never,dream on,irrational","","1530970"
"出す","出[だ]す","だす","11","149","2","to take out,to get out,to put out,to reveal,to show,to submit (e.g. thesis),to turn in,to publish,to make public,to send (e.g. letter),to produce (a sound),to start (fire),to serve (food),... out (e.g. to jump out, to carry out),to begin ...,to start to ...,to burst into ...","","1338180"
"枚","枚[まい]","まい","11","1384","1","counter for thin, flat objects (e.g. sheets of paper, plates, coins),counter for portions of gyōza or soba,counter for ranks,counter for wrestlers of a particular rank,counter for fields or rice paddies,counter for palanquin bearers","","1524610"
"ほら","ほら","ほら","11","178","1","look!,see!,here!,there!,hey!","","1011710"
"父上","父[ちち]上[うえ]","ちちうえ","11","6226","2","father","","1497670"
"気がする","気[き]がする","きがする","11","485","","to feel (as if),to have a feeling (that),to have a hunch (that),to get a sense (that),to feel like doing,to want to do","","1221540"
"うん","うん","うん","11","79","1","yes,yeah,uh huh,hum,hmmm,well,erm,huh?,oof","","1001090"
"こちら","こちら","こちら","11","233","1,2","this way,this direction,here,this (one),I,me,we,us,this person","","1004500"
"魔術師","魔[ま]術[じゅつ]師[し]","まじゅつし","11","14135","3","magician,conjurer","","1524140"
"受ける","受[う]ける","うける","11","313","2","to receive,to get,to catch (e.g. a ball),to be struck by (wind, waves, sunlight, etc.),to sustain (damage),to incur (a loss),to suffer (an injury),to feel (influence),to undergo (e.g. surgery),to take (a test),to accept (a challenge),to be given (e.g. life, talent),to find funny,to find humorous,to be amused (by),to follow,to succeed,to be descended from,to face (south, etc.),to be modified by,to obtain (a pawned item, etc.) by paying a fee,to be well-received,to become popular,to go down well","","1329590"
"かける","かける","かける","11","230","2","to hang up (e.g. a coat, a picture on the wall),to let hang,to suspend (from),to hoist (e.g. sail),to raise (e.g. flag),to put on (e.g. a blanket),to put on top of,to cover,to lay,to spread,to put on (glasses, etc.),to wear (a necklace, etc.),to make (a call),to spend (time, money),to expend,to use,to pour (liquid) onto,to sprinkle (powder or spices) onto,to splash,to throw (e.g. water) onto,to turn on (an engine, radio, etc.),to set (a dial, alarm clock, etc.),to put on (a DVD, song, etc.),to use (a device, implement, etc.),to cause (someone inconvenience, trouble, etc.),to burden (someone),to impose,to multiply (arithmetic operation),to secure (e.g. lock),to take a seat,to sit,to rest (something on something else),to support (something on something else),to bind,to wager,to bet,to risk,to stake,to gamble,to put an effect (spell, anaesthetic, etc.) on,to hold (a play, festival, etc.),to hold an emotion for (pity, hope, etc.),to argue (in court),to deliberate (in a meeting),to present (e.g. idea to a conference, etc.),to increase further,to catch (in a trap, etc.),to set atop,to erect (a makeshift building),to apply (insurance),to pun (on a word),to use (a word) as a pivot word,to play on words,to be partway doing ...,to begin (but not complete) ...,to be about to ...,to address (someone),to direct (something, to someone),to do (something, to someone)","","1207610"
"我ら","我[われ]ら","われら","11","3369","1","we,us,I,me,you","","1607040"
"王国","王[おう]国[こく]","おうこく","11","7011","0","kingdom,monarchy","","1181480"
"しか","しか","しか","11","129","0,2","nothing but,except,no more than","","1005460"
"はっ","はっ","はっ","11","679","1","oh,yes,huh?,hm?,what's that?","","2835840"
"ちょ","ちょ","ちょ","11","991","","hey,hold on,come on","","2845172"
"教える","教[おし]える","おしえる","11","199","0","to teach,to instruct,to tell,to inform,to show,to preach","","1236900"
"おもしろい","おもしろい","おもしろい","11","3446","4","interesting,fascinating,intriguing,enthralling,amusing,funny,comical,enjoyable,fun,entertaining,pleasant,agreeable,good,satisfactory,favourable,desirable,encouraging","","1533580"
"任せる","任[まか]せる","まかせる","11","475","3","to leave (a matter, decision, etc. to someone),to entrust (to someone),to entrust (someone) with,to leave (to chance, one's imagination, etc.),to let (take its own course),to let (happen),to give (oneself to something),to use (money, strength, spare time, etc.) to the full,to use freely,to use without reserve","","1467150"
"秘伝","秘[ひ]伝[でん]","ひでん","11","19008","0","secret (recipe, medicine, etc.),mysteries (e.g. of an art)","","1484100"
"絶対","絶[ぜっ]対[たい]","ぜったい","11","232","0","absolutely,definitely,unconditionally,absolute,unconditional,unmistakable,absoluteness","","1386840"
"まったく","まったく","まったく","11","580","4,0","really,truly,entirely,completely,wholly,perfectly,indeed,good grief","","1394800"
"もちろん","もちろん","もちろん","11","282","2","of course,certainly,naturally","","1535780"
"神速","神[しん]速[そく]","しんそく","11","27149","0","great speed,extreme speed,swiftness","","1765260"
"水","水[みず]","みず","10","567","0","water (esp. cool or cold),fluid (esp. in an animal tissue),liquid,flood,floodwaters,water offered to wrestlers just prior to a bout,break granted to wrestlers engaged in a prolonged bout","","1371260"
"いつも","いつも","いつも","10","175","1","always,all the time,at all times,never,usual,regular,habitual,customary","","1188890"
"わし","わし","わし","10","2283","0","I,me","","2015370"
"食べる","食[た]べる","たべる","10","197","2","to eat,to live on (e.g. a salary),to live off,to subsist on","","1358280"
"魔物","魔[ま]物[もの]","まもの","10","7484","0","demon,devil,evil spirit,monster,goblin,apparition","","1524220"
"ご","ご","ご","10","203","0","honorific/polite/humble prefix,honorific suffix","","1270190"
"我","我[われ]","われ","10","4053","0","I,me,oneself,you,prefix indicating familiarity or contempt","","1196670"
"お金","お金[かね]","おかね","10","689","0","money","","1001820"
"決まる","決[き]まる","きまる","10","346","0","to be decided,to be settled,to be fixed,to be arranged,to be unchanging,to be the same (as always),to be fixed,to be set,to be a fixed rule,to be destined,to be a convention,to be a custom,to be common knowledge,to be well executed (of a manoeuvre in a sport, game, etc.),to go well,to succeed,to connect (of a punch),to look good (of clothing),to look sharp,to be stylish,to suit one,to be held in place (of a hairdo),to be struck and held (of a pose in kabuki),to get high (on drugs)","","1591420"
"一緒に","一[いっ]緒[しょ]に","いっしょに","10","125","","together (with),at the same time,in one lump,in the same category","","1163420"
"誕生日","誕[たん]生[じょう]日[び]","たんじょうび","10","2369","3","birthday","","1419110"
"終わる","終[お]わる","おわる","10","193","0","to end,to come to an end,to finish,to close,to be over,to finish,to complete,to conclude,to finish doing,to be past its (one's) prime,to be awful,to be terrible,to suck,to be hopeless","","1589600"
"なのに","なのに","なのに","10","286","1","and yet,despite this,but even so,but even then,however,nevertheless,for all that,notwithstanding that","","2395490"
"など","など","など","10","279","1","et cetera,etc.,and the like,and so forth,or something,the likes of,for example,for instance,for one","","1582300"
"家","家[いえ]","いえ","10","195","2","house,residence,dwelling,home,family,household,lineage,family name","","1191730"
"つける","つける","つける","10","314","2","to attach,to join,to connect,to add,to append,to affix,to stick,to glue,to fasten,to sew on,to apply (ointment),to put against,to furnish (a house with),to wear,to put on,to keep a diary,to make an entry,to appraise,to set (a price),to allot,to budget,to assign,to bring alongside,to place (under guard or doctor),to follow (someone),to shadow,to tail,to stalk,to load,to give (courage to),to keep (an eye on),to establish (relations or understanding),to turn on (a light),to produce flowers (of a plant),to produce fruit,to attach,to play an attachment,to do intensely,to do fiercely,to do strongly,to be used to (doing),to be accustomed to","","1495770"
"いつ","いつ","いつ","10","228","0","when,at what time,how soon,normal times,ordinary days","","1188760"
"金貨","金[きん]貨[か]","きんか","10","19915","1","gold coin","","1242680"
"いえ","いえ","いえ","10","322","3","no,you're welcome,not at all,don't mention it","","1583250"
"文明","文[ぶん]明[めい]","ぶんめい","10","8491","0","civilization,civilisation,culture,Bunmei era (1469.4.28-1487.7.20)","","1505650"
"のう","のう","のう","10","2978","0","emphasis-adding particle","","2722170"
"さすが","さすが","さすが","10","492","0","as one would expect,just as you'd expect (from),just like (someone),still,all the same,after all,even ... (e.g. ""even a genius"")","","1552390"
"海水浴","海[かい]水[すい]浴[よく]","かいすいよく","10","19598","3","swimming in the ocean,sea bathing,seawater bath,going for a dip in the ocean","","1201520"
"２人","２[ふた]人[り]","ふたり","10","531","3,0","two persons,two people,pair,couple","","1582670"
"助ける","助[たす]ける","たすける","10","288","3","to save,to rescue,to spare,to help,to assist,to support (financially),to contribute (to),to provide aid,to facilitate,to stimulate,to promote,to contribute to","","1344410"
"君","君[きみ]","きみ","10","229","0","you,buddy,pal,monarch,ruler,sovereign,(one's) master,he,she","","1247250"
"名前","名[な]前[まえ]","なまえ","10","251","0","name,given name,first name","","1531710"
"せっかく","せっかく","せっかく","10","447","0,4","with trouble,at great pains,rare,valuable,precious,long-awaited,kind,generous","","1596090"
"わあ","わあ","わあ","10","666","1","wow!,oh!,eek!,gee!,yeah!,alright!,hurray!,waah!,boohoo!","","2087950"
"つもり","つもり","つもり","10","183","0","intention,plan,purpose,expectation,belief,assumption,thought,conviction,estimate,estimation,calculation","","1382980"
"子爵","子[し]爵[しゃく]","ししゃく","10","34296","1","viscount","","1647250"
"うおー","うおー","うおー","10","4617","","woah","","2864430"
"ほう","ほう","ほう","10","350","1","direction,way,side,area (in a particular direction),side (of an argument, etc.),one's part,type,category,field (of study, etc.),indicates one side of a comparison,way,method,manner,means,length (of each side of a square)","","1516930"
"お母さん","お母[かあ]さん","おかあさん","10","592","2","mother,mom,mum,ma,wife,you (of an elderly person older than the speaker),she,her","","1002650"
"ら","ら","ら","9","863","1","pluralizing suffix,or so,rough indicator of direction, location, amount, etc.,nominalizing suffix","","2067770"
"水着","水[みず]着[ぎ]","みずぎ","9","4861","0","bathing suit,swimsuit,swimmers","","1371830"
"なぁ","なぁ","なぁ","9","914","1","don't,do,hey,listen,look,say,now, ...,well, ...,I tell you!,you know,wow,ooh,right?,isn't it?,doesn't it?,don't you?,don't you think?,indicates na-adjective","","2029110"
"とにかく","とにかく","とにかく","9","349","1","anyway,anyhow,at any rate,in any case,at least,just,setting aside ...,regardless of ...,really,truly,certainly,definitely,undeniably","","1443990"
"最強","最[さい]強[きょう]","さいきょう","9","2469","0","strongest","","1293770"
"歳","歳[さい]","さい","9","759","2","... years old,age (of) ...","","1294940"
"平均値","平[へい]均[きん]値[ち]","へいきんち","9","39441","3","average value,mean value,mean,expectation","","1507210"
"くる","くる","くる","9","290","1","to come (spatially or temporally),to approach,to arrive,to come back,to do ... and come back,to come to be,to become,to get,to grow,to continue,to come from,to be caused by,to derive from,to come to (e.g. ""when it comes to spinach ..."")","","1547720"
"かもしれない","かもしれない","かもしれない","9","224","1","may,might,perhaps,may be,possibly","","1002970"
"我々","我[われ]々[われ]","われわれ","9","813","0","we","","1607050"
"生きる","生[い]きる","いきる","9","216","2","to live,to exist,to make a living,to subsist,to be in effect,to be in use,to function,to come to life,to be enlivened,to be safe (in baseball, go, etc.)","","1378520"
"楽しい","楽[たの]しい","たのしい","9","305","3","enjoyable,fun,pleasant,happy,delightful","","1207240"
"以上","以[い]上[じょう]","いじょう","9","316","1","not less than ...,... and over,... and above,... and upwards,... or more,beyond (e.g. one's expectations),above,more than,further than,the above,the above-mentioned,the aforementioned,the foregoing,since ...,seeing that ...,now that ...,once ...,that's all,that is the end,the end","","1155120"
"異世界","異[い]世[せ]界[かい]","いせかい","9","10051","2","another world (esp. in fiction),otherworld,parallel universe,different-dimension world,isekai","","2431170"
"明日","明日[あした]","あした","9","378","0,3","tomorrow,near future","","1584660"
"確かに","確[たし]かに","たしかに","9","456","","surely,certainly","","1205770"
"ください","ください","ください","9","344","3","please (give me),please (do for me)","","1184270"
"考える","考[かんが]える","かんがえる","9","100","4,3","to think (about, of),to think over,to ponder,to contemplate,to reflect (on),to meditate (on),to consider,to bear in mind,to allow for,to take into consideration,to think (that),to believe,to hold (a view),to judge,to conclude,to suspect,to intend (to do),to think of (doing),to plan,to predict,to anticipate,to expect,to imagine,to come up with,to think up,to contrive,to devise,to consider (as),to regard (as),to look on (as),to take,to view","","1281020"
"先生","先[せん]生[せい]","せんせい","9","309","3","teacher,instructor,master,sensei,title or form of address for a teacher, master, doctor, lawyer, etc.,intimate or teasing form of address,one's elder","","1387990"
"ったら","ったら","ったら","9","1820","1","if,when,after,when it comes to ...,as for ...,that ...,why don't you ...,why not ...,how about ...,what about ...,I tell you!,I said ...,I really mean ...,vocative particle","","2029050"
"兄様","兄[にい]様[さま]","にいさま","9","9763","1","older brother","","2669450"
"母","母[はは]","はは","9","957","1","mother","","1514990"
"あーっ","あーっ","あーっ","9","1627","1","ah!,oh!,alas!,yes,indeed,that is correct,aah,gah,argh,hey!,yo!,uh huh,yeah yeah,right,gotcha","","1565440"
"ずっと","ずっと","ずっと","9","157","0","continuously,the whole time,all the way,throughout,much (more),(by) far,far and away,a lot,a great deal,far (away),long (ago, before, after),straight,directly","","1006380"
"失敗","失[しっ]敗[ぱい]","しっぱい","9","748","0","failure,mistake,blunder","","1320140"
"大事","大[だい]事[じ]","だいじ","9","328","1,3,0","important,serious,crucial,valuable,precious,serious matter,major incident,matter of grave concern,crisis,great undertaking,great enterprise,great thing,safe,OK","","1413940"
"かぎり","かぎり","かぎり","9","3857","1,3","limit,limits,bounds,degree,extent,scope,the end,the last,as long as ...,as far as ...,as much as ...,to the limits of ...,all of ...,unless ...,(not) included in ...,(not) part of ...,being very much (in a certain state),extreme amount (of a feeling, etc.),... only (e.g. ""one time only"", ""today only""),end of one's life,final moments,death,funeral,burial","","1264610"
"いろいろ","いろいろ","いろいろ","9","574","0","various,a variety of,all sorts of,many (different),variously,in various ways,in many ways,various things,this and that","","1587850"
"人生","人[じん]生[せい]","じんせい","9","584","1","(one's) life","","1368370"
"そうだね","そうだね","そうだね","9","835","","sure,yeah,I know","","2831328"
"岩","岩[いわ]","いわ","9","4116","2","rock,boulder,crag","","1217270"
"詠唱","詠[えい]唱[しょう]","えいしょう","9","18216","0","aria,singing,chanting,reciting (e.g. a spell)","","1174850"
"顔","顔[かお]","かお","9","119","0","face,visage,looks,(facial) features,look,(facial) expression,countenance,honor (honour),face,dignity,influence,notoriety,trust,pull,clout,representative,(the) face (of something),trademark,example,members,attendees,lineup,participants,everyone involved,makeup,cosmetics","","1217730"
"すっかり","すっかり","すっかり","8","1018","3","all,completely,totally,entirely,thoroughly","","1006110"
"会う","会[あ]う","あう","8","135","1","to meet,to encounter,to see,to have an accident,to have a bad experience","","1198180"
"心配","心[しん]配[ぱい]","しんぱい","8","206","0","worry,concern,anxiety,uneasiness,fear,care,help,aid,assistance","","1360930"
"きっと","きっと","きっと","8","204","0","surely,undoubtedly,almost certainly,most likely (e.g. 90 percent),sternly,severely,having no slack,rigid,stiff,tight,suddenly,abruptly,instantly","","1003430"
"服","服[ふく]","ふく","8","766","2","clothes (esp. Western clothes),clothing,dress,costume,suit,outfit,counter for doses of medicine, gulps of tea, puffs of a cigarette, etc.","","1500940"
"持つ","持[も]つ","もつ","8","108","1","to hold (in one's hand),to take,to carry,to possess,to have,to own,to maintain,to keep,to last,to be durable,to keep,to survive,to take charge of,to be in charge of,to hold (meeting, etc.),to have (opportunity, etc.),to have ""it"",to have that special something,to be blessed with good luck","","1315720"
"おっ","おっ","おっ","8","658","1,0","oh,oops","","2770620"
"前世","前[ぜん]世[せい]","ぜんせい","8","12261","1","antiquity,the previous era","","1393440"
"早く","早[はや]く","はやく","8","138","1","early,soon,quickly,swiftly,rapidly,fast","","1400150"
"にとって","にとって","にとって","8","335","","to,for,from the standpoint of,as far as ... is concerned","","1009600"
"少し","少[すこ]し","すこし","8","123","2","a little,a bit,a small amount,a few,some,slightly,somewhat,a little while,a short time,a moment,a minute,a little way,a short distance","","1348870"
"感じ","感[かん]じ","かんじ","8","356","0","feeling,sense,impression","","1212250"
"最高","最[さい]高[こう]","さいこう","8","634","0","best,supreme,wonderful,finest,highest,maximum,most,uppermost,supreme","","1293850"
"学者","学[がく]者[しゃ]","がくしゃ","8","9847","0","scholar,academic,scientist,learned person,person of learning","","1206800"
"壁","壁[かべ]","かべ","8","1067","0","wall,partition,barrier,obstacle,hindrance,difficulty,Chinese ""Wall"" constellation (one of the 28 mansions),wall (of stones)","","1509290"
"帝国","帝[てい]国[こく]","ていこく","8","9516","0,1","empire,Empire of Japan","","1435920"
"雷","雷[かみなり]","かみなり","8","4667","0","lightning,thunder,thunderbolt,god of thunder,god of lightning,anger,fit of anger","","1585060"
"呼ぶ","呼[よ]ぶ","よぶ","8","187","0","to call out (to),to call,to invoke,to summon (a doctor, etc.),to invite,to designate,to name,to brand,to garner (support, etc.),to gather,to take as one's wife","","1266440"
"よしよし","よしよし","よしよし","8","2611","1","all right,very well,fine,OK,there, there,patting (e.g. a child on the head),stroking,caressing","","2152570"
"地獄","地[じ]獄[ごく]","じごく","8","1671","3,0","hell realm,Naraka,Hell,hell,misery,nightmare,inferno,place where a volcano or hot springs constantly spew smoke or steam","","1421090"
"勝手に","勝[かっ]手[て]に","かってに","8","454","0","arbitrarily,of its own accord,without asking,voluntarily,willfully,as one pleases,selfishly,by itself,automatically","","1346200"
"起きる","起[お]きる","おきる","8","315","2","to get up,to rise,to blaze up (fire),to wake up,to be awake,to stay awake,to occur (usu. of unfavourable incidents),to happen,to take place","","1223640"
"大変","大[たい]変[へん]","たいへん","8","255","0","very,greatly,terribly,awfully,immense,enormous,great,serious,grave,dreadful,terrible,difficult,hard,challenging,major incident,disaster","","1415000"
"４人","４[よ]人[にん]","よにん","8","2787","4,0","four people","","1985310"
"森","森[もり]","もり","8","1933","0","forest,shrine grove","","1362490"
"同じ","同[おな]じ","おなじ","8","130","0","same,identical,equal,alike,equivalent,anyway,in any case,if one must ...,if one has to ...,as long as ...","","1451750"
"でしょうか","でしょうか","でしょうか","8","413","","don't you think?,indicates question","","2825978"
"さぁ","さぁ","さぁ","8","2035","1","come (on),come now,come along,here,all right,right,okay,now,here goes,well,hmm,uh,let's see,I'm not sure,here,now,there (we go),ah,oh,about that, ...,actually, ...","","1005110"
"何の","何[なん]の","なんの","8","525","1","what,what kind of,what sort of,no ...,any,adds emphasis to the preceding word,no,not at all,oh (it's nothing)","","1920245"
"女の子","女[おんな]の子[こ]","おんなのこ","8","595","3","girl,daughter,baby girl,young woman","","1344970"
"うち","うち","うち","8","141","0","inside,within,while (e.g. one is young),during,within (e.g. a day),in the course of,among,amongst,(out) of,between,in (secret, chaos, poverty, etc.),amidst,with (e.g. success),within oneself,one's feelings,inner thoughts,we,our company,our organization,one's home,one's family,my spouse,my husband,my wife,signed on behalf of (husband's name) by his wife,I,me,imperial palace grounds,emperor","","1457730"
"敵","敵[てき]","てき","8","726","3","opponent,rival,adversary,menace,danger,threat,enemy","","1582000"
"ことがある","ことがある","ことがある","8","283","","(for something) to have occurred,to have done (something),(for something) to happen on occasion","","1004540"
"神様","神[かみ]様[さま]","かみさま","8","1803","1","God,god,deity,divinity,spirit,kami,ace,king,superior person,god (amongst men)","","1364920"
"動く","動[うご]く","うごく","8","263","2","to move,to stir,to shift,to shake,to swing,to operate,to run,to go,to work,to make a move,to take action,to act,to go into action,to be touched,to be influenced,to change,to vary,to fluctuate,to waver,to be transferred","","1451210"
"調査隊","調[ちょう]査[さ]隊[たい]","ちょうさたい","8","36541","","research team,investigative team,survey team,reconnaissance team,investigative commission,fact-finding party","","2643390"
"うぉー","うぉー","うぉー","8","16583","","woah","","2864430"
"して","して","して","8","166","0","by (indicating means of action),as (a group, etc.),indicates the agent in a causative construction,acts as a connective indicating a state or condition,adds emphasis,and,so,then","","2424740"
"実は","実[じつ]は","じつは","8","326","2","as a matter of fact,by the way,to tell you the truth,to be honest,frankly,actually","","1320830"
"おいしい","おいしい","おいしい","8","626","0,3","good(-tasting),nice,delicious,tasty,attractive (offer, opportunity, etc.),appealing,convenient,favorable,desirable,profitable","","1486650"
"親方","親[おや]方[かた]","おやかた","8","19236","3,4","master,boss,chief,foreman,supervisor,stable master,craftsman,artisan,foster parent","","1365360"
"必要","必[ひつ]要[よう]","ひつよう","8","250","0","necessary,needed,essential,indispensable,necessity,need,requirement","","1487660"
"望む","望[のぞ]む","のぞむ","8","898","0,2","to desire,to want,to wish for,to hope for,to expect (of someone),to hope for,to look forward to,to see,to command (a view of),to overlook","","1519630"
"魔力","魔[ま]力[りょく]","まりょく","8","5664","1,0","magical powers,supernatural powers,spell,charm","","1524280"
"よろしく","よろしく","よろしく","8","467","0,2","well,properly,suitably,best regards,please remember me,please treat me favorably (favourably),please take care of,please do,just like ...,as though one were ...,by all means,of course","","1224890"
"そうか","そうか","そうか","8","285","","is that so?,I see,right,oh,OK","","2093030"
"宿","宿[やど]","やど","7","4970","2","lodging,inn,hotel,house,home,dwelling,home of a servant's parents (or guarantor, etc.)","","1337190"
"見せる","見[み]せる","みせる","7","219","2","to show,to display,to make (something or someone) look ...,to present an appearance of ...,to make (something) worth watching,to be entertaining,to have (something) looked at (by a specialist),to have (an antique, etc.) appraised,to have (an injury, person, etc.) looked at (by a doctor),to take (someone) to a doctor,to make a show of (doing),to do in a conspicuous manner,to do in view of others,to resolve to do,to do at any cost,to show others that one will ...","","1259210"
"はず","はず","はず","7","261","0","should (be),bound (to be),expected (to be),must (be),nock (of a bow),nock (of an arrow),nock-shaped grip (between thumb and forefinger),wooden frame on the tip of the mast of a Japanese ship that prevents the hawser from falling out","","1476430"
"説明","説[せつ]明[めい]","せつめい","7","533","0","explanation,exposition,description,account,caption,legend","","1386460"
"記念日","記[き]念[ねん]日[び]","きねんび","7","13395","2","memorial day,commemoration day,anniversary","","1223380"
"鳥","鳥[とり]","とり","7","2056","0","bird,bird meat (esp. chicken meat),fowl,poultry","","1430250"
"泳ぐ","泳[およ]ぐ","およぐ","7","2211","2","to swim,to struggle through (a crowd),to make one's way through the world,to get along (in life),to totter,to lose one's balance","","1174340"
"波","波[なみ]","なみ","7","2326","2","wave,billow,ripple,breaker,swell,ups and downs,(something) advancing step by step,(something) surging forward inopposably,succession of changes,tendency,(new) wave","","1470970"
"ありがとうございます","ありがとうございます","ありがとうございます","7","337","","thank you","","1541040"
"恥ずかしい","恥[は]ずかしい","はずかしい","7","615","4","embarrassing,embarrassed,ashamed,humiliated,shy,disgraceful,shameful","","1421630"
"当たり前","当[あ]たり前[まえ]","あたりまえ","7","697","0","natural,reasonable,obvious,usual,common,ordinary,commonplace,the norm","","1448800"
"出会う","出[で]会[あ]う","であう","7","710","2,0","to meet (by chance),to come across,to run across,to encounter,to happen upon,to meet (e.g. of rivers, highways, etc.),to emerge and engage (an enemy)","","1598530"
"骨","骨[ほね]","ほね","7","2495","0,2","bone,frame,outline,core,backbone,spirit,fortitude,laborious,troublesome,difficult","","1288550"
"ごめん","ごめん","ごめん","7","212","0","I'm sorry,my apologies,excuse me,pardon me,may I come in?,permission,leave,license,dismissal,discharge,not wanting,objecting to,being fed up with,wishing to avoid","","1270670"
"そっち","そっち","そっち","7","457","3","that way,that direction,there,that (one),you,your family,your company,that person","","1006780"
"欲しい","欲[ほ]しい","ほしい","7","351","2","wanting (to have),desiring,wishing for,I want (you, them, etc.) to (do)","","1547330"
"奪う","奪[うば]う","うばう","7","825","2,0","to take (by force),to take away,to snatch,to steal,to rob (someone) of,to dispossess of,to deprive of,to usurp,to absorb (one's attention),to fascinate,to captivate,to charm,to dazzle","","1416340"
"気をつける","気[き]をつける","きをつける","7","912","","to be careful,to pay attention,to take care","","1591990"
"そういえば","そういえば","そういえば","7","558","4","now that you mention it,come to think of it,that reminds me,on that subject,speaking of which","","1982210"
"昨日","昨日[きのう]","きのう","7","368","2","yesterday","","1579260"
"かい","かい","かい","7","374","0","yes?,no?,isn't it?,is it?","","2017770"
"大きい","大[おお]きい","おおきい","7","410","3","big,large,great,loud,extensive,spacious,important,decisive,valuable,older,grown-up","","1588880"
"なかなか","なかなか","なかなか","7","476","0","very,considerably,easily,readily,fairly,quite,highly,rather,by no means,not readily,middle,half-way point,excellent,wonderful,very good","","1599420"
"へー","へー","へー","7","1080","1","oh, yes?,really?","","2019590"
"ひどい","ひどい","ひどい","7","474","2","cruel,heartless,hard,harsh,severe,violent,intense,strong,heavy,extreme,very bad,terrible,awful,excessive,exorbitant,unreasonable,outrageous,unfair,unjust","","1602060"
"黙る","黙[だま]る","だまる","7","371","2","to be silent,to say nothing","","1534930"
"お風呂","お風[ふ]呂[ろ]","おふろ","7","2090","2","bath","","2220600"
"安宿","安[やす]宿[やど]","やすやど","7","48194","0","cheap hotel","","1153870"
"名","名[な]","な","7","826","0","name,given name,title,fame,renown,reputation,pretext,pretense,justification,appearance","","1531330"
"技","技[わざ]","わざ","7","2671","1","technique,art,skill,move","","1225090"
"しかたない","しかたない","しかたない","7","2507","4","there's no (other) way,cannot be helped,unavoidable,inevitable,(there's) nothing one can do,having no choice,it's no use (doing),pointless,useless,no good,insufficient,not enough,hopeless (person),annoying,troublesome,awful,cannot stand it,unbearable,cannot help (doing, feeling),dying (to do)","","1305440"
"当然","当[とう]然[ぜん]","とうぜん","7","600","0","natural,right,proper,just,reasonable,appropriate,deserved,naturally,as a matter of course,rightly,deservedly,justly,of course","","1449190"
"伝説","伝[でん]説[せつ]","でんせつ","7","2493","0","legend,folklore,tradition","","1442100"
"つまり","つまり","つまり","7","412","3,1","that is to say,that is,in other words,I mean,that (this, it) means,in short,in brief,to sum up,ultimately,in the end,in the long run,when all is said and done,what it all comes down to,when you get right down to it,basically,clogging,obstruction,stuffing,(degree of) blockage,shrinkage,end,conclusion,dead end,corner,distress,being at the end of one's rope","","1610430"
"ことができる","ことができる","ことができる","7","487","","to be able (to),to be possible (to)","","1004550"
"さすがに","さすがに","さすがに","7","969","0","as one would expect,naturally,indeed,still,all the same,after all","","2140120"
"事項","事[じ]項[こう]","じこう","7","8295","1","matter,item,facts","","1313910"
"うるさい","うるさい","うるさい","7","576","0","noisy,loud,annoying,troublesome,tiresome,persistent,importunate,fussy,finicky,picky,particular,nagging,fastidious,bossy,shut up,be quiet","","1481920"
"だよね","だよね","だよね","7","700","","it is, isn't it?,I know, right?,innit?","","2733410"
"悪党","悪[あく]党[とう]","あくとう","7","8707","3","scoundrel,rascal,villain","","1152310"
"約束","約[やく]束[そく]","やくそく","7","407","0","promise,agreement,arrangement,one's word,contract,pact,appointment,engagement,date,convention,rule,destiny,fate","","1538130"
"程度","程[てい]度[ど]","ていど","7","924","1,0","degree,amount,grade,standard,of the order of (following a number),about,approximately","","1436540"
"えっと","えっと","えっと","7","702","0,3","let me see,well,errr ...,uhh ...","","1001150"
"おとなしい","おとなしい","おとなしい","7","1665","4","gentle,quiet,mild,meek,obedient,docile,well-behaved,tame,quiet (color, pattern, etc.),sober","","1414190"
"とりあえず","とりあえず","とりあえず","7","651","3,4,0","first of all,at once,right away,for now,for the time being,tentatively,anyway,at least","","1598980"
"やがる","やがる","やがる","7","491","","to have the nerve to","","1012740"
"そうですね","そうですね","そうですね","7","796","1","that's so, isn't it","","2008670"
"それにしても","それにしても","それにしても","7","1017","5","nevertheless,at any rate,even so,all things considered,be that as it may","","2008730"
"よく","よく","よく","7","121","1","nicely,properly,well,skillfully,skilfully,frequently,often,I'm glad that you ...,thank you for ...,(you have) quite the nerve to,I don't know how you can ...","","1605870"
"探索","探[たん]索[さく]","たんさく","7","6413","0","search,lookup,hunt,(item of) research,exploration,investigation","","1418340"
"過去","過[か]去[こ]","かこ","7","938","1","the past,bygone days,one's past (that one would prefer remained secret),past (tense),preterit,preterite,previous life","","1196030"
"ごまかす","ごまかす","ごまかす","7","2357","3","to deceive,to cheat,to swindle,to falsify,to misrepresent,to lie about,to tamper with,to fiddle,to doctor,to cook,to evade (a question, taxes, etc.),to dodge,to gloss over (a mistake, fault, etc.),to smooth over,to get one's way out of (a difficult situation),to explain away,to embezzle,to pocket","","1271480"
"簡単","簡[かん]単[たん]","かんたん","7","422","0","simple,easy,uncomplicated,brief,quick,light","","1214330"
"他","他[ほか]","ほか","7","399","0","another place,some other place,somewhere else,outside,another (person or thing),other,different,something else,someone else,the rest,et al.,beyond (one's expectations, imagination, etc.),outside,except,but,other than,apart from,besides,in addition to,as well as,on top of","","1203260"
"何なの","何[なん]なの","なんなの","7","2267","","what's up with ...?,what the hell?,what was that?","","2863720"
"頼る","頼[たよ]る","たよる","7","1095","2","to rely on,to depend on,to count on,to turn to (for help)","","1597200"
"だめ","だめ","だめ","7","1797","2","no good,not serving its purpose,useless,broken,hopeless,wasted,in vain,purposeless,cannot,must not,not allowed,neutral point,intersection owned by neither player at the end of a game,no!,stop!","","1409110"
"そろそろ","そろそろ","そろそろ","7","347","1","soon,before long,any time now,momentarily,slowly,quietly,steadily,gradually,gingerly,already,about time","","1345605"
"ねぇ","ねぇ","ねぇ","7","2353","1","nonexistent,not being (there),not having,not","","2841117"
"いったい","いったい","いったい","7","1891","0","(what) the heck,(why) in the world,(who) on earth,(where) the hell,(how) the hell,one object,one body,one unit,one group,one mass,one form,one style,one format,one fashion,one Buddhist image,one carving,one sculpture,one corpse,one sample (of bones, remains, etc.),generally,in general,on the whole,by and large,for the most part,strictly speaking,in the first place,originally,to begin with","","1164510"
"どういう","どういう","どういう","6","226","1","what kind of,what sort of,what","","1008920"
"それなら","それなら","それなら","6","1037","3","if that's the case ...,if so ...,that being the case ...","","1406070"
"困る","困[こま]る","こまる","6","365","2","to be troubled,to have difficulty,to be in a fix,to be at a loss,to be stumped,to be embarrassed,to be bothered,to be inconvenienced,to be annoyed,to be badly off,to be hard up,to be in straitened circumstances","","1289590"
"目","目[め]","め","6","174","1","eye,eyeball,eyesight,sight,vision,look,stare,gaze,glance,notice,attention,observation,eyes (of the world, public, etc.),an experience,viewpoint,discrimination,discernment,judgement,eye (e.g. for quality),(an) appearance,chance (of success),possibility (of a good result),spacing (between crossed strands of a net, mesh, etc.),opening,stitch,texture,weave,grain (of wood, paper),eye (of a storm, needle, etc.),intersection (on a go board),square (on a chessboard),dot (on a dice),pip,rolled number,graduation,division (of a scale),tooth (of a saw, comb, etc.),ordinal number suffix,somewhat,-ish,point (e.g. of change),eye (empty space inside a group of stones)","","1604890"
"買う","買[か]う","かう","6","287","0","to buy,to purchase,to value (highly),to think highly of,to have a high opinion of,to appreciate,to recognize,to incur (someone's anger, displeasure, etc.),to elicit (e.g. sneers),to invite (e.g. scorn),to evoke,to arouse,to win (someone's favour),to accept,to take on,to take up,to pay for (a prostitute, geisha, etc.)","","1473740"
"おっと","おっと","おっと","6","1368","1","uh-oh,oops,sorry","","2084570"
"お姉ちゃん","お姉[ねえ]ちゃん","おねえちゃん","6","2037","","older sister,lass,young lady","","2222580"
"業火","業[ごう]火[か]","ごうか","6","19945","1","hellfire,flames of hell,raging fire,large fire,fire that consumes an evildoer","","1239370"
"嬢ちゃん","嬢[じょう]ちゃん","じょうちゃん","6","5095","1","young girl,young lady","","2836096"
"おかしい","おかしい","おかしい","6","325","3","funny,amusing,comical,laughable,ridiculous,strange,odd,funny,peculiar,weird,wrong,unusual,eccentric,wrong,unsuitable,improper,inappropriate,unbecoming,suspicious","","1190860"
"条件","条[じょう]件[けん]","じょうけん","6","1366","3,0","condition,term,requirement,qualification,prerequisite","","1356510"
"場所","場[ば]所[しょ]","ばしょ","6","244","0","place,location,spot,position,area,room,space,sumo tournament","","1355850"
"しっかり","しっかり","しっかり","6","367","3","tightly (holding on),firmly,securely,strongly (built),solidly,sturdily,steadily,properly,well,sufficiently,hard (working, etc.),fully,completely,reliably,dependably,levelheadedly,shrewdly,wisely,cleverly","","1594400"
"絵","絵[え]","え","6","1684","1","picture,drawing,painting,sketch,image (TV, film, etc.),picture,footage","","1202270"
"燃え盛る","燃[も]え盛[さか]る","もえさかる","6","16516","4","to blaze,to burn brightly","","1851620"
"あの子","あの子[こ]","あのこ","6","590","2","that child,that kid,that boy,that girl,that young lady,you","","2707760"
"ねぇ","ねぇ","ねぇ","6","1286","1","right?,isn't it?,doesn't it?,don't you?,don't you think?,hey,say,listen,look,come on,you know,you see,I must say,I should think,will you?,please,so, ...,well, ...,you see, ...,you understand?,I'm not sure if ...,I have my doubts about whether ...","","2029080"
"はぁーっ","はぁーっ","はぁーっ","6","14544","1","yes,indeed,well,ha!,what?,huh?,sigh","","2069620"
"降参","降[こう]参[さん]","こうさん","6","7061","0","surrender,submission,capitulation,being defeated (e.g. by a problem),giving up,giving in","","1282860"
"護衛","護[ご]衛[えい]","ごえい","6","5485","0","guard,convoy,escort","","1271510"
"っけ","っけ","っけ","6","695","","remind me,I forget,was it?,was that what happened?","","2130430"
"おかげで","おかげで","おかげで","6","599","","thanks to ...,owing to ...,because of ...","","1270210"
"忘れる","忘[わす]れる","わすれる","6","196","0","to forget,to leave carelessly,to be forgetful of,to forget about,to forget (an article)","","1519210"
"海里","海[かい]里[り]","かいり","6","71009","1","nautical mile","","1589740"
"お前さん","お前[まえ]さん","おまえさん","6","7025","0","you,hubby,dearie","","1002300"
"攻撃","攻[こう]撃[げき]","こうげき","6","1363","0","attack,assault,raid,onslaught,offensive,criticism,censure,denunciation,condemnation,cyber attack (e.g. DDoS)","","1279170"
"そうです","そうです","そうです","6","539","","that is so,that is right,it looks to me,that's my impression,people say that,it is said that,I hear that","","2837492"
"変","変[へん]","へん","6","324","1","strange,odd,peculiar,weird,curious,eccentric,funny,suspicious,fishy,unexpected,change,incident,disturbance,disaster,accident,emergency,flat","","1510640"
"達成","達[たっ]成[せい]","たっせい","6","3852","0","achievement,attainment,accomplishment,realization","","1416260"
"目指す","目[め]指[ざ]す","めざす","6","1004","2","to aim at (for, to do, to become),to try for,to have an eye on,to go toward,to head for","","1535440"
"速く","速[はや]く","はやく","6","3614","1","early,soon,quickly,swiftly,rapidly,fast","","1400150"
"おい","おい","おい","6","168","1","hey!,say!,I say!,come on!,look!,oi!,I,me","","1001200"
"弾","弾[たま]","たま","6","3094","0,1","ball,sphere,globe,orb,bead (of sweat, dew, etc.),drop,droplet,ball (in sports),pitch (e.g. in baseball),pile (of noodles, etc.),bullet,bulb (i.e. a light bulb),lens (of glasses, etc.),bead (of an abacus),ball (i.e. a testicle),gem,jewel (esp. spherical; sometimes used figuratively),pearl,female entertainer (e.g. a geisha),person (when commenting on their nature),character,item, funds or person used as part of a plot,egg,okonomiyaki,coin,precious,beautiful,excellent","","1240530"
"まま","まま","まま","6","215","2,0","as (it is),remaining (in a state),keeping (the same),leaving (unchanged),with (e.g. one's eyes closed, the light on),while (e.g. standing, alive),as,as (one pleases, one is told, etc.),according to,sic","","1585410"
"町","町[まち]","まち","6","1447","1","town,block,neighbourhood,neighborhood,downtown,main street,street,road","","1603990"
"もらう","もらう","もらう","6","366","0","to receive,to take,to accept,to get someone to do something,to have in one's pocket (a fight, match),to contract (a disease),to catch,to be affected","","1535910"
"気になる","気[き]になる","きになる","6","437","","to weigh on one's mind,to bother one,to worry about,to be concerned about,to care about,to feel uneasy,to be anxious,to be interested (in),to be curious (about),to wonder (about),to catch one's eye,to feel like (doing),to feel inclined to,to bring oneself to (do)","","1221690"
"実力","実[じつ]力[りょく]","じつりょく","6","2360","0","(real) ability,true strength,merit,efficiency,competency,arms,force","","1321530"
"とても","とても","とても","6","439","0","very,awfully,exceedingly,(not) at all,by no means,simply (cannot)","","1008630"
"美少女","美[び]少[しょう]女[じょ]","びしょうじょ","6","5794","2","beautiful girl","","1486500"
"なので","なので","なので","6","623","","because,as,since,so,therefore,because of that,therefore,accordingly,consequently,on those grounds,that is why,for that reason","","2827864"
"目的","目[もく]的[てき]","もくてき","6","741","0","purpose,goal,aim,objective,intention,motive","","1535560"
"全部","全[ぜん]部[ぶ]","ぜんぶ","6","231","1","all,entire,whole,altogether","","1396130"
"ことになる","ことになる","ことになる","6","256","","to have been decided (so) that,to have been arranged (so) that,to be the result (of),to be the outcome,to be the reason (for)","","1004590"
"入学","入[にゅう]学[がく]","にゅうがく","6","4286","0","admission (to a school or university),entrance,enrolment,enrollment,matriculation","","1465850"
"半年","半[はん]年[とし]","はんとし","6","2112","1,0","half a year,six months","","1583190"
"離れる","離[はな]れる","はなれる","6","416","3","to be separated,to be apart,to be distant,to leave,to go away,to leave (a job, etc.),to quit,to give up,to lose connection with,to drift away from","","1550840"
"半分","半[はん]分[ぶん]","はんぶん","6","1077","3,0","half","","1479890"
"いちばん","いちばん","いちばん","6","3279","2,3","number one,first,first place,best,most,game,round,bout,as a test,as an experiment,by way of experiment,by way of trial,tentatively,song (e.g. in noh),piece","","1165970"
"用意","用[よう]意[い]","ようい","6","537","1","preparation,arrangements,provision,getting ready,laying out (e.g. a meal)","","1546220"
"は","は","は","6","1379","1","yes,indeed,well,ha!,what?,huh?,sigh","","2069620"
"確か","確[たし]か","たしか","6","269","1","sure,certain,positive,definite,reliable,trustworthy,safe,sound,firm,accurate,correct,exact,If I'm not mistaken,If I remember correctly,If I remember rightly","","1596930"
"日","日[ひ]","ひ","6","242","0,1","day,days,sun,sunshine,sunlight,(the) day,daytime,daylight,date,deadline,(past) days,time (e.g. of one's childhood),case (esp. unfortunate),event","","1463770"
"計画","計[けい]画[かく]","けいかく","6","1386","0","plan,project,schedule,scheme,program,programme","","1252090"
"号","号[ごう]","ごう","6","2748","1","number,edition,make,model,issue,part of that group,sobriquet,pen-name,size (of printing types, canvases, knitting needles, etc.),suffix attached to names of ships, trains, airplanes, etc.","","1284220"
"役目","役[やく]目[め]","やくめ","6","1987","3","duty,role,function","","1538080"
"小","小[しょう]","しょう","6","5104","1","smallness,small item,short month (i.e. having fewer than 31 days),elementary school,smaller (of two things, places, etc. with the same name),inferior,younger (of two people with the same name),junior,unit of field area (approx. 400 sq m)","","2083540"
"新しい","新[あたら]しい","あたらしい","6","364","4","new,novel,fresh,recent,latest,up-to-date,modern","","1361490"
"問題","問[もん]題[だい]","もんだい","6","331","0","question (e.g. on a test),problem,problem (e.g. societal, political),question,issue,subject (e.g. of research),case,matter,question (i.e. doubt),public discussion,controversy,trouble,problem,inconvenience,difficulty","","1536010"
"さて","さて","さて","6","641","1","well,now,then","","1585460"
"基本","基[き]本[ほん]","きほん","6","2116","0","basics,fundamentals,basis,foundation","","1219190"
"ひょっとして","ひょっとして","ひょっとして","6","3064","","by any chance,(should) it happen (that),by some chance","","2096190"
"いやぁ","いやぁ","いやぁ","6","2786","2,1","oh,oh my,oh dear,wow,well, ...,er ...,why, ...","","2830360"
"俺","俺[おれ]","おれ","6","49","0","I,me","","1576870"
"うっかり","うっかり","うっかり","6","3224","3","carelessly,thoughtlessly,inadvertently","","1001010"
"外","外[そと]","そと","6","338","0","outside,exterior,the open (air),other place,somewhere else,outside one's group (family, company, etc.)","","1203250"
"こういう","こういう","こういう","6","319","0","such,this sort of,like this","","1004320"
"頭","頭[あたま]","あたま","6","273","3","head,hair (on one's head),mind,brains,intellect,leader,chief,boss,captain,top,tip,beginning,start,head,person,down payment,deposit,top structural component of a kanji,pair","","1582310"
"廃校","廃[はい]校[こう]","はいこう","6","37908","0","closing of a school,closed school","","1679730"
"生物","生[せい]物[ぶつ]","せいぶつ","5","3804","2","living thing,organism,creature,life,biology","","1379430"
"市場","市[し]場[じょう]","しじょう","5","7980","1","market (financial, stock, domestic, etc.),marketplace,exchange,(street) market","","1308305"
"泣く","泣[な]く","なく","5","420","0","to cry,to shed tears,to weep,to sob,to suffer (from),to be troubled (by),to face hardship,to accept (an unreasonable request, loss, etc.),to do reluctantly,to make sacrifices,to be not worth the name,to suffer (of a reputation),to be spoiled,to be put to shame,to lament,to bemoan,to bewail","","1229840"
"誘拐犯","誘[ゆう]拐[かい]犯[はん]","ゆうかいはん","5","20594","3","kidnapper,kidnaper,abductor","","1541940"
"騒ぎ","騒[さわ]ぎ","さわぎ","5","1904","1","uproar,disturbance","","1403020"
"手","手[て]","て","5","160","1","hand,arm,forepaw,foreleg,handle,hand,worker,help,trouble,care,effort,means,way,trick,move,technique,workmanship,hand,handwriting,kind,type,sort,one's hands,one's possession,ability to cope,hand (of cards),direction,move (in go, shogi, etc.)","","1327190"
"寝坊","寝[ね]坊[ぼう]","ねぼう","5","6701","0","sleeping in late,oversleeping,late riser,sleepyhead","","1360320"
"出かける","出[で]かける","でかける","5","1357","0","to go out (e.g. on an excursion or outing),to leave,to depart,to start,to set out,to be about to leave,to be just going out","","1598550"
"接客","接[せっ]客[きゃく]","せっきゃく","5","10163","0","serving customers,looking after visitors,reception","","1385360"
"痛い","痛[いた]い","いたい","5","361","2","painful,sore,cringy,embarrassing","","1432680"
"すぐ","すぐ","すぐ","5","260","1","immediately,at once,right away,directly,soon,before long,shortly,easily,readily,without difficulty,right (near),nearby,just (handy),honest,upright,frank,straightforward","","1430610"
"花","花[はな]","はな","5","1048","2","flower,blossom,bloom,petal,cherry blossom,beauty,blooming (esp. of cherry blossoms),ikebana,hanafuda,(the) best,glorious,lovely","","1194500"
"となる","となる","となる","5","577","","to become,to be","","2100900"
"たる","たる","たる","5","1359","0,2","(those) who are,(that) which is,in the capacity of","","2092660"
"届く","届[とど]く","とどく","5","642","2","to reach,to touch,to get to,to carry (of sound),to be delivered,to arrive,to be attentive,to be scrupulous,to be thorough,to be realized (of a desire),to be fulfilled,to get through (to someone),to be appreciated,to make an impression","","1457200"
"下","下[か]","か","5","4035","1,0","under (influence, control, conditions, etc. of),during (war, occupation, etc.)","","2159100"
"適当","適[てき]当[とう]","てきとう","5","1297","0","suitable,proper,appropriate,adequate,fit,fair,perfunctory,half-minded,sloppy,lazy,careless,noncommittal,unreliable,irresponsible,haphazard","","1437450"
"過ごす","過[す]ごす","すごす","5","889","2","to spend (time),to pass,to lead (a life),to live,to overdo (esp. alcohol consumption),to drink (alcohol),to carry too far,to carry to excess,to take care of,to support,to overdo,to do too much,to ... without acting on it,to ... without getting involved","","1196000"
"長","長[ちょう]","ちょう","5","2346","1","head,chief,leader,elder,merit,strong point,superiority,major","","1429740"
"仇討ち","仇[あだ]討[う]ち","あだうち","5","25574","0,4,2,3","vengeance,revenge,retaliation","","1227440"
"遊ぶ","遊[あそ]ぶ","あそぶ","5","544","0","to play (games, sports),to enjoy oneself,to have a good time,to mess about (with alcohol, gambling, philandery, etc.),to be idle,to do nothing,to be unused,to meet up (with friends),to hang out,to give oneself up (to gambling, drinking, etc.),to go to (for pleasure or for study),to tease (someone),to play (with),to intentionally throw a ball to lower the batter's concentration","","1542160"
"今まで","今[いま]まで","いままで","5","383","3","until now,till now,up to now,up to the present,so far","","1587590"
"言える","言[い]える","いえる","5","298","0","to be possible to say,to be able to say,said,have said","","1008860"
"時間","時[じ]間[かん]","じかん","5","170","0","time,hour,period,class,lesson","","1315920"
"大","大[だい]","だい","5","792","1","large,big,great,huge,vast,major,important,serious,severe,great,prominent,eminent,distinguished,-sized,as big as,the size of,university,large (e.g. serving size),large option,long month (i.e. having 31 days)","","2082450"
"高い","高[たか]い","たかい","5","380","2","high,tall,expensive,high-priced,high (level),above average (in degree, quality, etc.),loud,high-pitched,shrill","","1283190"
"一度","一[いち]度[ど]","いちど","5","362","2","once,one time,on one occasion,temporarily,for a moment,one degree,one tone,one musical interval","","1576250"
"拠点","拠[きょ]点[てん]","きょてん","5","6567","0","base (of operations),site,location,center,foothold,stronghold,(strategic) position","","1232440"
"連れる","連[つ]れる","つれる","5","406","0","to take (someone) with one,to bring along,to go with,to be accompanied by","","1559290"
"目立つ","目[め]立[だ]つ","めだつ","5","1539","2","to be conspicuous,to stand out","","1535700"
"子どもたち","子[こ]どもたち","こどもたち","5","10298","3","children,kids","","1307870"
"続く","続[つづ]く","つづく","5","432","0","to continue,to last,to go on,to continue (without a break),to be unbroken,to occur again and again,to lead to,to connect to,to adjoin,to come after,to follow,to succeed,to rank next to,to hold out,to keep,to last","","1405790"
"理由","理[り]由[ゆう]","りゆう","5","384","0","reason,grounds,pretext,excuse,motive","","1550140"
"班","班[はん]","はん","5","4560","1","group,party,team,squad,section","","1481640"
"禁則","禁[きん]則[そく]","きんそく","5","62546","0","prohibition","","1241610"
"調べる","調[しら]べる","しらべる","5","579","3","to examine,to look up,to investigate,to check up,to sense,to study,to inquire,to search","","1429060"
"過ぎる","過[す]ぎる","すぎる","5","636","2","to pass through,to pass by,to go beyond,to pass (of time),to elapse,to have expired,to have ended,to be over,to exceed,to surpass,to be above,to be no more than ...,to be excessive,to be too much,to be too ...","","1195970"
"どんな","どんな","どんな","5","177","1","what kind of,what sort of,what,no matter what (kind of),whatever,any,all","","1009330"
"先ほど","先[さき]ほど","さきほど","5","1381","0","a short while ago,a moment ago,just now,some time ago","","1388170"
"手入れ","手[て]入[い]れ","ていれ","5","4992","3,1","care,looking after,repair,maintenance,tending,trimming,grooming,(police) raid,crackdown","","1328250"
"血","血[ち]","ち","5","805","0","blood,blood,ancestry,lineage,stock,(the) blood,feelings,passions","","1255060"
"生活","生[せい]活[かつ]","せいかつ","5","696","0","life,living,livelihood,(one's) living","","1378860"
"連中","連[れん]中[ちゅう]","れんちゅう","5","1079","0","company,lot,people,bunch,gang,pack,guys,group,folks,troupe,company (of musicians)","","1559700"
"準備","準[じゅん]備[び]","じゅんび","5","496","1","preparation,arrangements,getting ready,provision,setup,reserving","","1341670"
"地竜","地[じ]竜[りゅう]","じりゅう","5","60924","0","herbal medicine prepared from dried earthworms","","2627780"
"お願いします","お願[ねが]いします","おねがいします","5","423","","please","","1001720"
"かしら","かしら","かしら","5","597","1","I wonder,do you think?,I might,how about,some kind,some stage,somehow,somewhere","","1002800"
"能力","能[のう]力[りょく]","のうりょく","5","1440","1","ability,faculty","","1470370"
"命","命[いのち]","いのち","5","569","0","life,life force,lifetime,lifespan,most important thing,foundation,core,paired tattoos of the ""life"" kanji on the upper arms of a man and woman (indicating unwavering love),fate,destiny,karma","","1531940"
"つく","つく","つく","5","421","1,2","to be attached,to be connected with,to adhere,to stick,to cling,to remain imprinted,to scar,to stain,to dye,to bear (fruit, interest, etc.),to be acquired (of a habit, ability, etc.),to increase (of strength, etc.),to take root,to accompany,to attend,to follow,to study with,to side with,to belong to,to possess,to haunt,to be lit,to catch fire,to ignite,to be turned on (of a light, appliance, etc.),to be settled,to be resolved,to be decided,to be given (of a name, price, etc.),to be sensed,to be perceived,to be lucky,to become (a state, condition, etc.)","","1495740"
"どうやら","どうやら","どうやら","5","947","1","possibly,apparently,(seem) likely,seemingly,somehow or other,with difficulty,barely,after a fashion","","1009020"
"番","番[ばん]","ばん","5","985","1","number (in a series),(one's) turn,watch,guard,lookout,rank,standing,position,bout,match,pieces (in a collection)","","2022640"
"嘘","嘘[うそ]","うそ","5","1743","1","lie,fib,falsehood,untruth,mistake,error,unwise move,bad decision,no way!,unbelievable!,really?!","","1172400"
"いる","いる","いる","5","984","0","to be needed,to be necessary,to be required,to be wanted,to need,to want","","1546640"
"戦い","戦[たたか]い","たたかい","5","1349","0","battle,war,fight,conflict,fight (against time, poverty, etc.),struggle (for freedom, survival, etc.),war (e.g. on drugs),battle (e.g. against nature),contest,competition,match,game","","1596950"
"方","方[ほう]","ほう","5","162","1","direction,way,side,area (in a particular direction),side (of an argument, etc.),one's part,type,category,field (of study, etc.),indicates one side of a comparison,way,method,manner,means,length (of each side of a square)","","1516930"
"あら","あら","あら","5","527","1,0,2","oh!,ah!,oh no","","1000520"
"上げる","上[あ]げる","あげる","5","712","0","to raise,to elevate,to move something (to a higher place),to put onto (e.g. a shelf),to increase (price, quality, status, etc.),to raise (a wage),to show someone (into a room),to let in (e.g. a guest),to give,to enrol (one's child in school),to enroll,to send (one's child; e.g. to college),to develop (talent, skill, etc.),to improve,to earn (something desirable),to achieve (e.g. a good result),to obtain,to promote (someone),to complete,to finish,to make (a loud sound),to raise (one's voice),to raise (one's gaze),to lift up (one's face),to look up,to do up (one's hair),to offer up (incense, a prayer, etc.) to the gods (or Buddha, etc.),to praise,to commend,to flatter,to make do (with less expenses than expected),to cover expenses (with a given amount),to set costs,to finish (one's studies),to complete (a lesson),to pass (e.g. a class),to upload (e.g. an image),to publish (on the internet),to post,to raise someone's spirits,to cheer someone up,to enhance a mood,(of the tide) to come in,to rise,to increase (of market price),to rise (of stock prices),to vomit,to throw up,to do for (the sake of someone else),to complete ...,to humbly do ...","","1352320"
"お湯","お湯[ゆ]","おゆ","5","3766","0","hot water,hot bath","","1002510"
"じいさん","じいさん","じいさん","5","6821","1","grandfather,male senior-citizen","","2231000"
"者","者[しゃ]","しゃ","5","1945","2","person,-er,expert,geisha,prostitute","","2153760"
"稼ぐ","稼[かせ]ぐ","かせぐ","5","2044","2","to earn (income),to make (money),to score (points, victory),to gain (time),to play (for time),to work hard (at one's job),to labor,to labour,to toil","","1194450"
"残す","残[のこ]す","のこす","5","561","2","to leave (behind),to leave (undone),to not finish,to save,to set aside,to reserve,to leave (to someone, esp. after one's death),to bequeath,to stay (in the ring),to hold on","","1600260"
"尽くす","尽[つ]くす","つくす","5","2295","2","to use up,to exhaust,to run out of,to devote oneself (to),to do one's utmost (for),to serve,to work (for a cause),to do to exhaustion,to do completely,to do fully","","1370090"
"最近","最[さい]近[きん]","さいきん","5","396","0","recently,lately,these days,nowadays,right now,nearest,closest","","1293780"
"くせに","くせに","くせに","5","664","","and yet,though,when,in spite of","","1631830"
"速い","速[はや]い","はやい","5","1872","2","fast,quick,rapid,swift,speedy,brisk,prompt,early,soon,earlier than usual,premature,too soon,too early,easy,simple,quick,fast,as soon as ...,the moment ...,the instant ...","","1404975"
"赤","赤[あか]","あか","5","2128","1","red,crimson,scarlet,red-containing colour (e.g. brown, pink, orange),Red (i.e. communist),red light (traffic),red ink (i.e. in finance or proof-reading),(in) the red,complete,total,perfect,obvious,copper,red 5-point card","","2013900"
"誰か","誰[だれ]か","だれか","5","225","1","someone,somebody","","1416840"
"なー","なー","なー","5","886","1","don't,do,hey,listen,look,say,now, ...,well, ...,I tell you!,you know,wow,ooh,right?,isn't it?,doesn't it?,don't you?,don't you think?,indicates na-adjective","","2029110"
"危険","危[き]険[けん]","きけん","5","758","0","danger,peril,hazard,risk","","1218560"
"助け","助[たす]け","たすけ","5","1464","3","assistance,help,aid,support,reinforcement","","1344390"
"どうしたの","どうしたの","どうしたの","5","402","","what's the matter?,what's wrong?,what happened (to) ...?,what have you done (with) ...?,where is ...?","","1008930"
"うれしい","うれしい","うれしい","5","786","3","happy,glad,pleased,delighted,overjoyed,joyful,delightful,gratifying,pleasant","","1219510"
"遺跡","遺[い]跡[せき]","いせき","5","11077","0","(archeological) remains,ruins,relics","","1159380"
"無事","無[ぶ]事[じ]","ぶじ","5","655","0","safety,security,peace,quiet,safely,without incident,successfully,good health,inaction,ennui","","1530030"
"まあ","まあ","まあ","5","163","1","just (e.g. ""just wait here""),come now,now, now,tolerably,passably,moderately,reasonably,fairly,rather,somewhat,well ...,I think ...,it would seem ...,you might say ...,Hmmm, I guess so ...,oh!,oh dear!,oh, my!,wow!,goodness gracious!,good heavens!","","1012050"
"すぐに","すぐに","すぐに","5","312","1","immediately,right away,at once,instantly","","1430620"
"孫娘","孫[まご]娘[むすめ]","まごむすめ","5","18603","3","granddaughter","","1406260"
"荷物","荷[に]物[もつ]","にもつ","5","1187","1","luggage,baggage,package,burden,payload (of a packet, cell, etc.)","","1195430"
"どこか","どこか","どこか","5","440","1","somewhere,in some respects,in some way","","1189000"
"なし","なし","なし","5","662","1","without,unacceptable,not alright,unsatisfactory,nonexistent,not being (there)","","1529560"
"飛び出す","飛[と]び出[だ]す","とびだす","5","1687","3","to jump out,to leap out,to fly out,to run out,to rush out,to bolt out,to appear (suddenly),to emerge,to come out,to protrude,to project,to jut out,to stick out,to leave (a company, one's hometown, etc.),to run away (from home),to cut ties with,to start flying","","1485350"
"送る","送[おく]る","おくる","5","372","0","to send,to dispatch,to forward,to transmit,to ship,to remit,to see (someone) off,to escort,to accompany,to take,to bid farewell to (the departed),to say goodbye to,to bury,to spend (time),to pass,to lead (a life),to live,to pass (on, along),to advance (a runner),to affix (okurigana)","","1402730"
"ですが","ですが","ですが","5","2567","1","but,however,(and) yet,nevertheless,still,for all that","","2850805"
"別に","別[べつ]に","べつに","5","306","3,0","(not) particularly,(not) especially,(not) specially,separately,apart,additionally,extra","","1509480"
"団","団[だん]","だん","5","5817","1","group,body,party,company,troupe,gang,corps,ring","","1956650"
"認める","認[みと]める","みとめる","5","587","4","to recognize,to recognise,to observe,to notice,to deem,to judge,to assess,to approve,to deem acceptable,to allow,to admit,to accept,to confess (to a charge),to watch steadily,to observe carefully,to renown,to give renown to,to appreciate,to acknowledge","","1467530"
"傷","傷[きず]","きず","5","1107","0","wound,injury,cut,gash,bruise,scratch,scrape,scar,chip,crack,scratch,nick,flaw,defect,weakness,weak point,stain (on one's reputation),disgrace,dishonor,dishonour,(emotional) hurt,hurt feelings","","1580260"
"らしい","らしい","らしい","5","143","","seeming ...,appearing ...,-ish,like a ...,typical of ...,appropriate for ...,becoming of ...,worthy of the name ...","","1013240"
"立つ","立[た]つ","たつ","5","453","1","to stand (up),to rise,to get to one's feet,to stand on end (e.g. of hairs),to stick up,to stand (in a position; of a person, tree, building, etc.),to be situated (in, on),to be (in difficulties, the lead, etc.),to put oneself (in a position or situation),to take up (a position, post, etc.),to position oneself,to leave (to do something),to depart (on a journey, trip, etc.),to leave,to set off,to start,to get stuck (into; of an arrow, thorn etc.),to pierce,to develop (of a haze, waves, etc.),to form (of steam, bubbles, etc.),to appear (of a rainbow, clouds, etc.),to rise (of smoke, waves, etc.),to begin to blow (of a wind, breeze, etc.),to spread (of a rumour, reputation, etc.),to be become widely known,to stand (for election),to run,to take action,to act,to rise (up),to rouse oneself,to have an erection,to become erect (e.g. of nipples),to be established (of a policy, plan, objective, etc.),to be formed,to be valid (of an argument, logic, etc.),to hold up,to hold water,to stand up (e.g. of evidence),to be logical,to be reasonable,to be sustained (of a living, business, etc.),to be maintained,to survive,to be preserved (of one's reputation, honour, etc.),to be saved,to start (of a season),to begin,to be held (of a market),to shut (of a door, shoji, etc.),to be shut,to be closed,to be (the result of a division)","","1597040"
"こう","こう","こう","5","222","0,1","in this way,like this,so,thus,this (much),so,uh,er,mm,well","","1004310"
"襲う","襲[おそ]う","おそう","5","1038","0,2","to attack,to assail,to make an assault,to strike,to hunt down,to succeed (someone in a post, role, etc.),to make a sudden visit","","1333330"
"通常","通[つう]常[じょう]","つうじょう","5","3160","0","usual,ordinary,normal,regular,general,common","","1433280"
"ようになる","ようになる","ようになる","5","426","","to reach the point where ...,to come to ...,to come to be that ...,to start to ...,to begin to ...","","1013130"
"あまり","あまり","あまり","5","536","1,3,0","remainder,remnant,rest,balance,surplus,remains (of a meal),leftovers,(not) very,(not) much,too much,excessively,overly,extreme,great,severe,tremendous,terrible,not very good,so-so,mediocre,more than,over","","1584930"
"一緒","一[いっ]緒[しょ]","いっしょ","5","509","0","(doing) together,one lump,one mixture,the same category,the same,identical,(at) the same time","","1163400"
"近く","近[ちか]く","ちかく","5","450","2,1","near,neighbourhood,neighborhood,vicinity,nearly (e.g. ""it took nearly one year""),close to,shortly,soon","","1242160"
"上がる","上[あ]がる","あがる","5","483","0","to rise,to go up,to come up,to ascend,to be raised,to enter (esp. from outdoors),to come in,to go in,to enter (a school),to advance to the next grade,to get out (of water),to come ashore,to be washed ashore,to float atop the water,to surface from the sea (e.g. of a corpse),to rise to the surface,to increase,to be raised (e.g. of a salary),to rise,to improve,to make progress,to be promoted,to advance,to be made (of profit, etc.),to occur (esp. of a favourable result),to be adequate (to cover expenses, etc.),to be finished,to be done,to be over,to stop (of rain),to clear up (of weather),to stop (working properly),to cut out,to give out,to die,to win (in a card game, etc.),to be spoken loudly,to be raised loudly (of a voice),to get nervous,to get stage fright,to be offered (to the gods, etc.),to go,to visit,to eat,to drink,to serve (in one's master's home),to enter a red light district,to amuse oneself in a red light district,to visit a brothel,to arise vigorously (e.g. of voices in excitement),to become excited,to be in uproar (e.g. of a crowd),to be complete,to finish,adds the connotation of an action happening strongly or violently,above,north of","","1352290"
"忙しい","忙[いそが]しい","いそがしい","5","631","3","busy,occupied,hectic,restless,hurried,fidgety","","1519290"
"落ち着く","落[お]ち着[つ]く","おちつく","5","461","0","to calm down,to compose oneself,to regain presence of mind,to relax,to calm down,to settle down,to die down,to become stable,to abate,to settle down (in a location, job, etc.),to settle in,to be settled (of an arrangement, conclusion, etc.),to be fixed,to have been reached,to harmonize with,to harmonise with,to match,to suit,to fit,to be unobtrusive,to be quiet,to be subdued","","1589220"
"思念","思[し]念[ねん]","しねん","5","19675","1","thought","","1825700"
"逃がす","逃[に]がす","にがす","5","1705","2","to set free,to let go,to release,to miss (e.g. a chance),to lose,to let get away,to fail to catch","","1450320"
"治る","治[なお]る","なおる","4","1731","2","to get better,to get well,to recover (from an illness),to be cured,to be restored,to heal","","1599400"
"養成","養[よう]成[せい]","ようせい","4","26743","0","training,education,development,cultivation","","1547190"
"そっか","そっか","そっか","4","637","","oh,right,I see,OK,gotcha","","2853750"
"えーと","えーと","えーと","4","2894","0,3","let me see,well,errr ...,uhh ...","","1001150"
"失礼","失[しつ]礼[れい]","しつれい","4","542","2","discourtesy,impoliteness,excuse me,goodbye,to leave,to be rude","","1320230"
"存在","存[そん]在[ざい]","そんざい","4","501","0","existence,being,presence","","1406150"
"笑う","笑[わら]う","わらう","4","321","0","to laugh,to smile,to sneer,to ridicule,to be dumbfounded,to be flabbergasted","","1351360"
"肉","肉[にく]","にく","4","1266","2","flesh,meat,flesh (of a fruit),pulp,the physical body (as opposed to the spirit),flesh,thickness,content,substance,flesh,ink pad","","1463520"
"こいつ","こいつ","こいつ","4","320","0","he,she,this fellow,this guy,this person,this,this one,this thing,hey, you!,you bastard!,damn you!","","1579070"
"力","力[りょく]","りょく","4","3345","3","strength,power,proficiency,ability","","1554840"
"収納","収[しゅう]納[のう]","しゅうのう","4","11010","0","storage,putting away,receipt (of funds, payment, etc.),harvesting","","1330830"
"行方不明","行方[ゆくえ]不[ふ]明[めい]","ゆくえふめい","4","3990","4","missing (of a person),lost,unaccounted for,whereabouts unknown","","1282190"
"両親","両[りょう]親[しん]","りょうしん","4","1473","1","parents,both parents","","1602710"
"お約束","お約[やく]束[そく]","おやくそく","4","6217","0","promise,agreement,arrangement,one's word,contract,pact,appointment,engagement,date,something expected or predictable (e.g. running gag),typical or clichéd development (in a story),something considered obligatory or guaranteed (in a certain situation)","","2813370"
"年","年[ねん]","ねん","4","210","1","year,counter for years (e.g. of an era), grades (e.g. school),period of an apprentice's contract (usu. ten years)","","2084840"
"手に入れる","手[て]に入[い]れる","てにいれる","4","1012","","to obtain,to get,to procure,to win,to secure","","1327230"
"完了","完[かん]了[りょう]","かんりょう","4","2208","0","completion,conclusion,perfect (tense)","","1211630"
"止める","止[と]める","とめる","4","392","3","to stop,to turn off,to park,to prevent,to suppress (a cough),to hold back (tears),to hold (one's breath),to relieve (pain),to stop (someone from doing something),to dissuade,to forbid,to prohibit,to notice,to be aware of,to concentrate on,to pay attention to,to remember,to bear in mind,to fix (in place),to fasten,to tack,to pin,to nail,to button,to staple,to detain,to keep in custody","","1310670"
"いえいえ","いえいえ","いえいえ","4","1885","0,1","no!,no no!,no, not at all","","1000620"
"から","から","から","4","1978","1,0","emptiness,being empty,not carrying anything,unburdened,empty-handed,dishonoured (bill, promise, etc.),false,no-show (reservation),put-on (cheeriness, courage, etc.),empty (compliments),insincere","","1245280"
"汚い","汚[きたな]い","きたない","4","1744","3","dirty,filthy,foul,unclean,disordered,messy,untidy,poor (e.g. handwriting),indecent (language, etc.),dirty,vulgar,coarse,dastardly,mean,base,underhanded,stingy,greedy","","1178940"
"名乗る","名[な]乗[の]る","なのる","4","1997","2","to give one's name (as),to introduce oneself (as),to claim to be,to call oneself,to wear the title of,to reveal oneself (as),to admit to being,to adopt as one's name,to take (a name),to call out the goods one is selling","","1531650"
"しまった","しまった","しまった","4","1854","2","darn it!,darn!,oops!,oh dear!,oh no!","","1005600"
"火","火[ひ]","ひ","4","1353","1","fire,flame,blaze","","1193610"
"さらう","さらう","さらう","4","4455","0","to sweep away,to wash away,to dredge","","1593865"
"死んでも","死[し]んでも","しんでも","4","3054","","at the risk of one's life,even if (I) die,even if it kills one (me, him, etc.),at all costs,no matter what,as long as I live,definitely","","2838800"
"見張り","見[み]張[は]り","みはり","4","8668","0","watch,guard,lookout,surveillance,watchman,sentinel","","1630860"
"無","無[む]","む","4","3648","1,0","nothing,naught,nought,nil,zero,un-,non-","","1956960"
"捕まる","捕[つか]まる","つかまる","4","1454","0","to be caught,to be arrested,to hold on to,to grasp,to find (e.g. proof),to get (e.g. a taxi),to be detained by","","1514110"
"治癒","治[ち]癒[ゆ]","ちゆ","4","12358","1","healing,cure,recovery","","1316880"
"助かる","助[たす]かる","たすかる","4","535","3","to be saved,to be rescued,to survive,to escape harm,to be spared damage,to be helped,to be saved trouble","","1344380"
"直接","直[ちょく]接[せつ]","ちょくせつ","4","911","0","direct,immediate,personal,firsthand","","1431110"
"まだまだ","まだまだ","まだまだ","4","779","1","still,much more,(not) yet,still a long way to go,still a long way off,not there yet","","1527150"
"大切","大[たい]切[せつ]","たいせつ","4","613","0","important,significant,serious,crucial,precious,valuable,dear,cherished,beloved,careful","","1414340"
"特に","特[とく]に","とくに","4","598","1","particularly,especially,in particular,expressly","","1454670"
"薄い","薄[うす]い","うすい","4","1782","0,2","thin (of an object),pale,light,faint,watery,thin,diluted,weak (taste, etc.),little (affection, etc.),not much (of a presence),slim (probability, etc.),small,sparse,patchy,scattered","","1475480"
"うわーん","うわーん","うわーん","4","12917","","boohoo,boo hoo,waa waa","","2847576"
"貧乳","貧[ひん]乳[にゅう]","ひんにゅう","4","25727","0","tiny breasts","","2125640"
"頑張って","頑[がん]張[ば]って","がんばって","4","1177","","do your best,go for it,hang in there,keep at it","","1949660"
"たまに","たまに","たまに","4","761","","occasionally,once in a while,now and then","","1634500"
"減る","減[へ]る","へる","4","1169","0","to decrease (in size or number),to diminish,to abate","","1263120"
"小さい","小[ちい]さい","ちいさい","4","619","3","small,little,tiny,slight,below average (in degree, amount, etc.),minor,small,low (e.g. sound),soft (e.g. voice),unimportant,petty,insignificant,trifling,trivial,young,juvenile","","1347750"
"お願い","お願[ねが]い","おねがい","4","430","0","request,favour (to ask),wish,please","","2036870"
"秘密","秘[ひ]密[みつ]","ひみつ","4","943","0","secret,secrecy,confidentiality,privacy,mystery,secret (e.g. to success),esoteric teachings","","1484150"
"とする","とする","とする","4","490","2","to try to ...,to be about to do ...,to decide to ...,to take as,to treat as,to regard as,to use for,to suppose that (such) is the case,to assume,to decide that,to think that,to make into,to change into,to feel (e.g. after sound symbolism or psychological experience word),to look,to feel like,to intend,to have the intention","","2136890"
"のだ","のだ","のだ","4","2435","","the expectation is that ...,the reason is that ...,the fact is that ...,the explanation is that ...,it is that ...","","2849387"
"訓練","訓[くん]練[れん]","くんれん","4","3242","1","training,drill,practice,discipline","","1247470"
"更に","更[さら]に","さらに","4","2515","1","furthermore,again,after all,more and more,moreover,even more","","1279310"
"そこまで","そこまで","そこまで","4","1532","3","that far,so far,to that extent,stop!,not one step further!","","1006710"
"たしか","たしか","たしか","4","3835","1","sure,certain,positive,definite,reliable,trustworthy,safe,sound,firm,accurate,correct,exact,If I'm not mistaken,If I remember correctly,If I remember rightly","","1596930"
"よろしくお願いします","よろしくお願[ねが]いします","よろしくおねがいします","4","913","","please remember me,please help me,please treat me well,I look forward to working with you,please do,please take care of","","2133750"
"あっち","あっち","あっち","4","769","1,2","that way,that direction,over there,yonder,that (one),that person,there,over there,foreign country (esp. a Western nation)","","1483185"
"動き","動[うご]き","うごき","4","867","3","movement,move,motion,trend,development,change,fluctuation","","1451180"
"焼き尽くす","焼[や]き尽[つ]くす","やきつくす","4","11788","4","to burn completely,to consume (by fire),to burn to nothing,to burn to the ground,to reduce to ashes","","2081430"
"ねんど","ねんど","ねんど","4","71903","0","clay","","1469760"
"いど","いど","いど","4","54744","1","water well","","1160330"
"お菓子","お菓[か]子[し]","おかし","4","2546","2","confections,sweets,candy,cake","","1001710"
"長い","長[なが]い","ながい","4","389","2","long (distance, length),long (time),protracted,prolonged","","1429750"
"成功","成[せい]功[こう]","せいこう","4","995","0","success,achievement,succeeding (in life),(worldly) success,prosperity","","1375690"
"読む","読[よ]む","よむ","4","471","1","to read,to recite (e.g. a sutra),to chant,to predict,to guess,to forecast,to read (someone's thoughts),to see (e.g. into someone's heart),to divine,to pronounce,to read (e.g. a kanji),to decipher,to read (a meter, graph, music, etc.),to tell (the time),to count,to estimate,to read (a kanji) with its native Japanese reading","","1456360"
"たつ","たつ","たつ","4","1739","1","to sever,to cut off,to suppress,to eradicate,to exterminate,to abstain (from),to give up","","1597030"
"匹","匹[ひき]","ひき","4","3378","2","counter for small animals,counter for rolls of cloth (two han in size),counter for horses,roll of cloth","","1583370"
"早い","早[はや]い","はやい","4","427","2","fast,quick,rapid,swift,speedy,brisk,prompt,early,soon,earlier than usual,premature,too soon,too early,easy,simple,quick,fast,as soon as ...,the moment ...,the instant ...","","1404975"
"飛ぶ","飛[と]ぶ","とぶ","4","814","0","to fly,to soar,to jump,to leap,to spring,to bound,to hop,to spatter,to scatter,to splash,to fly (e.g. of sparks),to hurry,to rush,to flee,to run off,to escape,to disappear,to vanish,to fade,to thin out,to break off,to come off,to fall off,to blow (of a fuse),to be sent out (of an order),to fly (of false rumours, catcalls, etc.),to come flying (of a punch, kick, etc.),to be missing (of a page, stitch, etc.),to skip,to jump (e.g. of a conversation)","","1429700"
"心","心[こころ]","こころ","4","277","2,3","mind,heart,spirit,the meaning of a phrase (riddle, etc.)","","1360480"
"あんなに","あんなに","あんなに","4","1344","0","to that extent,to that degree,so much,so","","1981450"
"いつか","いつか","いつか","4","499","1","sometime,someday,one day,some time or other,the other day,in due course,in time","","1188790"
"鍛える","鍛[きた]える","きたえる","4","2827","3","to forge,to temper,to drill,to train,to discipline","","1419120"
"じゃ","じゃ","じゃ","4","3356","0","snake,serpent,large snake","","1323350"
"後ろ","後[うし]ろ","うしろ","4","729","0","back,behind,rear","","1269410"
"体","体[たい]","たい","4","1696","1","body,physique,posture,shape,form,style,substance,identity,reality,field,counter for humanoid forms (e.g. dolls, statues, corpses, etc.),typeface,type","","1409150"
"おかげ","おかげ","おかげ","4","1006","0","grace (of God),benevolence (of Buddha),blessing,assistance,help,aid,effects,influence","","1001640"
"早速","早[さっ]速[そく]","さっそく","4","1317","0","at once,immediately,without delay,promptly","","1400300"
"経つ","経[た]つ","たつ","4","2131","1","to pass (of time),to elapse","","1251100"
"ことにする","ことにする","ことにする","4","719","","to decide to,to pretend that,to make a practice of doing,to make it a rule to","","2215340"
"同室","同[どう]室[しつ]","どうしつ","4","20768","0","same room,sharing a room,occupying the same room","","1452540"
"残念","残[ざん]念[ねん]","ざんねん","4","661","3","regrettable,unfortunate,disappointing,vexing","","1304680"
"いけない","いけない","いけない","4","253","0","bad,wrong,naughty,must not (do, be),should not,ought not to,useless,no good,bad,hopeless,beyond hope,unfortunate,a shame,a pity,unable to drink (alcohol),so as not to ...,so that ... (won't),in case ...,for fear that ...,lest ...","","1000730"
"卒業後","卒[そつ]業[ぎょう]後[ご]","そつぎょうご","4","12673","","after graduation","","1405900"
"詳しい","詳[くわ]しい","くわしい","4","840","3","detailed,full,minute,knowing very well,knowledgeable (about),well-acquainted (with),well-informed (about),familiar (with)","","1351730"
"決定","決[けっ]定[てい]","けってい","4","1878","0","decision,determination","","1254380"
"決して","決[けっ]して","けっして","4","861","0","(not) ever,(not) by any means,(not) in the least,(not) in any way,(not) at all","","1254130"
"不滅","不[ふ]滅[めつ]","ふめつ","4","19854","0","immortal,undying,indestructible","","1495100"
"一番","一[いち]番[ばん]","いちばん","4","336","2,3","number one,first,first place,best,most,game,round,bout,as a test,as an experiment,by way of experiment,by way of trial,tentatively,song (e.g. in noh),piece","","1165970"
"以来","以[い]来[らい]","いらい","4","1369","1","since,henceforth,ever since","","1155210"
"なるほど","なるほど","なるほど","4","379","0","I see,that's right,indeed","","1375820"
"続ける","続[つづ]ける","つづける","4","262","0","to continue,to keep up,to keep on,to continue ...,to keep on ...","","1405800"
"こなす","こなす","こなす","4","2899","2","to digest,to break down,to break to pieces,to crush,to be able to use,to be good at,to have a good command of,to finish,to complete,to manage,to perform,to sell,to do ... well,to do ... completely","","1612850"
"そもそも","そもそも","そもそも","4","711","1","in the first place,to begin with,from the start,originally,ab initio,after all,anyway,actually,well, ...,... on earth (e.g. ""what on earth?""),... in the world (e.g. ""why in the world?""),beginning,start","","1006950"
"いやいや","いやいや","いやいや","4","588","0,1","no!,no no!,no, not at all","","1000620"
"お断り","お断[ことわ]り","おことわり","4","3109","","declining,refusal,rejection,non-acceptance,announcement,notice","","1631690"
"本気","本[ほん]気[き]","ほんき","4","589","1","seriousness,earnestness,truth,sanctity","","1522370"
"うわー","うわー","うわー","4","1244","","yikes,oops,eep,wow,aargh","","2061250"
"入れる","入[い]れる","いれる","4","227","0","to put in,to let in,to take in,to bring in,to insert,to install (e.g. software),to set (a jewel, etc.),to ink in (e.g. tattoo),to admit,to accept,to employ,to hire,to accept,to comply,to grant,to adopt (a policy, etc.),to take (advice, etc.),to listen to,to pay attention to,to include,to pay (one's rent, etc.),to cast (a vote),to make (tea, coffee, etc.),to turn on (a switch, etc.),to send (a fax),to call","","1465610"
"師匠","師[し]匠[しょう]","ししょう","4","4387","1,2","master,teacher,stable master","","1308900"
"ちょ","ちょ","ちょ","4","1453","","please (do for me)","","2833766"
"ちょっ","ちょっ","ちょっ","4","2410","","hey,hold on,come on","","2845172"
"悪事","悪[あく]事[じ]","あくじ","4","10159","1","evil deed,wrongdoing,crime,vice,misfortune,calamity","","1151800"
"氷","氷[こおり]","こおり","4","2885","0","ice,shaved ice (usually served with flavored simple syrup)","","1488840"
"諦める","諦[あきら]める","あきらめる","4","624","4","to give up,to abandon (hope, plans),to resign oneself (to)","","1436730"
"これまで","これまで","これまで","4","896","3","so far,up to now,hitherto,that's enough (for today),it ends here","","1004820"
"わあっ","わあっ","わあっ","4","3532","1","wow!,oh!,eek!,gee!,yeah!,alright!,hurray!,waah!,boohoo!","","2087950"
"感謝","感[かん]謝[しゃ]","かんしゃ","4","688","1","thanks,gratitude,appreciation,thankfulness","","1212380"
"なーれ","なーれ","なーれ","4","21271","","may (it) be so,please let (it) happen","","2847471"
"萌える","萌[も]える","もえる","4","14436","0","to burst into bud,to sprout,to have a crush,to be infatuated","","2013060"
"完全","完[かん]全[ぜん]","かんぜん","4","604","0","perfect,complete","","1211510"
"さんさん","さんさん","さんさん","4","23540","0","brilliant,bright","","1303680"
"狩る","狩[か]る","かる","4","7800","0,1","to hunt (animals),to search (for a criminal),to go looking for (flowers, etc.),to gather (mushrooms),to pick (berries)","","1328740"
"ちゃんと","ちゃんと","ちゃんと","4","182","0","diligently,seriously,earnestly,reliably,steadily,legitimately,perfectly,properly,exactly,orderly,punctually,regularly,safely,in good condition,sufficiently,satisfactorily,quickly","","1007720"
"守る","守[まも]る","まもる","4","302","2","to protect,to guard,to defend,to keep (i.e. a promise),to abide (by the rules),to observe,to obey,to follow","","1327120"
"新人","新[しん]人[じん]","しんじん","4","3660","0","newcomer,new figure,new member,recruit,rookie,new talent,new star,modern humans (from Cro-Magnon man onwards),Homo sapiens","","1361960"
"完璧","完[かん]璧[ぺき]","かんぺき","4","1250","0","perfect,complete,flawless","","1590970"
"皆殺し","皆[みな]殺[ごろ]し","みなごろし","4","8492","0,5","massacre,annihilation,wholesale slaughter","","1202230"
"絆","絆[きずな]","きずな","4","3674","0,1","bond (between people),(emotional) ties,bonds,relationship,connection,link,tether,fetters","","1570420"
"似る","似[に]る","にる","4","495","0","to resemble,to look like,to be like,to be alike,to be similar,to take after","","1314600"
"お前ら","お前[まえ]ら","おまえら","4","864","","you (plural)","","2831677"
"数","数[かず]","かず","4","1252","1","number,amount","","1580820"
"にして","にして","にして","4","429","","in (a period of time, manner),at (a time, stage in life, etc.),while,despite,although,even,as well as,(both) ... and ...,at (a location),in,on","","2136910"
"効く","効[き]く","きく","4","1511","0","to be effective,to take effect,to be good (for),to work,to function well,to be possible (to do, use, etc.),to be able to,to taste (alcohol),to try","","1591100"
"急に","急[きゅう]に","きゅうに","4","431","0","swiftly,rapidly,quickly,immediately,hastily,hurriedly,suddenly,abruptly,unexpectedly,sharply (of a slope, bend, etc.),steeply","","2269050"
"下手","下手[へた]","へた","4","1579","0","unskillful,poor,awkward,imprudent,untactful","","1185200"
"村","村[むら]","むら","4","2408","1","village","","1406820"
"記憶","記[き]憶[おく]","きおく","4","854","0","memory,recollection,remembrance,memory,storage","","1223150"
"了解","了[りょう]解[かい]","りょうかい","4","1335","0","comprehension,consent,understanding,agreement,OK,roger","","1553310"
"俺たち","俺[おれ]たち","おれたち","4","524","2","we,us","","1863230"
"隠れる","隠[かく]れる","かくれる","4","992","3","to hide,to conceal oneself,to take cover,to disappear (behind),to be hidden (by),to be covered,to go out of sight,to live in seclusion,to retire (from the world),to be unknown (e.g. of a talent),to be undiscovered,to be hidden (e.g. of a meaning),to pass away (of a person of high position)","","1170660"
"人たち","人[ひと]たち","ひとたち","4","750","2","people","","1368740"
"周り","周[まわ]り","まわり","4","727","0","circumference,girth,surroundings,neighbourhood,neighborhood,vicinity,people surrounding oneself,surrounding circumstances","","1604290"
"たまう","たまう","たまう","4","6511","2","to give,to do ...","","1230220"
"ふん","ふん","ふん","4","449","1,0","hmm,well ...,humph,huh,pshaw,pish,roughly,harshly,violently","","1632520"
"あの人","あの人[ひと]","あのひと","4","563","2,4","he,she,that person,you","","1000440"
"気持ち","気[き]持[も]ち","きもち","4","214","0","feeling,sensation,mood,state of mind,preparedness,readiness,attitude,thought,sentiment,consideration,solicitude,gratitude,slightly,a bit,a little","","1591430"
"番頭","番[ばん]頭[とう]","ばんとう","4","29926","0","(head) clerk","","1482380"
"領主","領[りょう]主[しゅ]","りょうしゅ","4","16742","1","feudal lord","","1757870"
"育てる","育[そだ]てる","そだてる","4","1255","3","to raise,to rear,to bring up,to train,to teach,to educate,to promote the growth of,to nurture,to foster,to develop","","1160570"
"果たす","果[は]たす","はたす","4","1780","2","to accomplish,to achieve,to carry out,to fulfill,to fulfil,to realize,to execute,to perform,to do,to do ... completely,to do ... entirely","","1192850"
"いっぱい","いっぱい","いっぱい","4","466","1,0","one cup (of),one glass (of),one bowl (of),cupful,glassful,bowlful,spoonful,one drink (of alcohol),full,filled (with),brimming (with),crowded,packed,fully,to capacity,to the maximum,as much as possible,a lot,much,many,all of ...,the entire ...,one (squid, octopus, crab, etc.),one (boat)","","1165670"
"役に立つ","役[やく]に立[た]つ","やくにたつ","4","1484","","to be helpful,to be useful","","1537980"
"いよいよ","いよいよ","いよいよ","4","1184","2","more and more,all the more,increasingly,at last,finally,beyond doubt,(at the) last moment,worst possible time","","1587670"
"３年","３[さん]年[ねん]","さんねん","4","2355","1","three years","","1814070"
"王女","王[おう]女[じょ]","おうじょ","4","13014","1","princess","","1181560"
"女神","女[め]神[がみ]","めがみ","4","4691","1","goddess","","1345210"
"友","友[とも]","とも","4","3876","1","friend,companion,comrade,pal,accompaniment,companion (e.g. book),complement,accessory","","1539980"
"重い","重[おも]い","おもい","4","859","0","heavy,weighty,heavy (feeling),depressed,gloomy,blue,uneasy,slow,sluggish,lumbering,ponderous,clumsy,important (position, responsibility, etc.),serious,grave,serious (punishment, illness, etc.),severe,critical,solid,established,dignified,sensible","","1335750"
"だろ","だろ","だろ","4","139","","seems,I think,I guess,I wonder,I hope,right?,don't you agree?,I thought you'd say that!","","1928670"
"修学旅行","修[しゅう]学[がく]旅[りょ]行[こう]","しゅうがくりょこう","4","10587","5","excursion,field trip,school trip","","1331960"
"おじいさん","おじいさん","おじいさん","4","7254","2","grandfather,male senior-citizen,old man","","1002320"
"なくなる","なくなる","なくなる","4","299","0","to be lost (e.g. luggage),to be missing,to be used up,to be run out,to be exhausted,to be consumed,to be reduced to zero,to not occur any more,to disappear (e.g. pain),to be lost (e.g. a dream, confidence)","","1529550"
"てる","てる","てる","4","1003","1","to be ...-ing,to have ...-ed,to be ...-ed","","2831062"
"何者","何[なに]者[もの]","なにもの","4","1685","0","who,what kind of person","","1188980"
"装備","装[そう]備[び]","そうび","4","4858","1","equipment","","1402400"
"軍隊","軍[ぐん]隊[たい]","ぐんたい","4","8382","1","armed forces,military,troops","","1248710"
"雇用主","雇[こ]用[よう]主[ぬし]","こようぬし","4","43618","2","employer","","1685790"
"疲れる","疲[つか]れる","つかれる","4","691","3","to get tired,to tire,to get fatigued,to become exhausted,to grow weary,to become worn out (of a well-used object),to starve","","1483740"
"手紙","手[て]紙[がみ]","てがみ","4","1504","0","letter,note","","1327720"
"とう","とう","とう","4","4078","1","party (political),person who is fond of,fan of","","1445980"
"感動","感[かん]動[どう]","かんどう","4","1816","0","being deeply moved emotionally,excitement,passion,inspiration,deep emotion,strong impression","","1212570"
"着る","着[き]る","きる","4","703","0","to wear (from the shoulders down),to put on,to take (the blame, responsibility),to bear","","1423000"
"裸","裸[はだか]","はだか","4","3240","0","nakedness,nudity,bareness,nakedness,baldness,being uncovered,being penniless,concealing nothing,openness","","1547600"
"海","海[うみ]","うみ","4","793","1","sea,ocean,waters","","1201190"
"作法","作[さ]法[ほう]","さほう","4","11218","1","manners,etiquette,propriety,manner of production (esp. of prose, poetry, etc.),way of making","","1297980"
"万が一","万[まん]が一[いち]","まんがいち","4","2646","1","(if) by some chance,by some possibility,in the unlikely event that,10000 to 1,(unlikely event of) emergency,the worst(-case scenario)","","1525770"
"想像","想[そう]像[ぞう]","そうぞう","4","780","0","imagination,supposition,guess","","1399610"
"ほうがいい","ほうがいい","ほうがいい","4","920","","had better ...,had better not ...","","2160680"
"見つかる","見[み]つかる","みつかる","4","480","0","to be found,to be discovered","","1604550"
"件","件[けん]","けん","4","784","1","matter,affair,case,item,subject,counter for (received) emails, text messages, voicemail messages, etc.,counter for accounts (on a website, email service, etc.)","","1255940"
"咲く","咲[さ]く","さく","4","3247","0","to bloom,to flower,to blossom,to open,to rise up (of breaking waves)","","1297210"
"一輪","一[いち]輪[りん]","いちりん","4","19728","2,0","single flower,one wheel,full moon","","1167350"
"行う","行[おこな]う","おこなう","4","158","0","to perform,to do,to conduct oneself,to carry out","","1589060"
"いいえ","いいえ","いいえ","4","791","3","no,you're welcome,not at all,don't mention it","","1583250"
"ところで","ところで","ところで","4","414","3","by the way,incidentally,well,now,even if,no matter (what, where, how, etc.)","","1343110"
"１号","１号[いちごう]","いちごう","4","18096","2","number one,item 1","","1162480"
"いいから","いいから","いいから","4","904","1","never mind that,don't worry about that,listen up","","2209490"
"お祝い","お祝[いわ]い","おいわい","4","3576","0","congratulation,congratulations,celebration,festival,congratulatory gift,present","","1612770"
"捜索","捜[そう]索[さく]","そうさく","4","4403","0","search (esp. for someone or something missing),manhunt,legally authorized search of a person, building, etc.","","1399690"
"飲む","飲[の]む","のむ","3","300","1","to drink,to swallow,to take (medicine),to smoke (tobacco),to swallow up,to engulf,to suppress (one's anger, bitter feelings, etc.),to keep down,to hold back,to swallow (one's tears),to catch (one's breath),to accept (a demand, conditions, etc.),to agree to,to make light of (someone),to think nothing of,to overwhelm,to overawe,to carry (a concealed dagger, etc.),to conceal (up one's sleeve, etc.)","","1169870"
"いいとこ","いいとこ","いいとこ","3","3604","","good thing,strong point,good family,prestigious school,the right moment,utter,extreme,at (the) best,at most","","2158990"
"移る","移[うつ]る","うつる","3","2474","2","to move (to another place or state),to change (e.g. of state, affiliation, scenery, etc.),to be transferred,to spread (of a fire, smell, etc.),to catch (an illness),to be infected,to be contagious,to move (e.g. of one's focus),to change (e.g. of one's interest),to be permeated (by a color or scent),to seep into,to pass (of time),to elapse","","1158210"
"武器","武[ぶ]器[き]","ぶき","3","1677","1","weapon,arms,ordnance,weapon (something used to gain an advantage),asset","","1498460"
"装甲","装[そう]甲[こう]","そうこう","3","14754","0","armoring,armouring,armor,armour","","1402300"
"始まる","始[はじ]まる","はじまる","3","446","0","to begin,to start,to commence,to happen (again),to begin (anew),to date (from),to originate (in)","","1307500"
"まさに","まさに","まさに","3","1151","1","exactly,just,precisely,really,truly,surely,certainly,without doubt,right (when),just (as),just (about to),on the point of,on the verge of,on the brink of,really (ought to),certainly (should),naturally","","1376640"
"爆発","爆[ばく]発[はつ]","ばくはつ","3","1895","0","explosion,detonation,blast,blowing up,eruption,outburst (of emotion),explosion (e.g. of anger),eruption (e.g. of discontent)","","1475910"
"集める","集[あつ]める","あつめる","3","812","3","to collect,to assemble,to gather","","1333560"
"ようにする","ようにする","ようにする","3","680","","to see to it that ...,to make sure that ...,to try to ...,to make an effort to ...","","1013120"
"といい","といい","といい","3","1698","","in terms of both ... and ...,from the perspective of ... as well as ...,whether it be ... or ...","","2844736"
"結ぶ","結[むす]ぶ","むすぶ","3","1798","0","to tie,to bind,to link,to bear (fruit),to close (e.g. deal),to confirm,to conclude,to connect (two distant places),to close tightly,to purse (e.g. lips),to unite (with),to ally,to join hands","","1254670"
"この先","この先[さき]","このさき","3","1256","0","beyond this point,ahead,from now on,after this,in the future","","1725280"
"なり","なり","なり","3","1996","2","or something,for instance ... (though there are other suitable options),... or ...,as soon as,right after,while still,with previous state still in effect","","2029070"
"さっき","さっき","さっき","3","223","2","a short while ago,a moment ago,just now,some time ago","","1005180"
"お兄ちゃん","お兄[にい]ちゃん","おにいちゃん","3","1813","","(one's) older brother,lad,sonny","","1001840"
"勢い","勢[いきお]い","いきおい","3","1425","3","force,vigor,vigour,energy,spirit,life,influence,authority,power,might,impetus,impulse,momentum,course (of events),naturally,necessarily,inevitably","","1375040"
"ど","ど","ど","3","1195","","but,however,even though,even if","","2844284"
"誇り","誇[ほこ]り","ほこり","3","3714","0,3","pride,boast,credit (to)","","1267740"
"不満","不[ふ]満[まん]","ふまん","3","1912","0","dissatisfaction,discontent,displeasure,complaint,unhappiness","","1494970"
"予算","予[よ]算[さん]","よさん","3","5123","0,1","estimate (of costs),budget","","1543000"
"なんです","なんです","なんです","3","907","","it is assuredly that ...,can say with confidence that ...","","2683060"
"つい","つい","つい","3","764","1","end,final,end of life,death,never,not at all","","2720360"
"というのは","というのは","というのは","3","730","","because ...,for ...,the reason being ...,as for ...,when it comes to ...,regarding ...,how about ...","","1008500"
"およそ","およそ","およそ","3","4282","0","about,roughly,approximately,generally,on the whole,as a rule,completely,quite,entirely,altogether,totally,not at all (with neg. verb),outline,gist","","1523450"
"正体","正[しょう]体[たい]","しょうたい","3","1552","1","true character,true form,true colors,identity,truth (of a mystery, phenomenon, etc.),origin,consciousness,one's senses","","1377530"
"そんなもの","そんなもの","そんなもの","3","1403","","that's the way it is,such is life","","2816240"
"領域","領[りょう]域[いき]","りょういき","3","5024","0","territory,domain,field,area,domain,sphere,realm,domain,region","","1554720"
"ようです","ようです","ようです","3","815","","it seems that ...,it appears that ...,is like ...,is similar to ...","","2409200"
"でもない","でもない","でもない","3","507","","is not ... either,is (neither ...) nor ...,nor is it ...,is not even ...,does not ... either,(neither ...) nor ...,does not even ...","","2097940"
"日本","日本[にほん]","にほん","3","856","3","Japan","","1582710"
"どうした","どうした","どうした","3","295","1","somehow,how,in what way,why,what kind of","","2272480"
"得意","得[とく]意[い]","とくい","3","1292","2,0","satisfaction,pride,triumph,elation,one's strong point,one's forte,one's specialty,regular customer,regular client,patron","","1454510"
"兵力","兵[へい]力[りょく]","へいりょく","3","17849","1","military force,force of arms,strength of an army","","1506780"
"女子高生","女[じょ]子[し]高[こう]生[せい]","じょしこうせい","3","7746","3","female high school student","","1345160"
"猛火","猛[もう]火[か]","もうか","3","56313","1","raging flames,roaring flames,raging fire","","1674710"
"追う","追[お]う","おう","3","798","0","to chase,to run after,to pursue,to follow after,to follow (a set order, a trend, etc.),to drive out,to get rid of,to oust,to expel,to drive (e.g. a herd),to be pressed (e.g. for time)","","1432410"
"炎","炎[えん]","えん","3","16482","1,2","-itis (indicating an inflammatory disease)","","2258340"
"極","極[きょく]","きょく","3","18265","1","pole,climax,extreme,extremity,culmination,height,zenith,nadir","","1956100"
"栗原","栗原[くりのはら]","くりのはら","3","52095","","Kurinohara,Kurihahara,Kurihara,Kuribara,Kurirahara,Sugawara,Sorihara,Ritsugen","","5235939"
"こやつ","こやつ","こやつ","3","11795","0","he,she,this fellow,this guy,this person,this,this one,this thing,hey, you!,you bastard!,damn you!","","1579070"
"要するに","要[よう]するに","ようするに","3","3380","3","in short,in a word,to sum up,to put it simply,to make a long story short,after all","","1546620"
"杖","杖[つえ]","つえ","3","8287","1","cane,walking stick,staff,wand","","1356620"
"まとも","まとも","まとも","3","1507","3","the front,honest,upright,decent,proper,respectable,straight,serious,sensible","","1378040"
"ってな","ってな","ってな","3","1778","","(apparently) that's what it's like, isn't it,that sort of (thing mentioned immediately prior)","","2098210"
"仮面","仮[か]面[めん]","かめん","3","5507","0","mask,disguise,guise,mask","","1188220"
"面倒","面[めん]倒[どう]","めんどう","3","1036","3","trouble,bother,trouble,difficulty,care,attention","","1533550"
"女子","女[じょ]子[し]","じょし","3","1546","0","woman,girl","","1345140"
"最初","最[さい]初[しょ]","さいしょ","3","301","0","beginning,outset,first,onset","","1293990"
"現れる","現[あらわ]れる","あらわれる","3","670","4","to appear,to come in sight,to become visible,to come out,to embody,to materialize,to materialise,to be expressed (e.g. emotions),to become apparent (e.g. trends, effects)","","1263510"
"勝者","勝[しょう]者[しゃ]","しょうしゃ","3","6967","1","winner,victor","","1346180"
"特典","特[とく]典[てん]","とくてん","3","13386","0","privilege,special favor,special favour,benefit,prerogative,perk,amenity","","1455220"
"特訓","特[とっ]訓[くん]","とっくん","3","6310","0","special training,intensive training,crash course","","1454850"
"今更","今[いま]更[さら]","いまさら","3","2020","0,1","now (when it is already much too late),at this stage,afresh,anew,again","","1289150"
"願う","願[ねが]う","ねがう","3","360","2","to desire,to wish,to hope,to beg,to request,to implore,to pray,to have something done for oneself","","1217950"
"隠す","隠[かく]す","かくす","3","504","2","to hide,to conceal","","1170650"
"君たち","君[きみ]たち","きみたち","3","1603","2,3","you (plural),all of you,you all","","1247310"
"返す","返[かえ]す","かえす","3","388","1","to return (something),to restore,to put back,to turn over,to turn upside down,to overturn,to pay back,to retaliate,to reciprocate,to respond (with),to retort,to reply,to say back,to do ... back (e.g. speak back, throw back),to do again,to do repeatedly","","1512130"
"いったん","いったん","いったん","3","2966","0","once,for a short time,briefly,temporarily,one morning","","1164650"
"逆らう","逆[さか]らう","さからう","3","2212","3","to go against,to oppose,to disobey,to defy","","1226990"
"昔","昔[むかし]","むかし","3","292","0","the old days,the past,former times,a long time ago,the past ten years,the past decade","","1382370"
"警務隊","警[けい]務[む]隊[たい]","けいむたい","3","136670","","military police brigade (land army)","","2434410"
"経験","経[けい]験[けん]","けいけん","3","1054","0","experience","","1251270"
"下","下[した]","した","3","442","1,0","below,down,under,younger (e.g. daughter),bottom,beneath,underneath,just after,right after,inferiority,one's inferior (i.e. one's junior),trade-in,preliminary,preparatory","","1184140"
"勇者","勇[ゆう]者[しゃ]","ゆうしゃ","3","7213","1","hero,the brave,man of valour (valor)","","1539800"
"かかる","かかる","かかる","3","341","2","to take (a resource, e.g. time or money),to hang,to come into view,to arrive,to come under (a contract, a tax),to start (engines, motors),to attend,to deal with,to handle,to have started to,to be on the verge of,to overlap (e.g. information in a manual),to cover,to (come) at,to be fastened,to be covered (e.g. with dust, a table-cloth, etc.),to be caught in,to get a call,to depend on,to begin (a task),to set about (doing),to get down to","","1207590"
"退治","退[たい]治[じ]","たいじ","3","6080","0,1","extermination,elimination,eradication,destruction,suppression,subjugation,getting rid of,stamping out,wiping out,rooting out,renouncing worldly desires (in order to concentrate on Buddhist teachings),curing (an illness)","","1411390"
"気","気[き]","き","3","245","0","spirit,mind,heart,nature,disposition,intention,mind,will,motivation,mood,feelings,consciousness,care,attention,consideration,worry,interest,(the) air,atmosphere,ambience,atmosphere (of),air (of),mood,fragrance,aroma,flavour,taste,qi (in traditional Chinese philosophy and medicine),chi,ki","","1221520"
"たぶん","たぶん","たぶん","3","1312","0,1","probably,likely,perhaps,maybe,a lot of,much,many,considerable,large (amount),generous","","1407980"
"諸君","諸[しょ]君[くん]","しょくん","3","4877","1","you (people),gentlemen,ladies and gentlemen,my friends,everyone","","1344230"
"責任","責[せき]任[にん]","せきにん","3","905","0","duty,responsibility (incl. supervision of staff),liability,onus","","1383180"
"有力","有[ゆう]力[りょく]","ゆうりょく","3","9291","0","influential,prominent,leading,strong,powerful,likely,plausible,promising,convincing,substantial","","1541710"
"頑張る","頑[がん]張[ば]る","がんばる","3","343","3","to persevere,to persist,to keep at it,to hang on,to hold out,to do one's best,to insist that,to stick to (one's opinion),to remain in a place,to stick to one's post,to refuse to budge","","1217700"
"それより","それより","それより","3","880","","apart from that,other than that,leaving that aside,more importantly,more ... than that,but,however","","2026520"
"飼う","飼[か]う","かう","3","2973","1","to keep (a pet or other animal),to have,to own,to raise,to rear,to feed","","1312970"
"奇跡","奇[き]跡[せき]","きせき","3","2097","0,2","miracle,wonder,marvel","","1591250"
"いらっしゃる","いらっしゃる","いらっしゃる","3","652","4","to come,to go,to be (somewhere),to be (doing)","","1000940"
"起こす","起[お]こす","おこす","3","617","2","to raise,to raise up,to set up,to pick up,to wake,to wake up,to waken,to awaken,to cause,to bring about,to lead to,to trigger,to give rise to,to create,to generate (e.g. heat, electricity),to produce,to start,to begin,to launch,to establish,to found,to set up,to open,to plough,to plow,to till,to fall ill with,to transcribe,to write down (what is spoken),to turn over (a card)","","1223660"
"向かう","向[む]かう","むかう","3","404","0","to face,to go towards,to head towards","","1604800"
"声","声[こえ]","こえ","3","188","1","voice,singing (of a bird),chirping (of an insect),hoot,voice,opinion (as expressed in words),view,wish,attitude,will,sound,sense (of something's arrival),feeling,voice,voiced sound","","1380440"
"代表","代[だい]表[ひょう]","だいひょう","3","2420","0","representation,representative,delegate,delegation,exemplification,typification,being representative of,being typical of,representative example,exemplar,model,leader,switchboard number,main number","","1412170"
"試合","試[し]合[あい]","しあい","3","3206","0","match,game,bout,contest","","1312420"
"いただく","いただく","いただく","3","468","0","to receive,to get,to accept,to take,to buy,to eat,to drink,to be crowned with,to wear (on one's head),to have (on top),to have (as one's leader),to live under (a ruler),to install (a president),to get someone to do something","","1587290"
"模擬","模[も]擬[ぎ]","もぎ","3","27961","1","imitation","","1533630"
"友情","友[ゆう]情[じょう]","ゆうじょう","3","3812","0","friendship,fellowship,camaraderie","","1540130"
"裏切る","裏[うら]切[ぎ]る","うらぎる","3","1306","3","to betray,to turn traitor (to),to double-cross,to go back on,to be unfaithful (to),to disappoint,to let down","","1550380"
"血が流れる","血[ち]が流[なが]れる","ちがながれる","3","9663","","blood flows,to have the blood of ... running in one's veins (artist, warrior, etc.),to be born with particular skills, characteristics, etc.,to have something ""in one's blood""","","2772650"
"当たる","当[あ]たる","あたる","3","649","0","to be hit,to strike,to touch,to be in contact,to be affixed,to be equivalent to,to be applicable,to apply to,to be right on the money (of a prediction, criticism, etc.),to be selected (in a lottery, etc.),to win,to be successful,to go well,to be a hit,to face,to confront,to lie (in the direction of),to undertake,to be assigned,to be stricken (by food poisoning, heat, etc.),to be afflicted,to be called on (e.g. by a teacher),to treat (esp. harshly),to lash out at,to be unnecessary,to be hitting well,to be on a hitting streak,to feel a bite (in fishing),(of fruit, etc.) to be bruised,to spoil,to feel (something) out,to probe into,to check (i.e. by comparison),to shave,to be a relative of a person,to be a ... in relation to ...,to stand in a relationship","","1448810"
"迷惑","迷[めい]惑[わく]","めいわく","3","841","1","trouble,bother,annoyance,nuisance,inconvenience,to be troubled (by),to be bothered (by),to be inconvenienced (by)","","1532800"
"志望","志[し]望[ぼう]","しぼう","3","9734","0","wish,desire,ambition,choice","","1309140"
"すぎる","すぎる","すぎる","3","582","2","to pass through,to pass by,to go beyond,to pass (of time),to elapse,to have expired,to have ended,to be over,to exceed,to surpass,to be above,to be no more than ...,to be excessive,to be too much,to be too ...","","1195970"
"どうせ","どうせ","どうせ","3","556","0","in any case,regardless,either way,after all,no matter what,anyway,since it makes no difference anyway (you might as well ...),since it won't change the outcome,if you are doing it regardless","","1008950"
"活動","活[かつ]動[どう]","かつどう","3","1823","0","activity (of a person, organization, animal, volcano, etc.),action,operation,moving picture","","1208360"
"ややこしい","ややこしい","ややこしい","3","4723","4","complicated,complex,intricate,confusing,difficult,troublesome","","1012870"
"と思ったら","と思[おも]ったら","とおもったら","3","1721","","no sooner than,as soon as,immediately after,at the thought of,when I think about","","2754040"
"事情","事[じ]情[じょう]","じじょう","3","961","0","circumstances,conditions,situation,reasons,state of affairs","","1314010"
"よかったら","よかったら","よかったら","3","1874","","if you like","","1554530"
"結婚","結[けっ]婚[こん]","けっこん","3","776","0","marriage","","1254790"
"あれれ","あれれ","あれれ","3","10096","1","tsk tsk,oh-oh,huh,what's that?","","2864614"
"才能","才[さい]能[のう]","さいのう","3","1690","0","talent,ability","","1294630"
"狙う","狙[ねら]う","ねらう","3","715","0","to aim at (with a weapon, etc.),to be after (something or someone),to have an eye on,to plan to make one's own,to aim for,to set up as a goal","","1396590"
"抵抗","抵[てい]抗[こう]","ていこう","3","1765","0","resistance,opposition,standing up to,reluctance,repulsion,repugnance,resistance,drag,friction,electrical resistance,resistor","","1436260"
"着替える","着[き]替[が]える","きがえる","3","1395","3,2","to change (one's clothes)","","1423170"
"道具","道[どう]具[ぐ]","どうぐ","3","1746","3","tool,implement,instrument,utensil,apparatus,device,means,furniture","","1454180"
"平均的","平[へい]均[きん]的[てき]","へいきんてき","3","20081","0","average,ordinary,normal","","2119430"
"しれる","しれる","しれる","3","773","0","to become known,to come to light,to be discovered,to be known,to be understood,to clearly not amount to much,to be insignificant,to be evident,to be obvious,to go without saying,to be very intense (of worry, hope, etc.),to be severe","","1420490"
"海辺","海[うみ]辺[べ]","うみべ","3","14302","0,3","beach,seashore,seaside,coast","","1201750"
"脱出","脱[だっ]出[しゅつ]","だっしゅつ","3","2912","0","escape,getting away (from),getting out (of),prolapse,proptosis","","1416520"
"つきあう","つきあう","つきあう","3","2433","3","to associate with,to keep company with,to go out with,to go steady with,to get on with,to go along with,to follow someone's lead,to accompany someone,to compromise","","1597790"
"信じる","信[しん]じる","しんじる","3","294","3,0","to believe,to believe in,to place trust in,to confide in,to have faith in","","1359040"
"どんどん","どんどん","どんどん","3","768","1","drumming (noise),beating,pounding,banging,booming,stamping,rapidly,quickly,steadily,continuously,one after the other,in succession","","1009320"
"初心者","初[しょ]心[しん]者[しゃ]","しょしんしゃ","3","6973","2","beginner","","1342860"
"久々","久[ひさ]々[びさ]","ひさびさ","3","3158","0,2","(in a) long time,long time (ago),while (ago),long ago,long while (ago),(in a) long while","","1601820"
"火球","火[か]球[きゅう]","かきゅう","3","29803","0","fireball,bolide,fireball","","2527330"
"本来","本[ほん]来[らい]","ほんらい","3","1455","1","originally,primarily,essentially,intrinsically,naturally,by nature,in (and of) itself,proper,rightful,legal,normal","","1523270"
"たったひとつ","たったひとつ","たったひとつ","3","15536","","single,solo,solitary,just one,only one","","2660250"
"遊びにいく","遊[あそ]びにいく","あそびにいく","3","23211","","to go on a trip,to go out to play,to go and visit (a friend)","","2020900"
"好き","好[す]き","すき","3","147","2","liking,being fond of,to one's liking,to one's taste,preferred,favourite,liking (romantically),being in love with,beloved,faddism,eccentricity,as one likes,as it suits one,lecherous,lustful,salacious","","1277450"
"無意味","無[む]意[い]味[み]","むいみ","3","3757","2","nonsense,no meaning,meaningless","","1529610"
"仲","仲[なか]","なか","3","1451","1","relation,relationship","","1425710"
"１日","１[いち]日[にち]","いちにち","3","2033","2","one day,all day (long),the whole day,from morning till night,first day of the month","","1576260"
"上","上[うえ]","うえ","3","220","0","above,over,up,top,summit,upper part,head (e.g. of a staircase),surface,on (top of),the above (in a piece of writing),earlier part,superior,better,higher (position, rank, etc.),upper (class),elder,older,senior,with respect to ...,in terms of,as far as ... is concerned,when (e.g. drunk),besides ...,in addition to ...,on top of ...,as well as ...,after ...,upon ...,on ...,with (e.g. full awareness),as a result of ...,since ...,now that ...,because ...,honorable,venerable,dear,emperor,sovereign,shogun,daimyo","","1352130"
"厳しい","厳[きび]しい","きびしい","3","952","4","severe,strict,rigid,unsparing,relentless,hard (to do),difficult,tricky,intense (e.g. cold),harsh (weather),inclement","","1262530"
"思いつく","思[おも]いつく","おもいつく","3","1609","4,0,2","to think of,to hit upon,to come into one's mind,to be struck with an idea,to remember,to recall","","1589330"
"勘違い","勘[かん]違[ちが]い","かんちがい","3","1090","3","misunderstanding,mistaken idea,wrong guess","","1210620"
"この間","この間[あいだ]","このあいだ","3","1569","0","the other day,lately,recently,during this period,meanwhile,in the meantime","","1004690"
"喜ぶ","喜[よろこ]ぶ","よろこぶ","3","560","3","to be delighted,to be glad,to be pleased,to rejoice,to congratulate,to welcome (a proposal, advice, etc.),to take kindly to,to do with pleasure,to do gladly,to be happy (to do)","","1218760"
"中","中[なか]","なか","3","91","1","inside,interior,among,within,middle,center,centre,during,while,middle,midst,amid,interval,gap,mean,average,second (of three, e.g. sons, volumes),middle,medium grade,medium quality,red-light district","","1423310"
"身体能力","身[しん]体[たい]能[のう]力[りょく]","しんたいのうりょく","3","10585","5","physical ability","","2645340"
"いつの間に","いつの間[ま]に","いつのまに","3","2330","0","when,at what point","","2842833"
"なんと","なんと","なんと","3","958","1","what,how,what (a) ...!,how ...!,surprisingly,to my amazement,believe it or not,why, ...!,oh my,wow,well, ...,so, ...","","1188410"
"解決","解[かい]決[けつ]","かいけつ","3","1248","0","settlement,solution,resolution","","1198960"
"震える","震[ふる]える","ふるえる","3","1517","0","to shiver,to shake,to quake,to tremble,to quaver,to quiver","","1366310"
"エール","エール","エール","3","2711","1","yell (of encouragement),cheering (esp. for a school sports team)","","1027050"
"組む","組[く]む","くむ","3","1617","1","to cross (legs or arms),to link (arms),to put together,to construct,to assemble,to produce (e.g. TV program),to braid,to plait,to grapple,to wrestle,to unite,to join,to link up,to form an alliance,to set (e.g. type),to issue (e.g. money order)","","1397590"
"それでも","それでも","それでも","3","373","3","but (still),and yet,nevertheless,even so,notwithstanding","","1406060"
"十分","十[じゅう]分[ぶん]","じゅうぶん","3","549","3","enough,sufficient,plenty,adequate,satisfactory,sufficiently,fully,thoroughly,well,perfectly,division into ten","","1335080"
"観光","観[かん]光[こう]","かんこう","3","7154","0","sightseeing,tourism","","1214840"
"たった","たった","たった","3","960","0","only,merely,but,no more than","","1007230"
"巻き込む","巻[ま]き込[こ]む","まきこむ","3","1160","3","to roll up,to enfold,to swallow up,to involve,to drag into","","1211150"
"異変","異[い]変[へん]","いへん","3","5193","0","unusual event,strange occurrence,strange phenomenon,something abnormal,change (for the worse),accident,disaster","","1158040"
"ごとき","ごとき","ごとき","3","3755","","like,similar to,something like ...,someone like ...","","1633840"
"捨てる","捨[す]てる","すてる","3","497","0","to throw away,to cast away,to dump,to discard,to abandon,to desert,to leave,to give up,to resign,to sacrifice (stones)","","1322320"
"言うとおり","言[い]うとおり","いうとおり","3","1903","","as (someone) says","","2103630"
"油断","油[ゆ]断[だん]","ゆだん","3","1926","0","negligence,carelessness,inattention,unpreparedness","","1538690"
"夜","夜[よる]","よる","3","376","1","night,evening,dinner","","1536350"
"嫌","嫌[いや]","いや","3","385","2","disliking,not wanting,unwilling (to do),reluctant,unpleasant,disagreeable,nasty,horrible,disgusting,undesirable,unwelcome,no!,quit it!,stop!","","1587610"
"１匹","１[いっ]匹[ぴき]","いっぴき","3","8827","4","one (small animal),two-tan bolt of cloth","","1166060"
"もしかしたら","もしかしたら","もしかしたら","3","1084","1","perhaps,maybe,perchance,by some chance,by any chance","","1012510"
"それも","それも","それも","3","473","","what's more,moreover,at that,in addition to that,what's worse,even so,and yet","","2134690"
"荷馬車","荷[に]馬[ば]車[しゃ]","にばしゃ","3","37182","2","(horse-drawn) cart,wagon,dray","","1195420"
"罪","罪[つみ]","つみ","3","1291","1","crime,sin,wrongdoing,indiscretion,penalty,sentence,punishment,fault,responsibility,culpability,thoughtlessness,lack of consideration","","1296680"
"思い出す","思[おも]い出[だ]す","おもいだす","3","375","4,0,2","to recall,to remember,to recollect","","1309260"
"はぁー","はぁー","はぁー","3","3487","1","yes,indeed,well,ha!,what?,huh?,sigh","","2069620"
"値段","値[ね]段[だん]","ねだん","3","3638","0","price,cost","","1600160"
"どれ","どれ","どれ","3","731","0","which (of three or more),well,now,c'mon","","1009290"
"記念","記[き]念[ねん]","きねん","3","3409","0","commemoration,celebration,remembrance,memory,honoring the memory of,memento,souvenir,keepsake","","1223340"
"苦手","苦[にが]手[て]","にがて","3","1041","0,3","poor (at),weak (in),not very good (at),not one's cup of tea,not one's favorite","","1244470"
"失礼します","失[しつ]礼[れい]します","しつれいします","3","832","","excuse me,pardon me,I beg your pardon","","2276200"
"ほとんど","ほとんど","ほとんど","3","753","2","almost,nearly,mostly,practically,virtually,basically,just about,all but,hardly,barely,scarcely,little,large majority,large proportion,greater part,most (of),almost all (of)","","1522050"
"あのさん","あのさん","あのさん","3","61279","","that person (mainly used in red light districts),you","","2707750"
"終える","終[お]える","おえる","3","1562","0","to finish,to graduate","","1332760"
"集う","集[つど]う","つどう","3","7323","2","to meet,to assemble,to congregate","","1333540"
"もと","もと","もと","3","1295","0,1,2","origin,source,beginning,basis,base,foundation,root,cause,(raw) material,ingredient,base,mix (e.g. for a cake),(soup) stock,(one's) side,capital,principal,cost price,root (of a plant),(tree) trunk,part (of a brush, chopsticks, etc.) one holds (with the hand),first three lines of a waka,counter for plants or trees,counter for falcons (in falconry)","","1260670"
"寂しい","寂[さび]しい","さびしい","3","915","3","lonely,lonesome,solitary,desolate","","1579720"
"兄","兄[あに]","あに","3","1608","1","older brother,elder brother,brother-in-law (spouse's older brother or older sister's husband)","","1249900"
"そうそう","そうそう","そうそう","3","713","0,1","so much,so often,so long,so many,particularly,especially,oh, yes!,that's it,I remember,that's right,quite,indeed","","1006640"
"かどうか","かどうか","かどうか","3","602","","whether (or not),if","","2087300"
"貿易","貿[ぼう]易[えき]","ぼうえき","3","21748","0","(foreign) trade,(international) commerce,importing and exporting","","1520120"
"お姉","お姉[ねえ]","おねえ","3","6657","2","elder sister,effeminate man","","2706170"
"わしら","わしら","わしら","3","6842","2","we,us","","2850598"
"さ","さ","さ","3","116","1","-ness,indicates assertion,come,come now","","2029120"
"全力","全[ぜん]力[りょく]","ぜんりょく","3","1639","0","all one's power (strength, energy, efforts),one's utmost","","1396390"
"もう一度","もう一[いち]度[ど]","もういちど","3","546","","once more,again","","2005860"
"平凡","平[へい]凡[ぼん]","へいぼん","3","5918","0","ordinary,common,commonplace,mediocre,unremarkable,undistinguished,uneventful","","1507910"
"おのぼりさん","おのぼりさん","おのぼりさん","3","63173","2","countryside people (in town),visitor from the country,out-of-towner,country bumpkin (visiting the big city),yokel","","1002160"
"あっさり","あっさり","あっさり","3","2172","3","easily,readily,quickly,flatly (refuse),lightly (seasoned food, applied make-up, etc.),plainly,simply","","1000360"
"討つ","討[う]つ","うつ","3","7073","1","to attack,to destroy,to defeat,to conquer,to avenge","","1478010"
"一撃","一[いち]撃[げき]","いちげき","3","3539","0","one blow,one hit,one stroke,summiting on the first attempt (oft. without prior knowledge about the route; in climbing),on-sight,flashing","","1162090"
"か月","か月[げつ]","かげつ","3","4650","1","counter for months","","1194480"
"お話","お話[はなし]","おはなし","3","949","0","story,tale,talk,discussion","","2581590"
"調査","調[ちょう]査[さ]","ちょうさ","3","2040","1","investigation,examination,inquiry,enquiry,survey","","1429120"
"気づく","気[き]づく","きづく","3","866","2","to notice,to realize,to realise,to become aware (of),to perceive,to sense,to suspect,to regain consciousness,to come to (one's senses),to come round","","1591330"
"遅い","遅[おそ]い","おそい","3","348","0,2","slow,late,too late","","1421970"
"いい気になる","いい気[き]になる","いいきになる","3","11280","","to be self-complacent,to be conceited,to flatter oneself,to be full of oneself","","2574960"
"便利","便[べん]利[り]","べんり","3","2667","1","convenient,handy,useful","","1512610"
"政略結婚","政[せい]略[りゃく]結[けっ]婚[こん]","せいりゃくけっこん","3","28974","5","marriage of convenience,marriage for political reasons","","1735600"
"練習","練[れん]習[しゅう]","れんしゅう","3","1190","0","practice,training,drill,(an) exercise,workout","","1559160"
"わけない","わけない","わけない","3","596","1","easy,simple,there's no way that ...","","1739410"
"物","物[もの]","もの","3","606","0,2","thing,object,article,stuff,substance,one's things,possessions,property,belongings,things,something,anything,everything,nothing,quality,reason,the way of things,used to emphasize emotion, judgment, etc.,used to indicate a common occurrence in the past (after a verb in past tense),used to indicate a general tendency,used to indicate something that should happen,item classified as ...,item related to ...,work in the genre of ...,cause of ...,cause for ...,somehow,somewhat,for some reason,really,truly","","1502390"
"お嬢様","お嬢[じょう]様[さま]","おじょうさま","3","3741","2","(another's) daughter,young lady (of pampered upbringing),woman who has never known hardship,naive woman","","1694880"
"よろしい","よろしい","よろしい","3","979","3,0","good,OK,all right,fine,very well,will do,may,can","","1224880"
"お仕事","お仕[し]事[ごと]","おしごと","3","1826","2","work,job,labor,labour,business,task,assignment,occupation,employment","","2851448"
"念願","念[ねん]願[がん]","ねんがん","3","9765","0,3","one's heart's desire,one's dearest wish","","1469390"
"形","形[かたち]","かたち","3","692","2","(physical) form,shape,figure,visage,(facial) features,appearance (of a person),figure,looks,form (as opposed to substance),manner (of action),style,(outward) appearance,(resultant) state,situation,condition,form,behaviour (towards others),attitude,demeanor,manners,shape (positional qualities of a group of stones)","","1250220"
"っぽい","っぽい","っぽい","3","1149","1","-ish,-like","","2083720"
"日","日[にち]","にち","3","4350","0,1","Sunday,nth day (of the month),counter for days,Japan","","2083100"
"ということは","ということは","ということは","3","1124","","that is to say,so that means","","2136300"
"祖父","祖[そ]父[ふ]","そふ","3","6428","1","grandfather,old man,kyogen mask used for the role of an old man","","1396840"
"殿","殿[との]","との","3","10511","0","feudal lord,mansion,palace","","1442490"
"せい","せい","せい","3","359","1","consequence,outcome,result,blame,fault","","1610040"
"ひとり","ひとり","ひとり","3","2367","2","one person,being alone,being by oneself,being single,being unmarried,by oneself,alone,just,only,simply","","1576150"
"お子様","お子[こ]様[さま]","おこさま","3","10779","0","(another's) child,child,kid","","1002010"
"ど","ど","ど","3","1674","0","degree (angle, temperature, scale, etc.),counter for occurrences,strength (of glasses),glasses prescription,alcohol content (percentage),alcohol by volume,extent,degree,limit,presence of mind,composure","","1445160"
"弟","弟[おとうと]","おとうと","3","1623","4","younger brother,little brother,kid brother,brother-in-law (spouse's younger brother or younger sister's husband),pupil,apprentice","","1581930"
"そのため","そのため","そのため","3","910","0","hence,for that reason","","1006850"
"余裕","余[よ]裕[ゆう]","よゆう","3","1047","0","surplus,margin,leeway,room,space,time,allowance,flexibility,scope,composure,placidity,complacency,calm","","1544590"
"文字","文[も]字[じ]","もじ","3","1959","1","letter (of an alphabet),character,writing","","1505390"
"いける","いける","いける","3","1370","2","to arrange (flowers),to plant,living,live","","1587190"
"このまま","このまま","このまま","3","355","4,0","as is,as it is,as things are,like this,this way,at this rate","","1725390"
"考え","考[かんが]え","かんがえ","3","801","3","thinking,thought,view,opinion,concept,idea,notion,imagination,intention,plan,design,consideration,judgement,deliberation,reflection,wish,hope,expectation","","1281000"
"近づく","近[ちか]づく","ちかづく","3","686","3","to approach,to draw near,to get close,to get acquainted with,to get closer to,to get to know","","1242170"
"変わる","変[か]わる","かわる","3","296","0","to change,to be transformed,to be altered,to vary,to move to,to be different,to be uncommon,to be unusual","","1510790"
"襲撃","襲[しゅう]撃[げき]","しゅうげき","3","4797","0","(surprise) attack,assault,raid,charge","","1333340"
"ほしい","ほしい","ほしい","3","284","2","wanting (to have),desiring,wishing for,I want (you, them, etc.) to (do)","","1547330"
"間違える","間[ま]違[ちが]える","まちがえる","3","1125","3,4","to make a mistake (in),to commit an error,to get wrong,to do incorrectly,to mistake (one thing for another),to confuse","","1215330"
"男","男[おとこ]","おとこ","3","155","3","man,male,fellow,guy,chap,bloke,male lover,boyfriend,man,manliness,manly honor,manly honour,manly reputation","","1419990"
"おいおい","おいおい","おいおい","3","853","1","hey!,wait a minute!,whoa!,boohoo,waaaa","","1631660"
"商品","商[しょう]品[ひん]","しょうひん","3","3167","1","commodity,article of commerce,goods,stock,merchandise","","1347310"
"変わった","変[か]わった","かわった","3","795","","unusual,abnormal,strange,odd,peculiar,weird,different","","1510690"
"旅","旅[たび]","たび","3","1955","2","travel,trip,journey","","1553120"
"疲れた","疲[つか]れた","つかれた","3","2013","","worn-out (as opposed to sleepy)","","1647590"
"よくある","よくある","よくある","3","2922","","to often be the case,to occur frequently,to be common,to be popular","","2257640"
"人形","人[にん]形[ぎょう]","にんぎょう","3","2456","0","doll,puppet,marionette,puppet (person under the control of another),straw man,yes-man","","1367120"
"遠慮","遠[えん]慮[りょ]","えんりょ","3","1162","0,1","reserve,constraint,restraint,modesty,diffidence,hesitation,holding back,discretion,tact,thoughtfulness,declining,refraining,forethought,foresight","","1178450"
"それだけ","それだけ","それだけ","3","329","4,0","that much,as much,to that extent,only that,that alone,no more than that,that is all (when finished speaking)","","1006990"
"相談","相[そう]談[だん]","そうだん","3","717","0","consultation,discussion,discussing,asking (someone) for advice","","1401210"
"降伏","降[こう]伏[ふく]","こうふく","3","11835","0","surrender,capitulation,submission,yield","","1282940"
"格子","格[こう]子[し]","こうし","3","23724","0","lattice,latticework,window bars,grid,grating,trellis,lattice door,check(ed) pattern,plaid","","1205350"
"何度","何[なん]度[ど]","なんど","3","593","1","how many times,how many degrees (temperature, angle, etc.)","","1189170"
"反応","反[はん]応[のう]","はんのう","3","937","0","reaction,response,physical reaction (to a stimulus),observable response (of an organism),reaction,effect,change","","1480210"
"意味","意[い]味[み]","いみ","3","280","1","meaning,significance,sense","","1156800"
"さよなら","さよなら","さよなら","3","2857","3,4","goodbye,so long,farewell,saying goodbye to (e.g. life as a bachelor),putting an end to,parting with,farewell (performance, party, etc.),final,last,game-winning (e.g. hit)","","2154810"
"っていうか","っていうか","っていうか","3","1055","","or rather (say),or better (say),or perhaps I should say,or, how should I put it,I mean","","2122590"
"術","術[じゅつ]","じゅつ","3","2749","2,1","art,technique,skill,means,way,stratagem,artifice,trick,trap,magic,sorcery","","1340780"
"すむ","すむ","すむ","3","770","1","to finish,to end,to be completed,to be resolved,to have a result less severe than expected,to feel at ease,to feel unease or guilt for troubling someone,to be sorry","","1295070"
"ごはん","ごはん","ごはん","3","3131","1","cooked rice,meal","","1270590"
"死なせる","死[し]なせる","しなせる","3","18068","","to let die,to kill","","2855671"
"目の黒いうち","目[め]の黒[くろ]いうち","めのくろいうち","3","50319","","while alive (e.g. I won't allow ... while I'm alive),as long as one lives","","2736730"
"先に","先[さき]に","さきに","3","353","0,1,0","previously,before,earlier,formerly,recently,first,before (something or someone else),ahead (of),earlier,beforehand,in advance,ahead of time","","1387280"
"覚悟","覚[かく]悟[ご]","かくご","3","725","1,2","readiness,(mental) preparedness,resolution,determination,resignation (to one's fate)","","1206080"
"運ぶ","運[はこ]ぶ","はこぶ","3","828","0","to carry,to transport,to move,to convey,to come,to go,to use (a brush, chopsticks, etc.),to move,to carry out,to proceed with,to arrange,to go (well, etc.),to proceed,to progress","","1172660"
"優しい","優[やさ]しい","やさしい","3","463","0,3","tender,kind,gentle,graceful,affectionate,amiable","","1539040"
"できれば","できれば","できれば","3","1309","","if possible","","2825960"
"ずいぶん","ずいぶん","ずいぶん","3","1618","1","very,extremely,surprisingly,fairly,quite,considerably,awfully,terribly,terrible,horrid,contemptible,reprehensible,remarkable,extraordinary","","1372800"
"わっ","わっ","わっ","3","3028","1","wow!,oh!,eek!,gee!,yeah!,alright!,hurray!,waah!,boohoo!","","2087950"
"もん","もん","もん","3","403","2","indicates reason or excuse,indicates dissatisfaction,indicates desire to be pampered or indulged","","2780660"
"すてき","すてき","すてき","3","2494","0","lovely,wonderful,charming,enchanting,nice,great,splendid,marvellous (marvelous),fantastic,superb","","1397350"
"そそう","そそう","そそう","3","15079","1","carelessness,careless mistake,blunder,wetting oneself,soiling oneself","","1660820"
"安心","安[あん]心[しん]","あんしん","3","452","0","peace of mind,relief,(sense of) security,safety,assurance,confidence","","1153890"
"焼く","焼[や]く","やく","3","1544","0","to burn,to roast,to broil,to grill,to bake,to toast,to barbecue,to heat,to heat up,to make (charcoal, pottery, bricks, etc.),to bake,to fire,to burn,to tan (i.e. suntan),to burn,to print (a photo),to burn (an optical disc),to be jealous of,to be envious of,to envy","","1350600"
"満足","満[まん]足[ぞく]","まんぞく","3","1345","1","satisfaction,contentment,gratification,sufficient,satisfactory,enough,adequate,proper,decent,satisfying (an equation)","","1526860"
"発射","発[はっ]射[しゃ]","はっしゃ","3","5497","0","firing (esp. a rocket or missile),launching,shooting,discharge,catapult,ejaculation","","1477490"
"上昇気流","上[じょう]昇[しょう]気[き]流[りゅう]","じょうしょうきりゅう","3","45509","5","ascending air current,updraft,upward trend,rise in popularity, influence, etc.","","1353460"
"なれる","なれる","なれる","3","693","2","to get used to,to grow accustomed to,to become familiar with,to become skilled in,to become experienced at,to become tame,to become domesticated,to get used to doing","","1212670"
"まあまあ","まあまあ","まあまあ","3","1432","1,3","so-so,passable,not (so) bad,reasonable,now, now,there, there,there now,my, my,oh my!,dear me!","","1012070"
"苦労","苦[く]労[ろう]","くろう","3","1122","1","trouble,hardship,difficulty,labour,labor,toil,pains,anxiety,worry,concern,cares","","1244680"
"いや","いや","いや","3","650","2","disliking,not wanting,unwilling (to do),reluctant,unpleasant,disagreeable,nasty,horrible,disgusting,undesirable,unwelcome,no!,quit it!,stop!","","1587610"
"一応","一[いち]応[おう]","いちおう","3","751","0","more or less,though not quite satisfactorily,after a fashion,pretty much,roughly,so far as it goes,technically,tentatively,for the time being,just in case,once","","1161170"
"牛","牛[うし]","うし","3","4928","1","cattle (Bos taurus),cow,bull,ox,calf,beef,Chinese ""Ox"" constellation (one of the 28 mansions)","","1231490"
"技術","技[ぎ]術[じゅつ]","ぎじゅつ","3","1899","1","technology,engineering,technique,skill,art,craft","","1225130"
"見つける","見[み]つける","みつける","3","334","0","to find,to discover,to come across,to spot,to catch (someone doing),to be used to seeing,to be familiar with","","1604570"
"状態","状[じょう]態[たい]","じょうたい","3","672","0","state,condition,situation,appearance,circumstances","","1356730"
"空","空[そら]","そら","3","830","1,0","sky,the air,the heavens,weather,far-off place,distant place,state of mind,feeling,(from) memory,(by) heart,falsehood,lie,somehow,vaguely,fake","","1245290"
"強力","強[きょう]力[りょく]","きょうりょく","3","3145","0","powerful,strong","","1236600"
"置く","置[お]く","おく","3","317","0","to put,to place,to leave (behind),to establish (an organization, a facility, a position, etc.),to set up,to appoint (someone to a certain position),to hire,to employ,to place (one's trust, one's faith, etc.),to bear (in mind, etc.),to put down a tool (e.g. a pen) hence stopping what one is doing with that tool,to take in (boarders, etc.),to provide lodging in one's house,to separate spatially or temporally,to do something in advance,to leave something in a certain state,to keep something in a certain state","","1421850"
"怒る","怒[おこ]る","おこる","3","394","2","to get angry,to get mad,to lose one's temper,to scold,to tell (someone) off","","1445690"
"決める","決[き]める","きめる","3","293","0","to decide,to choose,to determine,to make up one's mind,to resolve,to set one's heart on,to settle,to arrange,to set,to appoint,to fix,to clinch (a victory),to decide (the outcome of a match),to persist in doing,to go through with,to always do,to have made a habit of,to take for granted,to assume,to dress up,to dress to kill,to dress to the nines,to carry out successfully (a move in sports, a pose in dance, etc.),to succeed in doing,to immobilize with a double-arm lock (in sumo, judo, etc.),to eat or drink something,to take illegal drugs","","1254180"
"任務","任[にん]務[む]","にんむ","3","3480","1","duty,function,office,mission,task,role","","1467260"
"なんたって","なんたって","なんたって","3","11827","1","no matter what,whatever you say,in the end,after all","","2749720"
"来てる","来[き]てる","きてる","3","268","","to have come,to be here,to be popular,to be fashionable,to be angry,to have blown one's lid","","2830009"
"さあ","さあ","さあ","3","249","1","come (on),come now,come along,here,all right,right,okay,now,here goes,well,hmm,uh,let's see,I'm not sure,here,now,there (we go),ah,oh,about that, ...,actually, ...","","1005110"
"ありがと","ありがと","ありがと","3","916","2","thank you,thanks","","2153940"
"古い","古[ふる]い","ふるい","3","1127","2","old,aged,ancient,antiquated,antique,timeworn,long,since long ago,time-honored,of the distant past,long-ago,stale,threadbare,hackneyed,corny,old-fashioned,outmoded,out-of-date","","1265070"
"収入","収[しゅう]入[にゅう]","しゅうにゅう","2","8306","0","income,earnings,revenue,proceeds,takings,receipts","","1330790"
"ほうがよい","ほうがよい","ほうがよい","2","6515","","had better ...,had better not ...","","2160680"
"かわいらしい","かわいらしい","かわいらしい","2","7602","5","lovely,sweet,pretty,cute,adorable","","1190740"
"滅びる","滅[ほろ]びる","ほろびる","2","5299","3,0","to go to ruin,to go under,to fall,to be destroyed,to die out,to become extinct,to perish","","1603610"
"ろー","ろー","ろー","2","3218","1","six","","2836250"
"おなか","おなか","おなか","2","2801","0","belly,abdomen,stomach","","1002610"
"倒れる","倒[たお]れる","たおれる","2","855","3","to fall (over, down),to collapse,to take a fall,to topple,to be destroyed (in a collapse),to collapse,to cave in,to crumble,to give away,to be confined to bed (with an illness),to come down with,to break down (e.g. from overwork),to die,to be killed,to go bankrupt (of a company, bank, etc.),to fail,to collapse,to go under,to be defeated (in a game),to lose,to fall (of a government, dictator, etc.),to be overthrown","","1445790"
"興味","興[きょう]味[み]","きょうみ","2","876","1,3","interest (in something),curiosity (about something),zest (for)","","1238410"
"いでる","いでる","いでる","2","4220","2","to go,to come","","2534980"
"あらあら","あらあら","あらあら","2","4607","0","roughly,broadly,generally,more or less","","1749840"
"尽","尽[じん]","じん","2","47049","2,0","last day (of the month)","","2270990"
"くさい","くさい","くさい","2","3227","2","stinking,smelly,suspicious,fishy,hammy (acting),over-the-top,cheesy,clumsy,unskilled,(overly) gamey,strong-tasting,smelling of,looking like,appearing like,smacking of,-ish","","1333150"
"用事","用[よう]事[じ]","ようじ","2","1648","0","business,things to do,engagement,errand,affairs","","1546300"
"家業","家[か]業[ぎょう]","かぎょう","2","20467","1","family business,family trade,one's occupation,one's trade","","1191840"
"暮らす","暮[く]らす","くらす","2","757","0","to live (on, by, etc.),to lead a life,to get along,to get by,to make a living,to earn a livelihood,to spend one's time (doing),to pass one's days (doing),to live,to get on (doing),to do daily,to do all day long,to continue doing","","1514940"
"下げる","下[さ]げる","さげる","2","1859","2","to hang,to suspend,to wear (e.g. decoration),to lower,to reduce,to bring down,to demote,to move back,to pull back,to clear (plates),to remove (food, etc. from table or altar),to keep on playing after one has formed a scoring combination with captured cards","","1184170"
"本物","本[ほん]物[もの]","ほんもの","2","890","0","genuine article,real thing,real deal","","1523180"
"いじめる","いじめる","いじめる","2","2489","0","to ill-treat,to bully,to torment,to pick on,to tease,to be cruel to,to persecute,to be tough on (e.g. one's body),to treat harshly","","1195140"
"わけじゃない","わけじゃない","わけじゃない","2","543","","it does not mean that ...,I don't mean that ...,it is not the case that","","2234750"
"お互い","お互[たが]い","おたがい","2","860","0","each other,one another","","1979930"
"現場","現[げん]場[ば]","げんば","2","1466","0","actual spot,scene (of a crime, accident, etc.),(on) site,(on) the ground,(in) the field,job site,filming location,(movie) set","","1263760"
"今夜","今[こん]夜[や]","こんや","2","903","1","this evening,tonight","","1289520"
"虐待","虐[ぎゃく]待[たい]","ぎゃくたい","2","12690","0","abuse,ill-treatment,maltreatment,mistreatment,cruelty","","1226950"
"小説","小[しょう]説[せつ]","しょうせつ","2","3508","0","novel,story,(work of) fiction","","1348430"
"扉","扉[とびら]","とびら","2","1422","0","door,gate,opening,title page","","1483380"
"ござる","ござる","ござる","2","1502","2","to be,to come,to go,to be (somewhere),to be (doing)","","1270350"
"開ける","開[あ]ける","あける","2","435","0","to open (a door, etc.),to unwrap (e.g. parcel, package),to unlock,to open (for business, etc.),to empty,to remove,to make space,to make room,to move out,to clear out,to be away from (e.g. one's house),to leave (temporarily),to dawn,to grow light,to end (of a period, season),to begin (of the New Year),to leave (one's schedule) open,to make time (for),to make (a hole),to open up (a hole)","","1202450"
"ども","ども","ども","2","1619","0,1","first-person plural (or singular),second or third person plural (implies speaker is of higher status than those referred to)","","1234250"
"改めて","改[あらた]めて","あらためて","2","1225","3","another time,again,over again,once again,anew,formally,especially,intentionally,deliberately","","1200740"
"ムームー","ムームー","ムームー","2","60954","3","muumuu (Hawaiian clothing)","","1132230"
"みせる","みせる","みせる","2","875","2","to show,to display,to make (something or someone) look ...,to present an appearance of ...,to make (something) worth watching,to be entertaining,to have (something) looked at (by a specialist),to have (an antique, etc.) appraised,to have (an injury, person, etc.) looked at (by a doctor),to take (someone) to a doctor,to make a show of (doing),to do in a conspicuous manner,to do in view of others,to resolve to do,to do at any cost,to show others that one will ...","","1259210"
"頭","頭[とう]","とう","2","10001","3","counter for large animals (e.g. head of cattle),counter for insects in a collection,counter for helmets, masks, etc.","","1450690"
"での","での","での","2","12175","","(that is) in,(that is) at,(that is done) with,(that is done) by,(that is) of (a quantity, number),(that) spans (a certain time)","","2862102"
"問題ない","問[もん]題[だい]ない","もんだいない","2","1521","","no problem,all right,not an issue,unobjectionable","","2848696"
"取る","取[と]る","とる","2","235","1","to take,to pick up,to grab,to catch,to hold,to pass,to hand,to give,to get,to obtain,to acquire,to win,to receive,to earn,to take (e.g. a vacation),to adopt (a method, proposal, etc.),to take (a measure, attitude, etc.),to choose,to remove,to get rid of,to take off,to take away,to steal,to rob,to eat,to have (e.g. lunch),to take (e.g. vitamins),to pick (e.g. flowers),to gather,to extract (e.g. juice),to catch (e.g. fish),to harvest (a crop),to take up (time, space),to occupy,to spare,to set aside,to secure,to reserve,to save,to put aside,to keep,to take (e.g. a joke),to interpret,to understand,to make out,to grasp,to record,to take down,to subscribe to (e.g. a newspaper),to take,to buy,to get,to order,to have delivered,to charge,to fine,to take (tax),to take (e.g. a wife),to take on (e.g. an apprentice),to adopt,to accept,to take control of,to take (the rudder),to compete (in sumo, cards, etc.),to play","","1326980"
"結成","結[けっ]成[せい]","けっせい","2","10273","0","formation,combination","","1254900"
"生","生[なま]","なま","2","2196","1","raw,uncooked,fresh,natural,as it is,unedited,unprocessed,unprotected (sex),raw,bareback,live (i.e. not recorded),inexperienced,unpolished,green,crude,impudence,sauciness,unpasteurized beer,draft beer,draught beer,blank (e.g. disk),unused,just a little,somehow,vaguely,partially,somewhat,half-,semi-,insufficient,incomplete,half-baked,half-hearted,perfunctory,cash,tipsiness","","1378450"
"間に合う","間[ま]に合[あ]う","まにあう","2","946","3","to be in time (for),to serve (suit, meet) the purpose,to be good enough,to be enough,to manage,to make do","","1215260"
"どっち","どっち","どっち","2","516","1","which way,which direction,where,which one (esp. of two alternatives),who","","1189360"
"それじゃ","それじゃ","それじゃ","2","902","3,0","well, ...,right, ...,now, ...,so,then,that way (would mean ...),if that is the case,in that case,bye then","","2858616"
"はっちゃける","はっちゃける","はっちゃける","2","37501","4","to make merry and forget one's troubles,to do as one pleases","","2428090"
"変える","変[か]える","かえる","2","460","0","to change,to alter,to transform,to convert,to turn,to vary,to reform,to revise,to amend","","1510650"
"大成功","大[だい]成[せい]功[こう]","だいせいこう","2","6551","3","great success,huge success","","1414240"
"熱い","熱[あつ]い","あつい","2","831","2","hot (to the touch),passionate (feelings, etc.),ardent,hot (e.g. gaze),hot (e.g. temper),zealous,enthusiastic,fired up,intense,severe,extreme,hot (topic),of interest","","1467720"
"とおり","とおり","とおり","2","1348","3","street,road,avenue,thoroughfare,traffic,coming and going,flow (of water, air, etc.),passage,running,transmission (of sound),reach (of voice),reputation,favor,favour,popularity,understanding,comprehension,comprehensibility,clarity,the same way (as),as (follows, stated, expected, etc.),counter for sets of things,counter for methods, ways, kinds, etc.","","1432920"
"水球","水[すい]球[きゅう]","すいきゅう","2","53106","0","water polo","","1737430"
"用","用[よう]","よう","2","517","1","business,task,errand,engagement,use,purpose,for the use of ...,used for ...,made for ...,call of nature,excretion","","1546200"
"提案","提[てい]案[あん]","ていあん","2","1724","0","proposal,proposition,suggestion","","1436320"
"ばっか","ばっか","ばっか","2","1488","","only,merely,nothing but,no more than","","2857403"
"速度","速[そく]度[ど]","そくど","2","3036","1","speed,velocity,pace,rate,velocity","","1405050"
"速さ","速[はや]さ","はやさ","2","4496","1","speed,velocity,quickness,rapidity,earliness","","1404990"
"べ","べ","べ","2","2431","1","word used at sentence-end (like a particle) to indicate speculation, volition or invitation,familiar suffix used after a personal name","","2213460"
"受け止める","受[う]け止[と]める","うけとめる","2","2104","4,0","to catch,to stop the blow,to react to,to take (advice, etc.),to accept,to come to grips with","","1329630"
"地面","地[じ]面[めん]","じめん","2","2161","1","ground,earth's surface,land,lot,plot","","1421510"
"休む","休[やす]む","やすむ","2","601","2","to be absent,to take a day off,to rest,to have a break,to go to bed,to (lie down to) sleep,to turn in,to retire,to stop doing some ongoing activity for a time,to suspend business","","1227560"
"感じる","感[かん]じる","かんじる","2","297","0","to feel,to sense,to experience,to be moved (by),to be touched (by),to be impressed (by),to respond (to),to become infected with (an illness),to catch","","1212260"
"あーん","あーん","あーん","2","3070","","opening (one's mouth) wide,saying ""aah"",crying loudly,wailing,bawling","","2277880"
"野営","野[や]営[えい]","やえい","2","27297","0","camping,campground,making camp","","1655150"
"倉庫","倉[そう]庫[こ]","そうこ","2","3729","1","storehouse,warehouse,godown","","1399120"
"勧誘","勧[かん]誘[ゆう]","かんゆう","2","8072","0","invitation,solicitation,canvassing,canvasing,inducement,persuasion,encouragement","","1211120"
"これなら","これなら","これなら","2","2773","3","this one,with this,in this way","","2830342"
"貸す","貸[か]す","かす","2","739","0","to lend,to loan,to rent out,to hire out,to hand (over),to give","","1411160"
"土に埋める","土[つち]に埋[う]める","つちにうめる","2","50550","","to bury in the ground","","1894770"
"折れる","折[お]れる","おれる","2","2297","2","to break,to be broken,to snap,to fracture,to be folded,to give in,to back down,to yield,to submit,to turn (a corner)","","1385920"
"切れ味","切[き]れ味[あじ]","きれあじ","2","13863","2,0","sharpness,cutting ability,quickness (of wit),incisiveness,technical proficiency,skill,peppiness (of a ball)","","1591890"
"お手伝い","お手伝[てつだ]い","おてつだい","2","2723","2","maid,helper,help,assistance","","1612810"
"不要","不[ふ]要[よう]","ふよう","2","4413","0","unnecessary,unneeded","","1602900"
"ただし","ただし","ただし","2","1375","1","but,however,provided that","","1416190"
"元","元[もと]","もと","2","581","0,1,2","origin,source,beginning,basis,base,foundation,root,cause,(raw) material,ingredient,base,mix (e.g. for a cake),(soup) stock,(one's) side,capital,principal,cost price,root (of a plant),(tree) trunk,part (of a brush, chopsticks, etc.) one holds (with the hand),first three lines of a waka,counter for plants or trees,counter for falcons (in falconry)","","1260670"
"直す","直[なお]す","なおす","2","1458","2","to repair,to mend,to fix,to correct (a mistake, bad habit, etc.),to put right,to restore,to straighten (e.g. a tie),to tidy up (one's hair, make-up, etc.),to revive (one's spirits),to change,to alter,to convert,to translate,to put back,to put away,to cure,to heal,to move up,to promote,to do over again,to redo","","1599390"
"女","女[おんな]","おんな","2","248","0,1","woman,female,female lover,girlfriend,mistress,(someone's) woman","","1344930"
"正面","正[しょう]面[めん]","しょうめん","2","2390","3","front,frontage,facade,main","","1378030"
"１体","１体[いったい]","いったい","2","17562","0","(what) the heck,(why) in the world,(who) on earth,(where) the hell,(how) the hell,one object,one body,one unit,one group,one mass,one form,one style,one format,one fashion,one Buddhist image,one carving,one sculpture,one corpse,one sample (of bones, remains, etc.),generally,in general,on the whole,by and large,for the most part,strictly speaking,in the first place,originally,to begin with","","1164510"
"食らう","食[く]らう","くらう","2","3047","0,2","to eat,to drink,to wolf,to knock back,to receive (e.g. a blow),to be on the receiving end (of something undesirable),to undergo (trouble)","","1592410"
"関節","関[かん]節[せつ]","かんせつ","2","7999","0","joint","","1215960"
"威力","威[い]力[りょく]","いりょく","2","4297","1","power,might,authority,influence","","1587770"
"合体","合[がっ]体[たい]","がったい","2","10418","0","union,combination,coalescence,amalgamation,merger,incorporation,conjugation (of gametes),sexual intercourse,copulation","","1285090"
"課題","課[か]題[だい]","かだい","2","4248","0","subject,theme,issue,matter,homework,assignment,problem (that needs solving),task,challenge,question,route (in climbing, bouldering, etc.),problem","","1195820"
"苦しめる","苦[くる]しめる","くるしめる","2","3513","4","to torment,to pain,to inflict (physical) pain,to hurt,to harass,to cause (emotional) pain,to afflict,to distress,to bother,to trouble,to stump,to baffle","","1244360"
"遭遇","遭[そう]遇[ぐう]","そうぐう","2","4124","0","encounter,running into,meeting with (e.g. an accident),being confronted with (e.g. a difficulty)","","1402890"
"ほう","ほう","ほう","2","1259","1,0","oh,ho,exclamation of surprise, admiration, etc.,hoo (owl call),toot (sound of a flute)","","2771030"
"物語","物[もの]語[がたり]","ものがたり","2","1884","3","story,tale,narrative,account,fable,legend","","1502480"
"終わり","終[お]わり","おわり","2","505","0","end,ending,close,conclusion,end of (one's) life,death","","1589590"
"へぇ","へぇ","へぇ","2","3789","1","oh, yes?,really?","","2019590"
"じゃう","じゃう","じゃう","2","5938","","to do completely,to do accidentally,to do without meaning to,to happen to do","","2013800"
"こうして","こうして","こうして","2","1321","0","thus,in this way","","2008040"
"見事","見[み]事[ごと]","みごと","2","1407","1","splendid,magnificent,excellent,fine,superb,beautiful,admirable,utter (esp. defeat),total,complete,something worth seeing,sight,spectacle","","1259620"
"成し遂げる","成[な]し遂[と]げる","なしとげる","2","6100","4,0","to accomplish,to achieve,to complete,to carry out,to carry through","","1375550"
"めでたしめでたし","めでたしめでたし","めでたしめでたし","2","16829","","and they all lived happily ever after,having a happy ending,ending without incident","","2221830"
"遊び","遊[あそ]び","あそび","2","1830","0","play,playing,game,pleasure,amusement,pastime,recreation,diversion,play (in a mechanism, e.g. a steering wheel),flexibility (in a performance, art, etc.),freedom,flyleaf","","1542070"
"覚える","覚[おぼ]える","おぼえる","2","266","3","to memorize,to memorise,to commit to memory,to learn by heart,to bear in mind,to remember,to learn,to pick up,to acquire,to feel,to think,to regard","","1206050"
"何でもいい","何[なん]でもいい","なんでもいい","2","4305","","it doesn't matter what,anything is fine","","2120370"
"必ず","必[かなら]ず","かならず","2","415","0","always,without exception,necessarily,certainly,without fail,positively,invariably","","1487400"
"なめる","なめる","なめる","2","1753","2","to lick,to lap,to suck,to taste,to experience (esp. a hardship),to underestimate,to make light of,to look down on (someone),to make a fool of,to treat with contempt,to disparage,to lick (at; of flames),to burn","","1571320"
"あっという間","あっという間[ま]","あっというま","2","2955","","an instant,a split second,no time at all,time of an ""ah!""","","2208410"
"うら","うら","うら","2","11509","3","I,me","","2080360"
"断る","断[ことわ]る","ことわる","2","781","3","to refuse,to reject,to dismiss,to turn down,to decline,to inform,to give notice,to ask in advance (and get approval),to get permission,to ask leave,to excuse oneself (from)","","1419570"
"触れる","触[ふ]れる","ふれる","2","899","0","to touch,to feel,to touch (with),to experience,to come in contact with,to perceive,to touch on (a subject),to allude to,to refer to,to mention,to bring up,to be in conflict with,to violate (law, copyright, etc.),to infringe,to proclaim,to make known,to spread (e.g. a rumour)","","1357990"
"故郷","故[こ]郷[きょう]","こきょう","2","3843","1","hometown,birthplace,native place,one's old home","","2853884"
"残り","残[のこ]り","のこり","2","1211","3","remainder,remnant,the rest,what is left,balance,leftovers","","1304480"
"続き","続[つづ]き","つづき","2","1550","0","continuation,rest (of the story, work, etc.),next installment,sequel,flow (e.g. of a piece of writing),pacing (of a story),succession (of),sequence,series,spell,stretch,streak,run","","1894690"
"上玉","上[じょう]玉[だま]","じょうだま","2","34799","0","fine jewel,article of excellent quality,beautiful woman,beauty,stunner","","1353000"
"べき","べき","べき","2","358","1","should,must,ought to","","1011430"
"方面","方[ほう]面[めん]","ほうめん","2","4724","3","direction,district,area,field (e.g. of study),sphere,quarter,aspect,angle","","1517100"
"やっぱ","やっぱ","やっぱ","2","789","0,3","too,also,likewise,either,still,as before,even so,either way,nonetheless,in any event,all the same,as expected","","2772780"
"お昼","お昼[ひる]","おひる","2","2537","2","lunch,noon,midday,daytime,waking up,getting up,rising","","1660100"
"頼み","頼[たの]み","たのみ","2","2397","1,3","request,favor,favour,reliance,dependence,trust,hope","","1610270"
"卒業検定","卒[そつ]業[ぎょう]検[けん]定[てい]","そつぎょうけんてい","2","160878","5","driving school qualifying test (can lead to waiver of a formal test)","","2406430"
"学生","学[がく]生[せい]","がくせい","2","1921","0","student (esp. a university student)","","1206900"
"関係ない","関[かん]係[けい]ない","かんけいない","2","603","","unrelated,irrelevant,unconcerned,unconnected","","2076040"
"範囲","範[はん]囲[い]","はんい","2","2549","1","extent,scope,sphere,range,span","","1481890"
"成果","成[せい]果[か]","せいか","2","2943","1","(good) result,outcome,fruits (of one's labors),product,accomplishment","","1375650"
"常識人","常[じょう]識[しき]人[じん]","じょうしきじん","2","27044","","person of common sense,common sense man","","1938700"
"心当たり","心[こころ]当[あ]たり","こころあたり","2","3098","4","having in mind,happening to know (of),idea (of),inkling","","1360890"
"とはいえ","とはいえ","とはいえ","2","1203","1","though,although,be that as it may,nonetheless","","2037320"
"このとおり","このとおり","このとおり","2","7226","5,3","like this,in this way,as you see","","2233930"
"本日","本[ほん]日[じつ]","ほんじつ","2","1140","1","today,this day","","1523110"
"最後","最[さい]後[ご]","さいご","2","240","1","end,conclusion,last,final,latest,most recent,no sooner than,once,right after (often having negative consequences),one's final moments","","1293810"
"鍛錬","鍛[たん]錬[れん]","たんれん","2","10165","1","tempering (metal),annealing,forging,toughening,disciplining,training","","1419170"
"自分から","自[じ]分[ぶん]から","じぶんから","2","2596","","willingly,voluntarily,of one's own accord","","2825980"
"権力","権[けん]力[りょく]","けんりょく","2","5221","1","(political) power,authority,influence","","1258220"
"遅れる","遅[おく]れる","おくれる","2","1000","0","to be late,to be delayed,to fall behind schedule,to be overdue,to fall behind (in a race, one's studies, etc.),to lag behind,to be behind (the times),to be bereaved of,to be preceded by (someone) in death,to be slow (of a clock or watch)","","1589040"
"買い物","買[か]い物[もの]","かいもの","2","1767","0","shopping,purchased goods","","1589730"
"取り下げる","取[と]り下[さ]げる","とりさげる","2","19203","4,0","to withdraw,to abandon (e.g. a lawsuit)","","1326570"
"捜す","捜[さが]す","さがす","2","1053","0","to search for,to look for,to hunt for,to seek,to search (a house, pocket, etc.),to search through,to rummage in (e.g. a drawer),to fish around","","1593670"
"ただいま","ただいま","ただいま","2","747","2,4,0","I'm home!,I'm back!,it's me!,now,at present,at the moment,just now,a moment ago,at once,right away,in a minute,shortly,soon","","1538960"
"勝利","勝[しょう]利[り]","しょうり","2","2181","1","victory,triumph,win,conquest,success","","1346240"
"ば","ば","ば","2","1302","","if ... then,when,and,why don't you ...?,the more (one does something),because,since","","2029040"
"久しぶり","久[ひさ]しぶり","ひさしぶり","2","737","0,5","a long time (since the last time),first in a long time,it's been a long time,long time no see","","1227370"
"多少","多[た]少[しょう]","たしょう","2","1863","0","a little,some,somewhat,slightly,to some degree,to some extent,amount,quantity,number","","1407810"
"せいぜい","せいぜい","せいぜい","2","2457","1","at the most,at best,to the utmost,as much as possible,as much as one can","","1596050"
"身につける","身[み]につける","みにつける","2","3965","","to learn,to acquire knowledge,to carry,to wear (clothes, etc.),to put on","","1980660"
"必殺技","必[ひっ]殺[さつ]技[わざ]","ひっさつわざ","2","10961","","killer technique,surefire assassination method,special or lethal move, usu. one unique to a certain fighter or fighting style","","2061290"
"的","的[てき]","てき","2","817","0","-ical,-ive,-al,-ic,-y,-like,-ish,-sort of,-kind of,(something) like,along the lines of,-wise,in terms of,for,from the viewpoint of,from a ... standpoint,as far as ... is concerned,Mr.,Ms.,Mrs.","","1437260"
"大した","大[たい]した","たいした","2","1147","1","considerable,great,important,significant,a big deal","","1412960"
"落ちる","落[お]ちる","おちる","2","419","2","to fall,to drop,to come down,to crash,to collapse,to cave in,to give way,to set (of the sun or moon),to sink,to dip,to go down,to decrease (of popularity, quality, speed, sales, etc.),to fall,to drop,to go down,to decline,to deteriorate,to abate (of wind),to be inferior (to),to be not as good (as),to fall short (of),to come off (of dirt, paint, makeup, etc.),to come out (of a stain),to fade (of colour),to be removed (of an illness, possessing spirit, etc.),to disappear (of excess fat),to become thinner,to become leaner,to be left out,to be omitted,to be missing,to fail (an exam),to lose (a contest, election, etc.),to be unsuccessful,to decline (of morals, character, etc.),to become vulgar (e.g. of a conversation),to stoop (to),to sink (so low),to be ruined,to go under,to fall (into hell),to fall (in love, asleep, etc.),to fall (into someone's hands),to be accepted (of a bid),to be won (of a tender),to be honoured (of a bill),to fall into (a trap),to fall for (a trick),to give in,to confess,to own up,to come to (a conclusion, topic, etc.),to arrive at (in the end),to leave (a city, castle, etc.),to (be defeated and) flee,to sink in,to be accepted (in one's heart),to fall (to the enemy),to be defeated,to come in (of money),to fall (upon; of light, a shadow, one's gaze, etc.),to pass out (in judo),to fall unconscious,to go down (of a website, server, etc.),to crash,to log out (of an online game, chat room, etc.),to drop out,to leave,to go offline,to move to deeper water (of a fish in cold weather),to die (of an animal)","","1548550"
"足","足[あし]","あし","2","512","2","foot,paw,arm (of an octopus, squid, etc.),leg,gait,pace,lower radical of a kanji,means of transportation,(one's) ride,money,coin","","1404630"
"侮辱","侮[ぶ]辱[じょく]","ぶじょく","2","6830","0","insult,affront,slight,contempt (e.g. of court)","","1498260"
"２人とも","２[ふた]人[り]とも","ふたりとも","2","2126","","both (people),the two of them","","1462470"
"いかにも","いかにも","いかにも","2","2994","2","indeed,really,truly,just (like),very,extremely,totally,terribly,absolutely,certainly,for sure","","1000660"
"魔法使い","魔[ま]法[ほう]使[つか]い","まほうつかい","2","9485","4,5","magician,wizard,sorcerer,witch,mage","","1524240"
"いきなり","いきなり","いきなり","2","609","0","abruptly,suddenly,all of a sudden,without warning","","1282000"
"灼熱","灼[しゃく]熱[ねつ]","しゃくねつ","2","12761","0","becoming red-hot,red heat,scorching heat,burning heat,burning (love),passionate (e.g. debate),ardent","","1324180"
"あらら","あらら","あらら","2","6313","1","tsk tsk,oh-oh,huh,what's that?","","2864614"
"麻痺","麻[ま]痺[ひ]","まひ","2","7653","1,0","paralysis,palsy,stupor,numbness,loss of sensation,standstill,state of paralysis,inability to take action","","1604160"
"再生","再[さい]生[せい]","さいせい","2","3628","0","restoration to life,coming to life again,resuscitation,regeneration,reformation,rehabilitation,recycling,reclamation,recovery,playback,regeneration (of video or sound),views (of an online video),regeneration (of lost or damaged tissue),regrowth,rebirth,reincarnation,recall (memory),retrieval","","1292960"
"名物","名[めい]物[ぶつ]","めいぶつ","2","8226","1","famous product,special product,speciality,specialty","","1531810"
"いくら","いくら","いくら","2","500","1,0","how much,something over,and something,-odd,however (much),no matter how","","1219980"
"着く","着[つ]く","つく","2","833","1,2","to arrive at,to reach,to sit on,to sit at (e.g. the table)","","1422970"
"先史","先[せん]史[し]","せんし","2","91788","1","prehistory","","1953180"
"人より","人[ひと]より","ひとより","2","6669","","more than most people,more than other people,compared with other people,more than others","","2692710"
"やつ","やつ","やつ","2","291","0","fellow,guy,chap,thing,object,he,she,him,her","","1445640"
"いわゆる","いわゆる","いわゆる","2","2585","3,2","what is called,what you call,what they call,so-called","","1343150"
"消す","消[け]す","けす","2","891","0","to erase,to rub out,to rub off,to cross out,to delete,to turn off (a light, TV, heater, etc.),to switch off,to extinguish (a fire, candle, etc.),to put out,to remove (a smell, pain, etc.),to eliminate,to get rid of,to relieve (pain, anxiety, etc.),to neutralize (poison),to drown out (a sound),to deaden,to absorb,to muffle,to kill,to murder,to bump off,to rub out","","1350110"
"炎熱","炎[えん]熱[ねつ]","えんねつ","2","55717","0","sweltering heat","","1177160"
"防御","防[ぼう]御[ぎょ]","ぼうぎょ","2","5065","1","defense,defence,safeguard,protection","","1520330"
"令嬢","令[れい]嬢[じょう]","れいじょう","2","14458","0","(your) daughter,young woman,daughter of a good family","","1556190"
"ふー","ふー","ふー","2","1932","","phew,whew,huff,whoo,woohoo","","2828104"
"果たして","果[は]たして","はたして","2","2662","2","as was expected,just as one thought,sure enough,really,actually,ever","","1600780"
"趣味","趣[しゅ]味[み]","しゅみ","2","1311","1","hobby,pastime,tastes,preference,liking","","1329000"
"どころか","どころか","どころか","2","2141","","far from,anything but,not at all ... but rather ...,not ..., on the contrary, ...,instead of,rather than,let alone,to say nothing of,not to mention,much less,not only ... (but also ...)","","2009220"
"評判","評[ひょう]判[ばん]","ひょうばん","2","2718","0","reputation,(public) estimation,popularity,rumour,rumor,talk (e.g. of the town),fame,notoriety","","1490070"
"多い","多[おお]い","おおい","2","330","1,2","many,numerous,a lot,large amount of,large quantity of,a lot,much,frequent,common","","1407460"
"咆哮","咆[ほう]哮[こう]","ほうこう","2","10301","0","roar,howl,yell,bellow","","1565190"
"夢","夢[ゆめ]","ゆめ","2","333","2","dream,dream,hope,wish,aspiration,ambition,unrealistic aspiration,daydream,pipe dream,delusion,illusion,fleeting thing,something short-lived","","1529410"
"たとえ","たとえ","たとえ","2","954","0,2","even if,no matter (what),if,though,although,supposing,supposing that,-ever","","1597125"
"進む","進[すす]む","すすむ","2","627","0","to advance,to go forward,to precede,to go ahead (of),to make progress,to improve,to deepen,to heighten,to be fast (of a clock),to be ahead,to do of one's own free will","","1365980"
"別れる","別[わか]れる","わかれる","2","1005","3","to part (usu. of people),to part from,to part with,to be apart from,to separate (of a couple),to break up,to divorce,to lose (e.g. one's mother),to be bereaved","","1606590"
"とも","とも","とも","2","1491","1,2","certainly,of course,to be sure,surely,even if,no matter (who, what, when, where, why, how),though,although,without even,without so much as,at the (least, earliest, etc.),also (called),also as,well","","1632180"
"気分","気[き]分[ぶん]","きぶん","2","675","1","feeling,mood","","1222590"
"１枚","１[いち]枚[まい]","いちまい","2","3750","2","one (thin, flat object),one sheet","","1166710"
"くれ","くれ","くれ","2","1700","0","sunset,sundown,nightfall,dusk,end,close,year-end,end of the year","","1514950"
"なにこれ","なにこれ","なにこれ","2","7006","","what the?,what's going on?,what's this?","","2840503"
"目をつける","目[め]をつける","めをつける","2","6800","","to have an eye on,to zero in on","","2065920"
"会話","会[かい]話[わ]","かいわ","2","1263","0","conversation,talk,chat","","1198880"
"まるで","まるで","まるで","2","484","0","as if,as though,just like,much as,exactly like,as it were,(not) at all,(not) in the slightest,(not) a bit,really,completely,entirely,wholly,truly,quite","","1216280"
"広い","広[ひろ]い","ひろい","2","1078","2","spacious,vast,wide","","1278410"
"違和感","違[い]和[わ]感[かん]","いわかん","2","2758","2","uncomfortable feeling,feeling out of place,sense of discomfort,malaise,physical unease","","1159020"
"隣","隣[となり]","となり","2","765","0","next (to),adjoining,adjacent,house next door,neighbouring house,next-door neighbour,next-door neighbor","","1555830"
"事件","事[じ]件[けん]","じけん","2","845","1","event,affair,incident,case,plot,trouble,scandal","","1313830"
"出番","出[で]番[ばん]","でばん","2","2762","2,0","one's turn,one's shift,one's turn on stage,screen time,one's time (to act),one's chance,one's part (to play)","","1340170"
"喫茶","喫[きっ]茶[さ]","きっさ","2","19058","0,1","tea drinking,teahouse,tearoom,coffee lounge,coffee shop,(rather formal) cafe","","1226430"
"足りる","足[た]りる","たりる","2","682","0","to be sufficient,to be enough,to be worth doing,to be worthy of,to deserve,to do (the job),to serve,to answer","","1404740"
"それなり","それなり","それなり","2","2578","0","in itself,as it is,in its own way,as suits the occasion,within its capacity,within limitations","","1007030"
"素材","素[そ]材[ざい]","そざい","2","4017","0","ingredient,(raw) material,resource,unprocessed timber,raw timber,subject matter,topic","","1397220"
"採取","採[さい]取[しゅ]","さいしゅ","2","10081","1,0","picking,collecting,harvesting,gathering,extraction","","1294800"
"報酬","報[ほう]酬[しゅう]","ほうしゅう","2","4369","0","remuneration,recompense,reward,toll","","1515700"
"しかも","しかも","しかも","2","488","2","moreover,furthermore,nevertheless,and yet","","1506050"
"走る","走[はし]る","はしる","2","526","2","to run,to run (of a vehicle),to drive,to travel,to move,to sail,to rush (to),to dash,to race,to retreat,to flee,to defect (to),to run away,to abscond,to elope,to flash (of lightning),to streak,to shoot (through; e.g. of pain),to run (through),to flare,to flit (e.g. across one's face),to spread quickly (of news, shock, etc.),to go (e.g. bad, to extremes),to become,to turn,to take to (e.g. crime),to get carried away by (e.g. one's emotions),to get involved in,to get wrapped up in,to run (through; of a road, street, etc.),to extend (e.g. of a mountain range),to stretch,to lie","","1402540"
"逃げて","逃[に]げて","にげて","2","5135","","escape!,flee!,run away!","","2853124"
"寒い","寒[さむ]い","さむい","2","1300","2","cold (e.g. weather),uninteresting (esp. joke),lame,dull,weak,corny","","1210360"
"変温動物","変[へん]温[おん]動[どう]物[ぶつ]","へんおんどうぶつ","2","96180","5","poikilotherm","","1843220"
"利用","利[り]用[よう]","りよう","2","998","0","use,utilization,utilisation,application","","1549660"
"温度","温[おん]度[ど]","おんど","2","4431","1","temperature","","1183510"
"依頼書","依[い]頼[らい]書[しょ]","いらいしょ","2","44568","","written request,request for ...,application for ...","","2409450"
"首","首[くび]","くび","2","1016","3,0,1","neck,head,dismissal (from a job),firing,sacking","","1592270"
"部分","部[ぶ]分[ぶん]","ぶぶん","2","1221","1","portion,section,part","","1499490"
"刀傷","刀[かたな]傷[きず]","かたなきず","2","39801","3","sword wound,sword cut","","1446630"
"あたりまえ","あたりまえ","あたりまえ","2","14209","0","natural,reasonable,obvious,usual,common,ordinary,commonplace,the norm","","1448800"
"もともと","もともと","もともと","2","1356","0","originally,from the start,from the beginning,from the outset,by nature,none the worse (for),(coming out) even,in the same position (as before)","","1605280"
"２日","２日[ふつか]","ふつか","2","3758","0","2nd day of the month,two days","","1462900"
"少々","少[しょう]々[しょう]","しょうしょう","2","1672","1","a little,a bit,a small amount,a few,a pinch,some,a little while,a short time,a moment,a minute,a second","","1594930"
"そうそう","そうそう","そうそう","2","16496","0","hurry,rush,flurry,simple,brief,quick,rough,crude,careless,inadequate,yours sincerely,yours in haste","","1596410"
"せん","せん","せん","2","2905","1","thousand,1,000","","1388740"
"いたす","いたす","いたす","2","665","2,0","to do","","1421900"
"げ","げ","げ","2","2939","0","seeming,giving the appearance of,giving one the feeling of","","2006580"
"契約","契[けい]約[やく]","けいやく","2","2565","0","contract,compact,agreement","","1250190"
"違約金","違[い]約[やく]金[きん]","いやくきん","2","44167","0","penalty for contract breach,forfeit","","1158980"
"ご心配なく","ご心[しん]配[ぱい]なく","ごしんぱいなく","2","7449","","don't worry,no worries,never mind","","1005070"
"後悔","後[こう]悔[かい]","こうかい","2","1011","1","regret,repentance,remorse","","1269510"
"売る","売[う]る","うる","2","803","0","to sell,to betray,to sell out (one's friend, country, etc.),to make (oneself) known,to establish (a reputation) for oneself,to pick (a fight, quarrel, etc.),to provoke,to force on someone","","1473950"
"恐ろしい","恐[おそ]ろしい","おそろしい","2","1290","4","terrible,dreadful,terrifying,frightening,surprising,startling,tremendous,amazing","","1236690"
"依頼主","依[い]頼[らい]主[ぬし]","いらいぬし","2","21404","","client,sender","","2805440"
"料金","料[りょう]金[きん]","りょうきん","2","8421","1,0","fee,charge,fare","","1554280"
"驚く","驚[おどろ]く","おどろく","2","515","3","to be surprised,to be taken aback,to be amazed,to be astonished,to be shocked,to be frightened,to be startled,to be alarmed","","1238680"
"あめ","あめ","あめ","2","12216","1","rain,rainy day,rainy weather,the November suit (in hanafuda)","","1171900"
"歌","歌[うた]","うた","2","1756","2","song,singing,classical Japanese poem (esp. tanka),modern poetry","","1193180"
"ゆえに","ゆえに","ゆえに","2","5187","2","therefore,consequently","","1267130"
"甘い","甘[あま]い","あまい","2","723","2","sweet-tasting,sweet,sugary,sugared,fragrant (smelling),sweet (music),lightly salted,light in salt,not spicy,naive,overly optimistic,soft on,generous,indulgent,easy-going,lenient,half-hearted,not finished properly,insufficient,not satisfactory,inadequate,loose,mild,tempting,enticing,luring","","1213400"
"さっきから","さっきから","さっきから","2","1206","","since some time ago,for some time,for quite a while","","2842151"
"勝手","勝[かっ]手[て]","かって","2","755","0","one's own convenience,one's way,selfishness,surroundings,environment,way of doing things,convenience,ease of use,financial circumstances,living,livelihood,kitchen,right hand (in archery),hand that pulls the bowstring,unauthorised (e.g. phone app, WWW site),unofficial","","1346190"
"ろくに","ろくに","ろくに","2","3581","0","(not) well,(not) properly,(not) enough,(not) sufficiently,(not) satisfactorily,(not) decently","","1570040"
"繋がる","繋[つな]がる","つながる","2","3805","0","to be tied together,to be connected to,to be linked to,to lead to,to be related to,to be related (by blood)","","1251880"
"どうしても","どうしても","どうしても","2","559","4,1","by all means,at any cost,no matter what,at any rate,surely,whether (one is) willing or not,willingly or unwillingly,willy-nilly,on no account,by no means,in the end,in the long run,after all,eventually","","1466950"
"というもの","というもの","というもの","2","1456","","something like ...,something called ...","","1008510"
"まいる","まいる","まいる","2","1483","1","to go,to come,to call,to be defeated,to collapse,to die,to be annoyed,to be nonplussed,to be madly in love,to visit (shrine, grave)","","1302070"
"そうだよね","そうだよね","そうだよね","2","2084","","sure,yeah,I know","","2831328"
"男子","男[だん]子[し]","だんし","2","2270","1","boy,man,male","","1420070"
"愉快","愉[ゆ]快[かい]","ゆかい","2","5063","1","pleasant,delightful,enjoyable,joyful,cheerful,amusing,happy","","1538560"
"それじゃあ","それじゃあ","それじゃあ","2","1269","3,0","well, ...,right, ...,now, ...,so,then,that way (would mean ...),if that is the case,in that case,bye then","","2858616"
"ううん","ううん","ううん","2","668","0,2","um,er,well,nuh-uh,no,oof","","2002400"
"そっくり","そっくり","そっくり","2","1841","3","all,altogether,entirely,completely,exactly alike (e.g. in appearance),spitting image of,identical,strikingly similar","","1006790"
"フェー","フェー","フェー","2","24469","1","hoe,raw fish or meat dish in Korean cuisine","","2835861"
"何でもない","何[なん]でもない","なんでもない","2","1808","5","easy,trifling,harmless,of no concern,nothing,nothing of the sort,not at all","","1188400"
"じゃねえ","じゃねえ","じゃねえ","2","572","","is not,am not,are not,isn't it?","","2842282"
"これだけ","これだけ","これだけ","2","3633","4,0","to this extent,to this degree,this much,this little","","2008160"
"どうかした","どうかした","どうかした","2","1682","","is something wrong?,what's wrong?,what's the matter?,slightest,mere,trivial,some,chance,accidental,unexpected","","2089480"
"ぶ","ぶ","ぶ","2","2314","1,0","department (in an organization, company, etc.),division,bureau,faculty,club (at a school, university, etc.),team,part,portion,region,area,category,class,division,section,heading,counter for copies of a newspaper, magazine, book, etc.","","1499290"
"うる","うる","うる","2","2870","0","to sell,to betray,to sell out (one's friend, country, etc.),to make (oneself) known,to establish (a reputation) for oneself,to pick (a fight, quarrel, etc.),to provoke,to force on someone","","1473950"
"対人戦","対[たい]人[じん]戦[せん]","たいじんせん","2","46456","","PvP battle,battle between human players (as opposed to AI)","","2842732"
"丸出し","丸[まる]出[だ]し","まるだし","2","8698","0","(fully) exposed,bare,uncovered,in full view,undisguised,broad (accent)","","1216470"
"切り札","切[き]り札[ふだ]","きりふだ","2","7208","2","trump,trump card,ace up one's sleeve,secret weapon","","1591870"
"登場","登[とう]場[じょう]","とうじょう","2","2000","0","entrance (on the stage),appearance (in a book, film, etc.),appearance (on the scene),arrival (on the market),emergence,introduction,advent","","1444800"
"恐れる","恐[おそ]れる","おそれる","2","1712","3","to fear,to be afraid of","","1589200"
"弱点","弱[じゃく]点[てん]","じゃくてん","2","3937","3,0","weak point,weakness,shortcoming,defect,flaw,sore spot,tender spot","","1324870"
"強化","強[きょう]化[か]","きょうか","2","4023","1,0","strengthening,intensifying,reinforcement,enhancement,solidification,reinforcement","","1236200"
"売れる","売[う]れる","うれる","2","2443","0","to sell (well),to be well known,to be popular,to be famous","","1473960"
"ご主人様","ご主[しゅ]人[じん]様[さま]","ごしゅじんさま","2","7019","","master,Your Lordship,My Lord,husband","","2793200"
"売りつける","売[う]りつける","うりつける","2","17516","4","to palm off,to force a sale","","1473910"
"地","地[ち]","ち","2","1711","1,0","earth,ground,land,soil,place,territory,bottom (of a package, book, etc.),earth (one of the five elements)","","1420730"
"１時間","１[いち]時[じ]間[かん]","いちじかん","2","3103","3","one hour","","1162940"
"いい子","いい子[こ]","いいこ","2","1970","","good boy,good girl","","1835640"
"暮らし","暮[く]らし","くらし","2","2591","0","(way of) life,lifestyle,living,life circumstances,livelihood,day-to-day life","","1514930"
"やれ","やれ","やれ","2","3747","1","oh!,ah!,oh dear!,dear me!,thank God!","","1012990"
"見知らぬ","見[み]知[し]らぬ","みしらぬ","2","5610","0","strange,unfamiliar,unknown","","1259860"
"すまん","すまん","すまん","2","1616","","sorry,excuse me","","2083600"
"お揃い","お揃[そろ]い","おそろい","2","10717","0","being together,going together,matching (clothing),going together","","2084310"
"すんな","すんな","すんな","2","1530","","don't","","2834340"
"実戦","実[じっ]戦[せん]","じっせん","2","7860","0","combat,battle,action,active service,actual fighting","","1658740"
"先","先[さき]","さき","2","386","2","point,tip,end,nozzle,head (of a line),front,first,before,ahead (of),(the way) ahead,beyond,future,previous,prior,former,recent,last,destination,address,place where you do something,rest (e.g. of a story),continuation,remaining part,the other party","","1387210"
"もうすぐ","もうすぐ","もうすぐ","2","807","","soon,shortly,before long,nearly,almost","","2015610"
"かっこいい","かっこいい","かっこいい","2","2560","4","attractive,good-looking,stylish,cool,smooth,neat,with-it,groovy","","1577490"
"じゃん","じゃん","じゃん","2","643","","isn't it?,don't you think?,right?,surely,come on","","2135280"
"大きくなる","大[おお]きくなる","おおきくなる","2","1257","","to grow up,to become an adult,to become big,to grow in size","","2840112"
"もん","もん","もん","2","179","0,2","thing,object,article,stuff,substance,one's things,possessions,property,belongings,things,something,anything,everything,nothing,quality,reason,the way of things,used to emphasize emotion, judgment, etc.,used to indicate a common occurrence in the past (after a verb in past tense),used to indicate a general tendency,used to indicate something that should happen,item classified as ...,item related to ...,work in the genre of ...,cause of ...,cause for ...,somehow,somewhat,for some reason,really,truly","","1502390"
"彼ら","彼[かれ]ら","かれら","2","965","1","they,them","","1483090"
"与える","与[あた]える","あたえる","2","709","0","to give (esp. to someone of lower status),to bestow,to grant,to confer,to present,to award,to provide,to afford,to offer,to supply,to assign,to cause,to pass (a variable to a function)","","1544730"
"あるとき","あるとき","あるとき","2","8656","1","on one occasion,once,at one point,at one time","","1153610"
"請け負う","請[う]け負[お]う","うけおう","2","10955","3,0","to contract (to do),to undertake,to take on (work),to take responsibility for,to be liable for","","1381300"
"協定","協[きょう]定[てい]","きょうてい","2","21454","0","arrangement,pact,agreement","","1235730"
"荷","荷[に]","に","2","12703","1,0","load,baggage,cargo,freight,goods,burden,responsibility","","1195250"
"ふざける","ふざける","ふざける","2","1163","3","to joke,to jest,to kid,to josh,to make fun of,to laugh at,to play a prank,to romp,to gambol,to frolic,to frisk,to mess around,to fool around,to screw around,to neck,to make out","","1566450"
"他にも","他[ほか]にも","ほかにも","2","1748","","furthermore,even more","","2839191"
"ひとつ","ひとつ","ひとつ","2","1010","2","one,for one thing,only,(not) even,just (e.g. ""just try it""),some kind of,one type of","","1160820"
"生まれる","生[う]まれる","うまれる","2","541","0","to be born","","1378690"
"それと","それと","それと","2","1094","","and then,in addition to that,also,even so","","2396190"
"つらい","つらい","つらい","2","1057","2","painful,bitter,heart-breaking,difficult (emotionally),tough,difficult,hard (usu. of situations),cruel,harsh,cold","","1365860"
"助けて","助[たす]けて","たすけて","2","6223","","help!","","1344400"
"わけにはいかない","わけにはいかない","わけにはいかない","2","1260","","cannot (due to external circumstances),cannot afford to,must not,impossible to,no way one can (do)","","2057580"
"そういうことなら","そういうことなら","そういうことなら","2","5968","","that being the case,in that case,if that's how it's going to go","","2774680"
"囲む","囲[かこ]む","かこむ","2","1876","0","to surround,to encircle,to enclose,to fence,to wall in,to besiege,to lay siege to,to play (go, shogi, etc.)","","1155980"
"やっと","やっと","やっと","2","494","0,3","at last,finally,barely,narrowly,just,by the skin of one's teeth","","1012800"
"主張","主[しゅ]張[ちょう]","しゅちょう","2","2958","0","claim,insistence,assertion,advocacy,emphasis,contention,opinion,tenet","","1325910"
"妻","妻[つま]","つま","2","1588","1","wife,garnish (esp. one served with sashimi),trimmings,accompaniment,side (remark)","","1294330"
"立派","立[りっ]派[ぱ]","りっぱ","2","877","0","splendid,fine,handsome,elegant,imposing,prominent,impressive,praiseworthy,creditable,worthy,legal,legitimate,lawful,undeniable (e.g. crime),indisputable,solid","","1551790"
"望み","望[のぞ]み","のぞみ","2","2401","0,3","wish,desire,hope,prospect,expectation,(one's) hopes","","1519620"
"求める","求[もと]める","もとめる","2","687","3","to want,to wish for,to request,to demand,to require,to ask for,to seek,to search for,to look for,to pursue (pleasure),to hunt (a job),to find (a solution),to purchase,to buy","","1229350"
"修羅","修[しゅ]羅[ら]","しゅら","2","19965","1","Asura,demigod,anti-god,titan,demigods that fight the Devas (gods) in Hindu mythology,fighting,carnage,conflict,strife,sledge (for conveying large rocks, logs, etc.),log slide,chute,flume","","1332360"
"じ","じ","じ","2","9179","0","character (esp. kanji),letter,written text,handwriting,penmanship,the ... word (e.g. ""the L word"" = ""love"")","","1315130"
"愛する","愛[あい]する","あいする","2","823","3","to love","","1150450"
"でよ","でよ","でよ","2","1143","","expresses a firm view or feeling,please ...,would you ...","","2841870"
"ちっこい","ちっこい","ちっこい","2","16640","3","very small","","1925780"
"回想","回[かい]想[そう]","かいそう","2","9946","0","recollection,retrospection,reflection,reminiscence","","1199590"
"について","について","について","2","381","","about,on,regarding,concerning,per,for every","","1009780"
"前妻","前[ぜん]妻[さい]","ぜんさい","2","56204","0","ex-wife,former wife,previous wife","","2255960"
"気にかける","気[き]にかける","きにかける","2","5329","3","to weigh on one's mind,to trouble one's heart,to be concerned about,to worry about","","1221700"
"こんなふうに","こんなふうに","こんなふうに","2","3615","","in this way,like this","","2008200"
"こちらこそ","こちらこそ","こちらこそ","2","1995","","it is I who should say so","","1004510"
"失礼しました","失[しつ]礼[れい]しました","しつれいしました","2","3026","","my apologies,I'm sorry,excuse me","","1320240"
"回目","回[かい]目[め]","かいめ","2","2953","","nth time","","1199780"
"ばかり","ばかり","ばかり","2","278","2","only,merely,nothing but,no more than,approximately,about,just (finished, etc.),as if to,(as though) about to,going to,on the point of,at any minute,indicates emphasis,always,constantly","","1010240"
"気にする","気[き]にする","きにする","2","701","","to mind (negative nuance),to care about,to worry,to pay undue (amount of) attention to (something)","","1221680"
"払う","払[はら]う","はらう","2","950","2","to pay (e.g. money, bill),to brush off,to wipe away,to clear away,to dust off,to cut off (e.g. branches),to drive away (e.g. one's competitors),to sell off (something unneeded),to dispose of,to pay (e.g. attention),to show (e.g. respect, concern),to make (e.g. effort, sacrifice),to expend,to exert,to move out (of one's own place),to vacate,to sweep (e.g. one's legs),to knock aside,to make a sweeping stroke (in Japanese calligraphy),to reset (an abacus)","","1501620"
"そんなふうに","そんなふうに","そんなふうに","2","3133","","in that manner,like that","","2008750"
"おうち","おうち","おうち","2","4083","0","your home,your family,their home,their family,(my) home","","2213230"
"生徒","生[せい]徒[と]","せいと","2","1728","1","pupil,student,schoolchild","","1379380"
"どうかな","どうかな","どうかな","2","1614","","how about ...?,I wonder,I don't know","","2115580"
"平民","平[へい]民[みん]","へいみん","2","19024","0","commoner,plebeian,commoner (in Japan between 1869 and 1947; the lowest of the three classes)","","1507930"
"家名","家[か]名[めい]","かめい","2","25940","1,0","family name,house name,family honour,family honor","","1192500"
"借りる","借[か]りる","かりる","2","720","0","to borrow,to rent,to hire,to make use of (another's help, wisdom, etc.),to obtain,to receive,to use (for another purpose),to put to a different use","","1323560"
"優等生","優[ゆう]等[とう]生[せい]","ゆうとうせい","2","8647","3","honor student,honours student,model student,prize pupil","","1539530"
"なりません","なりません","なりません","2","3948","2","cannot help (feeling),unbearably,awfully,irresistibly,must not ...,should not ...,must ...,have to ...,ought to ...,cannot,unable to,not","","2083990"
"おやつ","おやつ","おやつ","2","5589","2","between-meal snack,mid-afternoon (around 3 o'clock) snack,afternoon refreshment,afternoon tea","","1589430"
"訳","訳[わけ]","わけ","2","1853","1,2","reason,cause,grounds,meaning,sense,(good) sense,reason,circumstances,case,(romantic) relationship,love affair","","1538330"
"お友達","お友[とも]達[だち]","おともだち","2","2001","","friend,child (one does not know),another child,other children","","2858781"
"へぇー","へぇー","へぇー","2","5056","1","oh, yes?,really?","","2019590"
"王家","王[おう]家[け]","おうけ","2","15450","1","royal family","","1181440"
"姫","姫[ひめ]","ひめ","2","3964","1","young lady of noble birth,princess (esp. in Western contexts, tales, etc.),girl,small,cute,lesser (in names of species),prostitute","","1602150"
"馬車","馬[ば]車[しゃ]","ばしゃ","2","10220","1","coach (horse-drawn),carriage,wagon,cart","","1471780"
"やだ","やだ","やだ","2","968","","not a chance,not likely,no way,no,oh no,yuck,eew","","2710010"
"怪しい","怪[あや]しい","あやしい","2","1253","0,3","suspicious,dubious,questionable,dodgy,shady,fishy,doubtful,unsure,uncertain,unlikely,implausible,untrustworthy,unreliable,clumsy,awkward,shaky,poor,strange,weird,eerie,spooky,uncanny,ominous (e.g. weather),threatening,dangerous (e.g. financial situation),uncertain,suspicious (of a potential amorous relation),mysterious,bewitching,alluring,enticing,enchanting","","1586700"
"悪魔","悪[あく]魔[ま]","あくま","2","2422","1","devil,demon,fiend,Satan,the Devil,Māra,evil spirits or forces that hinder one's path to enlightenment","","1152510"
"依り代","依[よ]り代[しろ]","よりしろ","2","44261","0","object representative of a divine spirit,object to which a spirit is drawn or summoned,object or animal occupied by a kami","","2064710"
"危害を加える","危[き]害[がい]を加[くわ]える","きがいをくわえる","2","9259","","to harm,to cause harm to","","2549940"
"なんたる","なんたる","なんたる","2","13364","1","what (e.g. ""what rudeness""),what (something) is like","","1188340"
"無礼","無[ぶ]礼[れい]","ぶれい","2","4964","1,2","rudeness,impoliteness,discourtesy,insolence","","1531060"
"神罰","神[しん]罰[ばつ]","しんばつ","2","37626","1","divine punishment","","1765460"
"はーっ","はーっ","はーっ","2","6093","1","yes,indeed,well,ha!,what?,huh?,sigh","","2069620"
"こうする","こうする","こうする","2","628","","to do like this; to do in this way","","8000003"
"気を遣う","気[き]を遣[つか]う","きをつかう","2","4008","","to worry (about),to fuss (over),to be careful (about),to pay attention (to),to take (good) care of","","1591980"
"耐える","耐[た]える","たえる","2","1104","2","to bear,to stand,to endure,to put up with,to support,to withstand,to resist,to brave,to be fit for,to be equal to","","1211310"
"筆頭","筆[ひっ]頭[とう]","ひっとう","2","9573","0","brush tip,first on a list,head,chief","","1487880"
"大きな","大[おお]きな","おおきな","2","424","1","big,large,great","","1412890"
"おね","おね","おね","2","27832","1,2","(mountain) ridge","","1485800"
"解説","解[かい]説[せつ]","かいせつ","2","5262","0","explanation,commentary,exposition,elucidation","","1199080"
"盛ん","盛[さか]ん","さかん","2","10024","0","prosperous,flourishing,thriving,successful,popular,widespread,active,lively,energetic,vigorous,brisk,strong,enthusiastic,eager,hearty,frequent,repeated","","1379750"
"なんじゃ","なんじゃ","なんじゃ","2","1154","","what","","2733530"
"お礼","お礼[れい]","おれい","2","973","0","thanks,gratitude,manners,etiquette,bow,reward,gift,ceremony,ritual","","1270810"
"相変わらず","相[あい]変[か]わらず","あいかわらず","2","810","0","as usual,as always,as before,as ever,still","","1401310"
"とも言う","とも言[い]う","ともいう","2","4478","","also called","","1008710"
"危ない","危[あぶ]ない","あぶない","2","478","0,3","dangerous,risky,hazardous,perilous,precarious,in danger,in jeopardy,critical,grave,at risk,uncertain,unreliable,insecure,unsteady,doubtful,close (call),narrow (escape),look out!,watch out!,be careful!","","1218380"
"急用","急[きゅう]用[よう]","きゅうよう","2","8234","0","urgent business","","1228990"
"案内","案[あん]内[ない]","あんない","2","1500","3","guidance,leading (the way),showing around,information,notice,notification,announcement (of a visitor's arrival),informing (someone) of a visitor's arrival,invitation,acquaintance,knowledge","","1154860"
"世話になる","世[せ]話[わ]になる","せわになる","2","3261","","to receive favor,to receive assistance,to receive help,to be looked after,to be taken care of,to become dependent (on),to become much obliged (to someone),to become indebted","","1374310"
"じっくり","じっくり","じっくり","2","2746","3","(slowly and) carefully,without haste,thoroughly,deliberately,closely,meticulously","","1005860"
"いたる","いたる","いたる","2","1844","2,0","to arrive at (e.g. a decision),to reach (a stage),to attain,to lead to (a place),to get to,in the extreme case of,to come,to arrive,to result in","","1311870"
"もしや","もしや","もしや","2","3773","1","perhaps,possibly,by some chance,by some possibility","","2174250"
"屋台","屋[や]台[たい]","やたい","2","7505","1","cart (esp. a food cart),stall,stand,festival float,portable shrine dedicated to a god and shaped like a house,dancing platform,stage prop fashioned after a large building,framework (of a building),foundation,house (esp. a small and miserable one)","","1182720"
"通り","通[とお]り","とおり","2","1462","3","street,road,avenue,thoroughfare,traffic,coming and going,flow (of water, air, etc.),passage,running,transmission (of sound),reach (of voice),reputation,favor,favour,popularity,understanding,comprehension,comprehensibility,clarity,the same way (as),as (follows, stated, expected, etc.),counter for sets of things,counter for methods, ways, kinds, etc.","","1432920"
"所","所[ところ]","ところ","2","518","0,3","place,spot,scene,site,address,district,area,locality,one's house,point,aspect,side,facet,passage (in text),part,space,room,thing,matter,whereupon,as a result,about to,on the verge of,was just doing,was in the process of doing,have just done,just finished doing,approximately,around,about","","1343100"
"お土産","お土産[みやげ]","おみやげ","2","3460","0","local specialty or souvenir bought as a gift while traveling (travelling),present brought by a visitor,something unpleasant that one is given (e.g. an illness while on vacation),unwelcome gift,disservice","","1002500"
"木刀","木[ぼく]刀[とう]","ぼくとう","2","22194","0,3","wooden sword","","1622000"
"おっしゃる","おっしゃる","おっしゃる","2","1527","3","to say,to speak,to tell,to be called","","1238840"
"おそろい","おそろい","おそろい","2","9272","0","being together,going together,matching (clothing),going together","","2084310"
"ってよ","ってよ","ってよ","2","3698","","expresses a firm view or feeling,please ...,would you ...","","2841870"
"大人数","大[おお]人[にん]数[ずう]","おおにんずう","2","13547","3","large number of people","","2137420"
"状況","状[じょう]況[きょう]","じょうきょう","2","550","0","state of affairs,situation,conditions,circumstances","","1356700"
"ろくな","ろくな","ろくな","2","4870","0","satisfactory,decent,good,proper,respectable","","1612330"
"案外","案[あん]外[がい]","あんがい","2","2284","1,0","unexpectedly,surprisingly,unexpected,unanticipated,unforeseen,surprising","","1154820"
"以外","以[い]外[がい]","いがい","2","436","1","excluding,except (for),apart from,other than,besides,in addition to,outside (a boundary, scope, etc.)","","1155090"
"ひく","ひく","ひく","2","3268","0","to pull,to tug,to lead (e.g. a horse),to draw (attention, sympathy, etc.),to attract (e.g. interest),to draw back (e.g. one's hand),to draw in (one's chin, stomach, etc.),to pull in,to draw (a card, mahjong tile, etc.),to draw (a line, plan, etc.),to catch (a cold),to play (a stringed or keyboard instrument),to look up (in a dictionary, phone book, etc.),to consult,to check,to haul,to pull (vehicles),to subtract,to deduct,to recede,to ebb,to fade,to be descend from,to inherit (a characteristic),to quote,to cite,to raise (as evidence),to lay on (electricity, gas, etc.),to install (e.g. a telephone),to supply (e.g. water),to hold (e.g. a note),to apply (e.g. lipstick),to oil (e.g. a pan),to wax (e.g. a floor),to move back,to draw back,to recede,to fall back,to retreat,to lessen,to subside,to ebb,to go down (e.g. of swelling),to resign,to retire,to quit,to be put off (by someone's words or behaviour),to be turned off,to recoil (in disgust, etc.),to cringe","","1169250"
"復しゅう","復[ふく]しゅう","ふくしゅう","2","44483","0","revenge","","1500840"
"なくす","なくす","なくす","2","1902","0","to lose (something),to get rid of,to eliminate,to remove,to eradicate,to abolish","","1529530"
"投降","投[とう]降[こう]","とうこう","2","17089","0","surrender","","1447200"
"なんだか","なんだか","なんだか","2","1071","1","(a) little,somewhat,somehow","","1188350"
"とれる","とれる","とれる","2","3188","2","to come off (of a button, handle, lid, etc.),to go away (of a fever, pain, swelling, etc.),to disappear,to come out (of a stain),to come off (e.g. of dust),to be removed (e.g. of wrinkles),to be harvested,to be picked,to be produced,to be caught (of fish),to be obtained,to be extracted,to be interpreted (as),to be taken (as),to be understood (as),to be read (as),to be attained (of balance, harmony, etc.),to be achieved,to be able to get,to be able to obtain,to be able to secure,to be able to win,to be able to catch","","1326990"
"れっきとした","れっきとした","れっきとした","2","11417","0,3","accepted,fully-fledged,clear,respectable","","2010040"
"利益","利[り]益[えき]","りえき","2","5028","1","profit,gains,benefit,advantage,good,interests (e.g. of society),grace (of God, Buddha, etc., esp. as attained through rightful actions, prayer, adherence to one's faith, etc.),blessing,miracle","","1549470"
"誇り高き","誇[ほこ]り高[たか]き","ほこりたかき","2","19770","","proud","","2456910"
"あくまでも","あくまでも","あくまでも","2","4356","","to the end,to the bitter end,to the last,stubbornly,persistently,consistently,to the utmost,after all,it must be remembered,only,purely,simply","","1747960"
"内側","内[うち]側[がわ]","うちがわ","2","2977","0","inside,interior,inner part","","1458770"
"もんですか","もんですか","もんですか","2","10696","","as if (something untrue were actually true),like hell (e.g. ""like hell I will"")","","2130450"
"恐怖","恐[きょう]怖[ふ]","きょうふ","2","1800","1,0","fear,dread,dismay,terror,horror,scare,panic","","1236750"
"その場","その場[ば]","そのば","2","1835","0,3","there,the spot,the place,the occasion,the situation,then and there,on the spot,immediately,at once,impromptu","","2205240"
"迷う","迷[まよ]う","まよう","2","1028","2","to lose one's way,to get lost,to go astray,to waver,to hesitate,to vacillate,to be of two minds (about),to be unable to make up one's mind,to not know what to do,to be at a loss,to be puzzled,to be perplexed,to be captivated (by),to be infatuated (with),to be charmed (by),to be carried away (by),to be blinded (by),to be lost (in),to lose oneself (to),to linger (of a departed soul),to be restless in one's grave,to be unable to rest in peace","","1532710"
"これから","これから","これから","2","2356","4,0","from now on,after this,in the future,in future,from here,from this point","","1004790"
"働く","働[はたら]く","はたらく","2","530","0","to work,to labor,to labour,to function,to operate,to be effective,to work (i.e. ... works),to come into play,to commit (e.g. a crime),to perpetrate,to do,to act,to practise,to practice,to be conjugated","","1451150"
"捕らえる","捕[と]らえる","とらえる","2","4106","3","to catch,to capture,to seize,to arrest,to grab,to catch hold of,to grasp (e.g. meaning),to perceive,to capture (e.g. features),to captivate,to move (one's heart)","","1598960"
"そうね","そうね","そうね","2","1031","1","Oh well,yeah,good,OK","","2008680"
"フィー","フィー","フィー","2","14922","1","fee","","2858697"
"我が家","我[わ]が家[や]","わがや","2","5556","1","one's house,one's home,one's family","","1606650"
"そうする","そうする","そうする","2","481","","to do so,to do thus","","2084700"
"系","系[けい]","けい","2","1633","1","system,lineage,group,corollary,system (range of strata that correspond to a particular time period),(taxonomical) series","","1251000"
"しばらく","しばらく","しばらく","2","511","2","for a moment,for a minute,for a while,for some time,for the time being,for now,it's been a long time,long time no see","","1304420"
"休暇","休[きゅう]暇[か]","きゅうか","2","8134","0","holiday,vacation,day off,time off,leave,furlough","","1227610"
"ちょうど","ちょうど","ちょうど","2","848","0","exactly,precisely,just,right,opportunely,fortunately,just (like),as if,as though","","1427340"
"掌握","掌[しょう]握[あく]","しょうあく","2","11910","0","grasping,seizing,holding,commanding,having control over","","1349660"
"おはよう","おはよう","おはよう","2","917","0","good morning","","1612820"
"たって","たって","たって","2","844","1,0","even if,even though,however,no matter how","","2643980"
"書く","書[か]く","かく","2","311","1","to write,to compose,to pen,to draw,to paint","","1343950"
"出納帳","出[すい]納[とう]帳[ちょう]","すいとうちょう","2","115879","","receipt journal","","2191970"
"あそこ","あそこ","あそこ","2","477","0","there,over there,that place,yonder,you-know-where,genitals,private parts,nether regions,that far,that much,that point","","1000320"
"女性","女[じょ]性[せい]","じょせい","2","612","0","woman,female,feminine gender","","1345250"
"何で","何[なん]で","なんで","2","545","1","why?,what for?,how?,by what means?","","1611020"
"お出かけ","お出[で]かけ","おでかけ","2","6156","","about to start out,just about to leave or go out,outing,trip","","1338475"
"そうかもしれない","そうかもしれない","そうかもしれない","2","3735","","you could say that,that might be so","","2136070"
"かう","かう","かう","2","4741","0","to buy,to purchase,to value (highly),to think highly of,to have a high opinion of,to appreciate,to recognize,to incur (someone's anger, displeasure, etc.),to elicit (e.g. sneers),to invite (e.g. scorn),to evoke,to arouse,to win (someone's favour),to accept,to take on,to take up,to pay for (a prostitute, geisha, etc.)","","1473740"
"ぜひ","ぜひ","ぜひ","2","1645","1","certainly,without fail,right and wrong,pros and cons","","1374530"
"買い出し","買[か]い出[だ]し","かいだし","2","7187","0","going out to shop,going shopping,buying in quantity,buying wholesale,bulk purchasing","","1473670"
"ああいう","ああいう","ああいう","2","1605","0","that sort of,like that","","2085090"
"場合","場[ば]合[あい]","ばあい","2","459","0","case,occasion,situation,circumstances","","1355810"
"歴","歴[れき]","れき","2","12451","0","experience,history,record,career","","2211960"
"もらえる","もらえる","もらえる","2","1382","0","to be able to receive,to be able to take,to be able to accept,could you (give me),would you,can you","","2808940"
"合流","合[ごう]流[りゅう]","ごうりゅう","2","3071","0","confluence (of rivers),flowing together,joining,joining (of people, groups, parties, etc.),union,linking up,merging (e.g. of traffic),meeting (up)","","1285390"
"潰す","潰[つぶ]す","つぶす","2","1794","0","to smash,to crush,to flatten,to shut down,to put out of business,to force (a company) to close up shop,to wreck,to break,to block,to thwart,to butcher,to slaughter,to kill (livestock, for food),to kill (time),to while away (the time),to use up (one's time),to waste (e.g. talents)","","1433820"
"低い","低[ひく]い","ひくい","2","1350","2","low (rank, degree, value, content, quality, etc.),low (position),close to the ground,short (height),deep (voice),in a low key,low (volume)","","1434180"
"妄想","妄[もう]想[そう]","もうそう","2","3104","0","delusion,wild idea,(wild) fancy,(ridiculous) fantasy","","1584730"
"暇","暇[ひま]","ひま","2","970","0,3","spare time,free time,leisure,time (it takes to do something),time required,time off,leave,vacation,holiday,dismissal,firing,severance,divorce,free,not busy,unoccupied,idle,slow (business),slack,dull,to be free,to be not busy,to be available,to be doing nothing","","1577280"
"いいね","いいね","いいね","2","2403","","that's good,that's nice,like (on social media),is that clear?,OK?,got that?","","2829960"
"そうじゃなくて","そうじゃなくて","そうじゃなくて","2","2425","","no, not like that (but like this)","","2849938"
"水遊び","水[みず]遊[あそ]び","みずあそび","2","27705","3","playing in the water (sea, lake, river, etc.),playing with water","","1737520"
"なんてことない","なんてことない","なんてことない","2","14033","","ordinary,nothing special,nothing to exclaim over","","2845797"
"ものですから","ものですから","ものですから","2","4822","","... is the reason,... is my excuse","","2026600"
"正確","正[せい]確[かく]","せいかく","2","1852","0","accurate,correct,precise,exact","","1376760"
"採寸","採[さい]寸[すん]","さいすん","2","34775","0","taking measurements","","1294820"
"気付く","気[き]付[づ]く","きづく","2","1175","2","to notice,to realize,to realise,to become aware (of),to perceive,to sense,to suspect,to regain consciousness,to come to (one's senses),to come round","","1591330"
"手伝う","手伝[てつだ]う","てつだう","2","553","3","to help,to assist,to aid,to contribute to,to be a factor in","","1328190"
"その他","その他[ほか]","そのほか","2","4257","2","the rest,the others,in addition (to that),besides that,other than that,and other ...,and so forth,and the like,and what have you,et cetera","","1006900"
"張り切る","張[は]り切[き]る","はりきる","2","3684","3","to be in high spirits,to be full of vigor (vigour),to be enthusiastic,to be eager,to stretch to breaking point","","1427870"
"寝転がる","寝[ね]転[ころ]がる","ねころがる","2","8607","4","to lie down,to throw oneself down","","2011530"
"順番","順[じゅん]番[ばん]","じゅんばん","2","3211","0","order,turn","","1342390"
"布","布[ぬの]","ぬの","2","3622","2","cloth,fabric,material,textile,bujian (spade-shaped bronze coin of ancient China)","","1496840"
"ごく","ごく","ごく","2","3580","1","quite,very,10^48,quindecillion","","1240180"
"よくぞ","よくぞ","よくぞ","2","6479","1","how admirably,how wonderfully,how skillfully","","2220790"
"忠実","忠[ちゅう]実[じつ]","ちゅうじつ","2","5433","0","faithful,devoted,loyal,honest,true","","1012210"
"盛り上げる","盛[も]り上[あ]げる","もりあげる","2","5759","4","to pile up,to heap up,to stir up,to enliven,to bring to a climax","","1379700"
"１つ","１[ひと]つ","ひとつ","2","1128","2","one,for one thing,only,(not) even,just (e.g. ""just try it""),some kind of,one type of","","1160820"
"なになに","なになに","なになに","2","4590","1,2,0","what,so-and-so,such and such,something (or other),what?,wait,hang on,well, well,let's see,no,oh (not at all),please,there, there","","1599580"
"なんなの","なんなの","なんなの","2","3176","","what's up with ...?,what the hell?,what was that?","","2863720"
"そうなんですか","そうなんですか","そうなんですか","2","2258","","is that so?","","2425480"
"毎日","毎[まい]日[にち]","まいにち","2","562","1,0","every day,daily","","1524720"
"内容","内[ない]容[よう]","ないよう","2","1145","0","contents,content,substance,matter,detail,import","","1459400"
"戦","戦[いくさ]","いくさ","2","3859","3,0","war,battle,campaign,fight,troops,forces","","1587140"
"派","派[は]","は","2","2685","1","group,faction,clique,coterie,(political) faction,wing,camp,school (of thought, painting, etc.),sect,denomination","","1471120"
"金","金[かね]","かね","2","754","0","money,metal","","1242590"
"親","親[おや]","おや","2","671","2","parent,parents,mother and father,dealer,banker,founder,inventor,(pet) owner,key,parent (organization),main,ancestor,forefather","","1365040"
"向ける","向[む]ける","むける","2","888","0","to turn (towards),to face,to point,to aim,to direct to,to head to,to go towards,to allot,to allocate,to send,to dispatch (e.g. a person),to aim for,to pursue","","1277100"
"お喜び","お喜[よろこ]び","およろこび","2","20097","","happy event,cause for celebration,congratulations","","2849406"
"無論","無[む]論[ろん]","むろん","2","4974","0","of course,certainly,naturally","","1531080"
"わかりやすい","わかりやすい","わかりやすい","2","4654","5","easy-to-understand","","1606550"
"雇う","雇[やと]う","やとう","2","2829","2","to employ,to hire,to take on,to charter (a car, boat, etc.),to hire","","1605570"
"答える","答[こた]える","こたえる","2","586","3,2","to answer,to reply","","1449540"
"半殺し","半[はん]殺[ごろ]し","はんごろし","2","23167","0,5","half killed","","1479330"
"縁談","縁[えん]談[だん]","えんだん","2","18085","0","marriage proposal,marriage talks","","1177650"
"させていただく","させていただく","させていただく","2","3754","","to have the privilege of doing","","2270620"
"なくても","なくても","なくても","2","2171","","even if not,even without","","2527030"
"朝霧","朝[あさ]霧[ぎり]","あさぎり","2","52462","2","morning fog,morning mist","","1428540"
"しまう","しまう","しまう","2","1763","0","to finish,to stop,to end,to put an end to,to bring to a close,to close (a business, etc.),to close down,to shut down,to shut up,to put away,to put back,to keep,to store,to do completely,to finish,to do accidentally,to do without meaning to,to happen to do,to end up ...","","1305380"
"信頼","信[しん]頼[らい]","しんらい","2","1691","0","trust (in),confidence,faith,reliance","","1359730"
"全","全[ぜん]","ぜん","2","1563","1","all,whole,entire,complete,total,pan-,complete (set),in total","","1394770"
"看板娘","看[かん]板[ばん]娘[むすめ]","かんばんむすめ","2","27532","5","pretty girl who attracts customers to come inside a shop","","1214020"
"何だ","何[なん]だ","なんだ","2","895","1","what!,oh,what the heck,what the,damn","","2119750"
"正義","正[せい]義[ぎ]","せいぎ","2","2923","1","justice,right,righteousness,correct meaning,correct explanation","","1376910"
"すまない","すまない","すまない","2","1892","2","inexcusable,unjustifiable,unpardonable,sorry,remorseful,apologetic,conscience-stricken,contrite,excuse me,(I'm) sorry,thank you","","1610020"
"これ以上","これ以[い]上[じょう]","これいじょう","2","570","","any more,anymore,any further,any better,any longer","","2841921"
"ありがとうございました","ありがとうございました","ありがとうございました","2","635","","thank you","","2845468"
"だからこそ","だからこそ","だからこそ","2","1284","","for this very reason,that is exactly why","","2008870"
"変装","変[へん]装[そう]","へんそう","2","7428","0","disguise,masquerade","","1511280"
"化","化[か]","か","2","2347","1","change to ...,becoming ...,making into ...,-ization,-ification","","2056760"
"にくい","にくい","にくい","2","2077","0","difficult to ...,hard to ...","","2772730"
"て","て","て","2","451","","you said,he said,she said,they said,even if,do you seriously think that,I already told you,you should know by now that,of course,the said ...,said ...,says that ...,I hear that ...,as for the term ...,as for ...","","2086960"
"超える","超[こ]える","こえる","2","1164","0","to cross over,to cross,to pass through,to pass over (out of),to go beyond,to go past,to exceed,to surpass,to be more (than)","","1593070"
"やはり","やはり","やはり","2","620","2","as expected,sure enough,just as one thought,after all (is said and done),in the end,as one would expect,in any case,too,also,as well,likewise,(not) either,still,as before,all the same,even so,still,nonetheless","","2772770"
"追いかける","追[お]いかける","おいかける","2","1391","4","to chase,to run after,to pursue,subsequently,following that,(and) then","","1608720"
"かわいそう","かわいそう","かわいそう","2","1624","4","poor,pitiable,pathetic,pitiful","","1590740"
"やった","やった","やった","2","4159","3","was,were","","2845747"
"正解","正[せい]解[かい]","せいかい","2","1523","0","correct answer,right solution,correct interpretation,right decision,right choice,appropriate judgement","","1376740"
"行動","行[こう]動[どう]","こうどう","2","829","0","action,conduct,behaviour,behavior,mobilization,mobilisation","","1282100"
"どうぞ","どうぞ","どうぞ","2","274","1","please,kindly,pray,I beg (of you),by all means,certainly,of course,(go) ahead,(feel) free (to),(you are) welcome (to),please (help yourself to),here you are,to give","","1189130"
"売り上げ","売[う]り上[あ]げ","うりあげ","2","7441","0","amount sold,sales,proceeds,takings,turnover","","1588500"
"伸ばす","伸[の]ばす","のばす","2","2031","2","to grow long (e.g. hair, nails),to lengthen,to extend,to stretch,to reach out,to hold out,to straighten,to smooth out,to spread evenly (dough, cream, etc.),to dilute,to thin out,to postpone,to prolong,to strengthen,to develop,to expand","","1600290"
"お店","お店[みせ]","おみせ","2","1247","0","store,shop,establishment,restaurant","","2842661"
"泊まる","泊[と]まる","とまる","2","1831","0","to stay at (e.g. hotel),to be docked,to be berthed,to be moored","","1474850"
"宿代","宿[やど]代[だい]","やどだい","2","33428","","accommodation fees,hotel charges,room charges","","2121850"
"巣穴","巣[す]穴[あな]","すあな","2","31323","0","nesting hole,burrow,den","","2549390"
"縄張り","縄[なわ]張[ば]り","なわばり","2","11930","0,4","stretching a rope around,roping off,cordoning off,demarcation,one's turf,domain,territory,jurisdiction,sphere of influence,territory (of an animal)","","1599710"
"指す","指[さ]す","さす","2","3822","1","to point,to nominate,to select someone,to specify some person,to identify,to indicate,to point out,to play (a game of shogi),to move (a piece),to extend one's arm straight ahead (in dance)","","1309670"
"誰も","誰[だれ]も","だれも","2","332","0,1","everyone,anyone,no one,nobody","","1416860"
"厄介","厄[やっ]介[かい]","やっかい","2","3185","1","trouble,burden,nuisance,bother,worry,care,dependence,support,kindness,obligation,staying (with a person)","","1537820"
"子牛","子[こ]牛[うし]","こうし","2","50179","0","calf,small cow","","1592980"
"別","別[べつ]","べつ","2","489","0","distinction,difference,discrimination,separate,different,another,extra,exception,exclusion,classified by,ranked by,according to","","1509430"
"たり","たり","たり","2","1584","","-ing and -ing (e.g. ""coming and going""),doing such things as ...,expresses a command,to be,indicates completion or continuation of an action","","2029060"
"射程","射[しゃ]程[てい]","しゃてい","2","13049","0","range (of a rifle, missile, etc.)","","1322280"
"開始","開[かい]始[し]","かいし","2","1452","0","start,commencement,beginning,initiation","","1202760"
"八つ裂き","八[や]つ裂[ざ]き","やつざき","2","20289","0","tearing limb from limb,tearing apart,cutting (a person) to pieces","","1476620"
"大空","大[おお]空[ぞら]","おおぞら","2","15568","3","wide open sky,the blue,heavens,firmament","","1413510"
"これほど","これほど","これほど","2","4750","0","so,so much,this much","","1288800"
"洗浄","洗[せん]浄[じょう]","せんじょう","2","21003","0","washing,cleansing,cleaning,laundering,cleansing (one's mind and body)","","1390970"
"ええ","ええ","ええ","2","169","1,2,0","yes,that is correct,right,um,errr,well,huh?,grrr,gah,must I?,good","","1001140"
"いやー","いやー","いやー","2","1102","2,1","oh,oh my,oh dear,wow,well, ...,er ...,why, ...","","2830360"
"胃","胃[い]","い","2","4230","0","stomach,Chinese ""stomach"" constellation (one of the 28 mansions)","","1158500"
"音","音[おと]","おと","2","417","2","sound,noise,(musical) note,fame","","1576900"
"ただ者","ただ者[もの]","ただもの","2","19250","0","ordinary person","","1597000"
"飼い主","飼[か]い主[ぬし]","かいぬし","2","8519","1,2","(pet) owner,keeper","","1589720"
"頃","頃[ころ]","ころ","2","738","1","(approximate) time,around,about,toward,suitable time (or condition),time of year,season","","1579080"
"拾う","拾[ひろ]う","ひろう","2","1198","0","to pick up,to gather,to find (and pick up; something someone has dropped),to select,to choose,to pick out,to get (unexpectedly),to hit upon (luck, an opportunity, etc.),to snatch (an unexpected victory),to pull off,to pick up (someone; in a car, etc.),to flag down (a taxi),to hail,to pick up (a signal, sound, interference, etc.),to (just manage to) return (the ball),to return (a difficult shot),to take on (someone in adverse circumstances),to employ,to give a job,to take in,to walk,to go on foot","","1332570"
"彼","彼[かれ]","かれ","2","304","1","he,him,boyfriend","","1483070"
"涙","涙[なみだ]","なみだ","2","1231","1","tear,tears,lachrymal secretion,sympathy","","1555930"
"名前をつける","名[な]前[まえ]をつける","なまえをつける","2","13574","","to name","","2182580"
"口","口[くち]","くち","2","409","0","mouth,opening,hole,gap,orifice,mouth (of a bottle),spout,nozzle,mouthpiece,gate,door,entrance,exit,speaking,speech,talk (i.e. gossip),taste,palate,mouth (to feed),opening (i.e. vacancy),available position,invitation,summons,kind,sort,type,opening (i.e. beginning),counter for mouthfuls, shares (of money) and stove burners,counter for swords, blades, etc.","","1275640"
"一見","一[いっ]見[けん]","いっけん","2","3666","0,2","look,glimpse,glance,apparently,seemingly,at first glance,on the face of it,first meeting","","1162170"
"正式","正[せい]式[しき]","せいしき","2","2427","0","formal,official,regular,proper,legal,due (formalities)","","1377290"
"捕獲","捕[ほ]獲[かく]","ほかく","2","8464","0","capture,seizure","","1514160"
"あだ名","あだ名[な]","あだな","2","6663","0","nickname","","1586450"
"にも","にも","にも","2","1888","","also,too,not ... either,as well,even,(it's not possible) no matter what,although one might wish otherwise","","1009610"
"宮廷","宮[きゅう]廷[てい]","きゅうてい","2","20566","0","imperial court,royal court","","1228460"
"報告","報[ほう]告[こく]","ほうこく","2","846","0","report,information","","1515670"
"価格","価[か]格[かく]","かかく","2","9697","0,1","price,value,cost","","1189500"
"山","山[やま]","やま","2","926","2","mountain,hill,mine,(mountain) forest,heap,pile,stack,mountain,protruding or high part of an object,crown (of a hat),thread (of a screw),tread (of a tire),climax,peak,critical point,guess,speculation,gamble,(criminal) case,crime,mountain climbing,mountaineering,festival float (esp. one mounted with a decorative halberd),deck (from which players draw cards),draw pile,stock,wall,wall tile,wild","","1302680"
"おめでとう","おめでとう","おめでとう","2","1416","0","congratulations!,well done!,best wishes!,all the best!","","1270700"
"そのとき","そのとき","そのとき","2","1795","3,4","at that time,at that moment,then,on that occasion","","2002300"
"鼻の頭","鼻[はな]の頭[あたま]","はなのあたま","2","23178","","tip of one's nose","","2729770"
"大笑い","大[おお]笑[わら]い","おおわらい","2","13701","3","great laughter,burst of laughter","","1414120"
"元気","元[げん]気[き]","げんき","2","339","1","lively,full of spirit,energetic,vigorous,vital,spirited,healthy,well,fit,in good health","","1260720"
"気に入る","気[き]に入[い]る","きにいる","2","816","0","to like,to be pleased with,to be delighted with,to take a liking to,to suit one's fancy","","1221740"
"ともかく","ともかく","ともかく","2","1801","1","anyhow,anyway,somehow or other,generally speaking,in any case,be that as it may,apart from ...,setting ... aside","","1444010"
"大喜び","大[おお]喜[よろこ]び","おおよろこび","2","8349","3","great joy,delight,jubilation","","1413310"
"盛り上がる","盛[も]り上[あ]がる","もりあがる","2","1915","4,0","to swell,to rise,to bulge,to be piled up,to rouse,to get excited","","1379690"
"さてさて","さてさて","さてさて","2","12774","1","well!,huh,my, my","","1005240"
"野暮用","野[や]暮[ぼ]用[よう]","やぼよう","2","26653","0","minor business","","1712110"
"だの","だの","だの","2","3891","","and,or,and the like,and so forth,and what not","","1632100"
"食事","食[しょく]事[じ]","しょくじ","2","945","0","meal (e.g. lunch, dinner),diet","","1358490"
"のけ者にする","のけ者[もの]にする","のけものにする","2","34878","","to exclude (someone),to shun,to ignore,to leave out,to ostracize","","2065110"
"がた","がた","がた","2","16555","2","type,style,model,pattern,mold,mould,model,pattern,template,impression,kata (set sequence of positions and movements in martial arts),style (in kabuki, noh, etc.),form,convention,tradition,(standard) form,formula,usage,(set) size,inches (in sizes of displays, disks, image sensors, etc.),(taxonomical) form","","1250090"
"測る","測[はか]る","はかる","2","5224","2","to measure,to weigh,to survey,to time (sound, gauge, estimate),to conjecture,to infer,to surmise","","1600650"
"絵日記","絵[え]日[にっ]記[き]","えにっき","2","53401","2","illustrated diary,picture diary","","1202340"
"どうしよう","どうしよう","どうしよう","2","694","","what to do","","2089660"
"跳ぶ","跳[と]ぶ","とぶ","2","7655","0","to fly,to soar,to jump,to leap,to spring,to bound,to hop,to spatter,to scatter,to splash,to fly (e.g. of sparks),to hurry,to rush,to flee,to run off,to escape,to disappear,to vanish,to fade,to thin out,to break off,to come off,to fall off,to blow (of a fuse),to be sent out (of an order),to fly (of false rumours, catcalls, etc.),to come flying (of a punch, kick, etc.),to be missing (of a page, stitch, etc.),to skip,to jump (e.g. of a conversation)","","1429700"
"いい天気","いい天[てん]気[き]","いいてんき","2","6540","","fine weather,fair weather","","1914340"
"悪口","悪[わる]口[ぐち]","わるぐち","2","5371","3,0","(verbal) abuse,speaking ill of people,bad-mouthing,name-calling,slander,abusive language,insulting remarks","","1575730"
"説得","説[せっ]得[とく]","せっとく","2","2136","0","persuasion","","1386440"
"どれほど","どれほど","どれほど","2","3197","0,1","how much,how many,no matter how (much),however,(not) many,(not) much,almost (none),hardly,barely","","1577160"
"真っ白","真[ま]っ白[しろ]","まっしろ","2","3486","3","pure white,blank (e.g. mind, paper)","","1580620"
"っつ","っつ","っつ","2","5105","","called,known as,that,to say","","2798260"
"無視","無[む]視[し]","むし","2","1199","1","disregarding,ignoring","","1530020"
"現実逃避","現[げん]実[じつ]逃[とう]避[ひ]","げんじつとうひ","2","13346","5","escape from reality,escapism,ostrichism","","2273960"
"不安","不[ふ]安[あん]","ふあん","2","778","0","anxiety,uneasiness,worry,apprehension,fear,insecurity,suspense","","1491150"
"乾杯","乾[かん]杯[ぱい]","かんぱい","2","2838","0","cheers,bottoms-up,prosit,toast,drink (in honor or celebration of someone or something),drinking one's glass dry","","1590950"
"料理","料[りょう]理[り]","りょうり","2","934","1","cooking,cookery,cuisine,food,dish,dealing with (skillfully),handling (well),managing","","1554310"
"おす","おす","おす","2","11434","0","to push,to thrust,to shove,to press (down),to push (e.g. a button),to exert pressure on,to stamp (e.g. one's name),to affix (a seal),to affix (e.g. gold leaf),to push (someone for something),to press,to put pressure on (someone),to overwhelm,to overpower,to put (someone) under pressure,to be superior to,to push ahead (with a policy, plan, etc.),to proceed,to stick to,to do ... in spite of ...,to defy,to brave,to push aside,to make sure,to fall behind schedule,to push,to extend one's stones forward by pushing against opponent's stones","","1180470"
"おかえりなさい","おかえりなさい","おかえりなさい","2","3536","6","welcome home","","1001740"
"いくらなんでも","いくらなんでも","いくらなんでも","2","4511","","no matter how you put it,whatever the circumstances may be,say what you like,no matter how you look at it","","2056860"
"期待","期[き]待[たい]","きたい","2","718","0","expectation,anticipation,hope,promising,rising,up-and-coming","","1220570"
"銀貨","銀[ぎん]貨[か]","ぎんか","2","28034","1","silver coin","","1243450"
"抑","抑[そもそも]","そもそも","2","40589","1","in the first place,to begin with,from the start,originally,ab initio,after all,anyway,actually,well, ...,... on earth (e.g. ""what on earth?""),... in the world (e.g. ""why in the world?""),beginning,start","","1006950"
"いなくなる","いなくなる","いなくなる","2","847","","to disappear (of people or animals),to go (away),to leave,to no longer exist","","2147610"
"抜ける","抜[ぬ]ける","ぬける","2","927","0","to come out,to fall out,to be omitted,to be missing,to escape,to come loose,to fade,to discolour,to wear a hole (e.g. clothes),to leave (e.g. a meeting),to be clear,to be transparent (e.g. of the sky),to be absentminded,to be careless,to be inattentive,to be foolish,to exit (a program loop),to go through,to pass through,to give way,to collapse,to finish a round with more than 88 points (not counting points gained from scoring combinations)","","1478200"
"事故","事[じ]故[こ]","じこ","2","1443","1","accident,incident,trouble,circumstances,reasons","","1313850"
"様子","様[よう]子[す]","ようす","2","554","0","state (of affairs),situation,circumstances,appearance,look(s),air,manner,behaviour,demeanor,sign,indication","","1545820"
"見かける","見[み]かける","みかける","2","1676","0,3","to (happen to) see,to notice,to catch sight of","","1604430"
"中型","中[ちゅう]型[がた]","ちゅうがた","2","33785","0","medium size","","1424010"
"奥","奥[おく]","おく","2","782","1","inner part,interior,back (of a drawer, one's throat, etc.),depths (e.g. of a forest),recesses (e.g. of a cave),heart,end (of a road, garden, etc.),living quarters (at the back of a house),inner room,recesses (of one's mind),bottom (of one's heart),behind (someone's words),mysteries (of an art)","","1179320"
"による","による","による","2","824","","by means of,due to,because of,according to","","1009660"
"大規模","大[だい]規[き]模[ぼ]","だいきぼ","2","6065","3","large-scale","","1413350"
"身体的","身[しん]体[たい]的[てき]","しんたいてき","2","18088","0","physical,bodily","","2859361"
"負担","負[ふ]担[たん]","ふたん","2","3161","0","burden,load,responsibility,bearing (a cost, responsibility, etc.),shouldering","","1498130"
"１本","１[いっ]本[ぽん]","いっぽん","2","3084","1,0","one long cylindrical thing,one film, TV show, etc.,one goal, home run, etc.,one telephone call,one version,one book,a certain book,ippon,one point,a blow,geisha,single-minded focus on ...","","1166600"
"おそらく","おそらく","おそらく","2","2002","2","probably,(most) likely,in all likelihood,I suspect,I dare say,I'm afraid","","1236650"
"調子に乗る","調[ちょう]子[し]に乗[の]る","ちょうしにのる","2","3044","","to get carried away,to get overly elated,to become over-excited,to be caught up in the moment,to get cocky,to get up to speed,to move into gear","","1429180"
"情報","情[じょう]報[ほう]","じょうほう","2","657","0","information,news,report,intelligence,information (data contained in characters, signals, code, etc.),informatics (as a subject)","","1356370"
"王宮","王[おう]宮[きゅう]","おうきゅう","2","18050","0","royal palace","","1181460"
"大昔","大[おお]昔[むかし]","おおむかし","2","9379","3","ancient times,prehistoric times,the distant past,a very long time ago","","1414330"
"含める","含[ふく]める","ふくめる","2","1877","3","to include (in a group or scope),to instruct,to make one understand,to include (a nuance),to put in (an implication),to put in (someone's) mouth,to permeate with flavor","","1216890"
"はるか","はるか","はるか","2","3774","1","far away,far off,far,distant,in the distance,long ago,long before","","1546930"
"いちめん","いちめん","いちめん","2","69845","0,2","one face,one surface,the whole surface,one aspect,one side,(on) the other hand,one broad, flat object,front page (e.g. newspaper)","","1166870"
"何者か","何[なに]者[もの]か","なにものか","2","3244","","someone","","1188990"
"極大","極[きょく]大[だい]","きょくだい","2","33652","0","maximum,local maximum","","1240370"
"火炎","火[か]炎[えん]","かえん","2","19919","0","flame,blaze","","1589790"
"寝る","寝[ね]る","ねる","2","323","0","to sleep (lying down),to go to bed,to lie in bed,to lie down,to sleep (with someone, i.e. have intercourse),to lie flat (e.g. of hair),to lie idle (of funds, stock, etc.),to ferment (of soy sauce, miso, etc.)","","1360010"
"まくる","まくる","まくる","2","1966","0","to turn up,to roll up (e.g. sleeves),to do over and over again,to do relentlessly,to do with reckless abandon,to do continuously,to stage a comeback (against) (in mahjong, horse racing, etc.),to come from behind","","1257800"
"そん","そん","そん","2","1829","1","loss,damage,harm,unprofitable,disadvantage,handicap,drawback,unfavorable","","1406660"
"うまい","うまい","うまい","2","397","2","skillful,skilful,skilled,good,expert,clever (expression, trick, etc.),apt,appropriate,delicious,tasty,good,nice,good (deal, idea, etc.),profitable,promising,lucky,fortunate,successful,satisfactory,splendid","","1310460"
"軽い","軽[かる]い","かるい","2","843","0","light (i.e. not heavy),feeling light (i.e. offering little resistance, moving easily),light (i.e. of foot),effortless,nimble,agile,non-serious,minor,unimportant,trivial,slight,small,gentle,soft,easy,lighthearted (e.g. joke),easy,simple,indiscriminate","","1252560"
"下等生物","下[か]等[とう]生[せい]物[ぶつ]","かとうせいぶつ","2","44723","","lower life form,lower organisms","","2860406"
"突然","突[とつ]然[ぜん]","とつぜん","2","607","0","abrupt,sudden,unexpected","","1457040"
"必死","必[ひっ]死[し]","ひっし","2","908","0","frantic,frenetic,desperate,inevitable death,brinkmate (inevitable checkmate)","","1601890"
"ちょっとした","ちょっとした","ちょっとした","2","2070","1,0","slight,minor,trifling,trivial,petty,considerable,proper,decent,respectable,quite (a)","","2008930"
"さまざま","さまざま","さまざま","2","4720","2,3","various,varied,diverse,all sorts of","","1593830"
"少女","少[しょう]女[じょ]","しょうじょ","2","1485","1","girl (usu. between 7 and 17),young lady,female between 17 and 20 years old (ritsuryō period)","","1580290"
"頂点","頂[ちょう]点[てん]","ちょうてん","2","5100","1","vertex,apex,top (e.g. of a mountain),summit,peak,top (of a profession, field, etc.),summit,peak (of popularity, a boom, etc.),height (e.g. of prosperity),apex,zenith,climax","","1430240"
"幼い","幼[おさな]い","おさない","2","2661","4","very young,little,childish,immature","","1545110"
"最弱","最[さい]弱[じゃく]","さいじゃく","2","26922","","weakest","","2607540"
"平均","平[へい]均[きん]","へいきん","2","8169","0","average,mean,balance,equilibrium","","1583870"
"得る","得[え]る","える","2","882","1","to get,to earn,to acquire,to procure,to gain,to secure,to attain,to obtain,to win,to understand,to comprehend,to receive something undesirable (e.g. a punishment),to get (ill),to be able to ..., can ...","","1588760"
"甘やかす","甘[あま]やかす","あまやかす","2","5310","4,0","to pamper,to spoil","","1213470"
"成長期","成[せい]長[ちょう]期[き]","せいちょうき","2","19877","3","growth period,growing season","","1939990"
"なでる","なでる","なでる","2","8586","2","to stroke,to caress,to brush gently,to pat,to rub,to comb (hair),to smooth down","","1498290"
"やらかす","やらかす","やらかす","2","4857","0,3","to do (something negative),to make (a blunder),to commit (an error),to screw up,to eat (up),to drink","","2009980"
"答え","答[こた]え","こたえ","2","1001","2,3","answer,reply,response,answer,solution,result","","1449530"
"その分","その分[ぶん]","そのぶん","2","3300","3","to that extent,accordingly,that being the case,because of that,this means that ...,respectively,conversely,that state,that condition","","2215290"
"しま","しま","しま","2","6020","2","island,one's territory (of a sex worker, organized crime gang, etc.),one's turf","","1446760"
"自己紹介","自[じ]己[こ]紹[しょう]介[かい]","じこしょうかい","2","3815","3","self-introduction","","1317650"
"剣士","剣[けん]士[し]","けんし","2","12818","1","swordsman,swordswoman,fencer","","1256850"
"愛でる","愛[め]でる","めでる","2","12147","2","to love,to cherish,to admire,to appreciate","","1150480"
"商家","商[しょう]家[か]","しょうか","2","37026","1","merchant,store,shop,merchant house,merchant family","","1346610"
"してい","してい","してい","2","1343","0","designation,specification,assignment,appointment,pointing at","","1309910"
"幼女","幼[よう]女[じょ]","ようじょ","2","18867","1","little girl","","1545210"
"邪魔","邪[じゃ]魔[ま]","じゃま","2","508","0","hindrance,obstacle,nuisance,disturbance,interruption,interference,to visit (someone's home),demon who hinders Buddhist training,demon who obstructs sentient beings from maintaining moral behaviour","","1323500"
"誰にも","誰[だれ]にも","だれにも","2","811","","to anyone,to everyone,by anyone,by everyone,in everyone,in anyone","","2038160"
"野望","野[や]望[ぼう]","やぼう","2","8964","0","ambition,aspiration","","1537650"
"でない","でない","でない","2","7399","","is not,am not,are not","","2823760"
"職業","職[しょく]業[ぎょう]","しょくぎょう","2","4229","2","occupation,profession,job,vocation,trade,calling,business","","1357510"
"余計","余[よ]計[けい]","よけい","2","760","0","extra,more,too much,too many,excessive,superfluous,spare,surplus,unnecessary,needless,uncalled-for,unwanted,uninvited,all the more,even more","","1544090"
"新米","新[しん]米[まい]","しんまい","2","14129","0","new rice,first rice crop of the year,novice,beginner,newcomer,new hand","","1362410"
"到底","到[とう]底[てい]","とうてい","2","4447","0","(cannot) possibly,(not) by any means,(not) at all,utterly,absolutely","","1449880"
"疑う","疑[うたが]う","うたがう","2","1186","0","to doubt,to distrust,to be suspicious of,to suspect","","1225510"
"暴く","暴[あば]く","あばく","2","5047","2","to disclose,to divulge,to expose,to open (a grave),to dig out","","1519330"
"逃げ切る","逃[に]げ切[き]る","にげきる","2","7898","3,0","to make good one's escape,to get away,to outrun,to hold on (and win),to win narrowly","","1850600"
"学ぶ","学[まな]ぶ","まなぶ","2","1789","0,2","to learn,to study,to take lessons in","","1206530"
"間","間[かん]","かん","2","2579","0","interval,period of time,among,between,inter-,good opportunity,chance,estrangement,discord,alienation,spy,secret agent","","2067900"
"くれてやる","くれてやる","くれてやる","2","9239","0","to give,to do (something) for","","1269120"
"すげぇ","すげぇ","すげぇ","2","6203","2","incredible,unbelievable,terrific,impressive","","2722660"
"惜しい","惜[お]しい","おしい","2","2144","2","regrettable,disappointing,unfortunate,precious,dear,valuable,too good for,deserving better,almost (but not quite),close (but no cigar)","","1382280"
"腕","腕[うで]","うで","2","676","1,0","arm,ability,skill,talent,competence,(physical) strength","","1562850"
"番目","番[ばん]目[め]","ばんめ","2","5129","4,0","the nth ...,divisions of a kabuki performance","","1482410"
"爆薬","爆[ばく]薬[やく]","ばくやく","2","21918","0","explosive,blasting powder","","1475980"
"猛る","猛[たけ]る","たける","2","21109","2","to rage,to be fierce,to be excited","","2013380"
"現役","現[げん]役[えき]","げんえき","2","6721","0","active duty,active service,student taking (university) entrance exams while still enrolled in school,student who passed their university entrance exams on the first try","","1263890"
"収束","収[しゅう]束[そく]","しゅうそく","2","11207","0","conclusion,resolution,settling (e.g. of a dispute),returning to normal,gathering and bundling,convergence,focusing (of light),convergence","","1330750"
"問答無用","問[もん]答[どう]無[む]用[よう]","もんどうむよう","2","7683","3,5","there being no use in arguing (about it),not up for discussion","","1536070"
"中には","中[なか]には","なかには","2","1779","","among (them),of (them)","","1423320"
"子たち","子[こ]たち","こたち","2","3256","2,1","children","","2162830"
"思惑","思[おも]惑[わく]","おもわく","1","5322","0,2","expectation,anticipation,prediction,forecast,calculations,purpose,intention,motive,ulterior motive,others' opinions of one,speculation","","1309630"
"どおり","どおり","どおり","1","2816","3","in accordance with,following,roughly,about,Street,Avenue","","1432930"
"調子","調[ちょう]子[し]","ちょうし","1","1008","0","tune,tone,key,pitch,time,rhythm,vein,mood,way,manner,style,knack,condition,state of health,shape,impetus,spur of the moment,strain,trend","","1429170"
"毛布","毛[もう]布[ふ]","もうふ","1","7354","1","blanket","","1533950"
"油断大敵","油[ゆ]断[だん]大[たい]敵[てき]","ゆだんたいてき","1","33691","0","don't let your guard down,carelessness is the great enemy,danger comes soonest when it is despised","","1538700"
"そりゃ","そりゃ","そりゃ","1","472","0,1","very,extremely,that is","","2134680"
"注目の的","注[ちゅう]目[もく]の的[まと]","ちゅうもくのまと","1","27244","","centre of attention,center of attention","","2726170"
"かあさん","かあさん","かあさん","1","33831","1","mother,wife","","1609470"
"じゃのめ","じゃのめ","じゃのめ","1","141979","0","bull's-eye (pattern),double ring (pattern),umbrella with bull's-eye pattern","","1323360"
"むかう","むかう","むかう","1","18718","0","to face,to go towards,to head towards","","1604800"
"よいしょ","よいしょ","よいしょ","1","1673","1","huff!,yo-heave-ho!,heigh-ho,yoisho! (word shouted by the spectators during a yokozuna's ritual stomps),yoisho (filler word in folk music, etc.),flattery,buttering up (someone),sucking up to","","2055540"
"成績","成[せい]績[せき]","せいせき","1","3020","0","results,record,grades,marks","","1375760"
"いいところ","いいところ","いいところ","1","2712","","good thing,strong point,good family,prestigious school,the right moment,utter,extreme,at (the) best,at most","","2158990"
"とうとう","とうとう","とうとう","1","2503","1","finally,at last,in the end,ultimately","","1449890"
"仕事ぶり","仕[し]事[ごと]ぶり","しごとぶり","1","17028","0","the way one works,one's working manner","","2207590"
"刃","刃[は]","は","1","3886","1,0","edge (of a knife or sword),blade,prong (of an electrical plug)","","1369820"
"よれ","よれ","よれ","1","48930","","wrinkle (in paper),crease,wear","","2859815"
"その他いろいろ","その他[ほか]いろいろ","そのほかいろいろ","1","69011","","and various other things,and many other things,and more,and what not,and all that","","2847239"
"夢のまた夢","夢[ゆめ]のまた夢[ゆめ]","ゆめのまたゆめ","1","23646","","dream within a dream,(beyond) one's wildest dreams,entirely unrealizable dream,pie in the sky","","2130810"
"選び","選[えら]び","えらび","1","9505","","choosing,selecting,deciding (on)","","2785990"
"点","点[てん]","てん","1","1034","1","dot,spot,point,speck,mark,mark (in an exam, etc.),grade,score,points,point (in a game),score,goal,run,point,point,aspect,matter,detail,part,respect,way,viewpoint,(punctuation) mark (e.g. comma, period, decimal point),dot,""dot"" stroke (in a Chinese character),counter for points, marks, goals, etc.,counter for goods, items, articles of clothing, works of art, etc.","","1441390"
"あい","あい","あい","1","3281","1","love,affection,care,attachment,craving,desire,agape,Ireland","","1150410"
"鋼","鋼[はがね]","はがね","1","9625","1","steel,sword steel,sword","","1282680"
"調子狂う","調[ちょう]子[し]狂[くる]う","ちょうしくるう","1","21043","","to act up (machine),to go out of tune (instrument),to not work right,to have something amiss,to be knocked off stride,to lose one's bearings,to lose one's presence of mind,to lose one's balance","","2860339"
"子ら","子[こ]ら","こら","1","13563","1","children","","1308010"
"張力","張[ちょう]力[りょく]","ちょうりょく","1","63003","1","tension,tensile force","","1623160"
"こう見えても","こう見[み]えても","こうみえても","1","8135","","despite appearances,it may not seem so,it might not look it","","2867094"
"高","高[こう]","こう","1","4225","2,1","high,high school","","2183260"
"街道","街[かい]道[どう]","かいどう","1","11319","0,3","highway (esp. one existing from the Edo period),main road,highway (e.g. to success),path (to becoming ...),subdistrict (in China)","","1204650"
"反則","反[はん]則[そく]","はんそく","1","6432","0","foul,breaking the rules,violation (of the law, regulations, etc.),infringement,breach,infraction","","1480650"
"出没","出[しゅつ]没[ぼつ]","しゅつぼつ","1","16102","0","making frequent appearances,appearing often,appearing and disappearing","","1340330"
"なかには","なかには","なかには","1","25928","","among (them),of (them)","","1423320"
"後先考えず","後[あと]先[さき]考[かんが]えず","あとさきかんがえず","1","27321","","without thinking of the consequences","","2211800"
"命じる","命[めい]じる","めいじる","1","3373","0,3","to order,to command,to appoint","","1531950"
"相手にする","相[あい]手[て]にする","あいてにする","1","2761","","to keep company,to listen to,to associate with,to take notice of,to deal with,to play against (e.g. a team),to take on (e.g. a rival)","","2572400"
"あなた方","あなた方[がた]","あなたがた","1","3976","0,4","you (plural)","","1586560"
"同士","同[どう]士[し]","どうし","1","1220","1","fellow,mutual,companion,comrade","","1452400"
"横顔","横[よこ]顔[がお]","よこがお","1","5669","0","profile,face in profile,face seen from the side,(personal) profile,(biographical) sketch,outline (of someone's life)","","1180670"
"珍しい","珍[めずら]しい","めずらしい","1","716","4","rare,uncommon,unusual,curious,new,novel,fine,nice,splendid,precious","","1431850"
"枠","枠[わく]","わく","1","5350","2","frame,framework,border,box,limit,restriction,quota,category,bracket,class,time slot (in a broadcasting schedule),stream,livestream,live stream,live (online) broadcast,spool (of thread),reel","","1562610"
"次期","次[じ]期[き]","じき","1","8962","1","next term,next period,next version,next release","","1316490"
"意見","意[い]見[けん]","いけん","1","1305","1","opinion,view,comment,scolding,reprimand,rebuke,admonition,cautioning,warning","","1156530"
"否めない","否[いな]めない","いなめない","1","41073","3","cannot deny,undeniable,incontrovertible","","1482930"
"目す","目[もく]す","もくす","1","23776","2","to regard (as),to recognize (as),to see as,to consider,to pay attention to,to watch","","2410490"
"含有量","含[がん]有[ゆう]量[りょう]","がんゆうりょう","1","61964","3","content (of a mineral, etc.)","","1217010"
"そういうことか","そういうことか","そういうことか","1","3315","","I got it,I see,I now know,so that's the reason","","2076260"
"応える","応[こた]える","こたえる","1","2006","3,2","to respond,to answer,to meet (e.g. demands, expectations),to affect,to take a toll,to strike home,to have an effect on,to be hard on someone (e.g. heat, cold, work, illness, etc.),to be a strain","","1179810"
"実入り","実[み]入[い]り","みいり","1","38331","0","crop,harvest,ripeness,income,profits,loaded (e.g. intermodal containers in the transport industry)","","1641580"
"思しき","思[おぼ]しき","おぼしき","1","15908","","seeming (to be),appearing,apparently","","2670970"
"炭素","炭[たん]素[そ]","たんそ","1","42968","1","carbon (C)","","1418570"
"備えあれば憂いなし","備[そな]えあれば憂[うれ]いなし","そなえあればうれいなし","1","42431","","if you are prepared you don't have to worry,it's good to have a shelter against every storm","","2209960"
"裏表","裏[うら]表[おもて]","うらおもて","1","16066","0","back and front,inside and outside,both sides,inside out (e.g. clothing),double-dealing,two faces (cf. two-faced),outward appearance and actual condition,inner workings","","1550560"
"仕様","仕[し]様[よう]","しよう","1","7998","0","way,method,means,resource,remedy,(technical) specification","","1305500"
"乾く","乾[かわ]く","かわく","1","4585","2","to get dry","","1209650"
"男物","男[おとこ]物[もの]","おとこもの","1","25816","0","men's things,menswear,men's wear,men's,for men","","1792650"
"食堂","食[しょく]堂[どう]","しょくどう","1","4612","0","dining room,dining hall,cafeteria,canteen,messroom,restaurant,eatery,snack bar,diner","","1358550"
"怒らせる","怒[おこ]らせる","おこらせる","1","4747","4,0","to make (someone) angry,to anger,to offend,to rile up,to provoke (to anger),to square (one's shoulders),to raise (one's voice) in anger,to make (one's eyes) glare","","1633780"
"需要","需[じゅ]要[よう]","じゅよう","1","11178","0","demand,need,demand","","1330450"
"白状","白[はく]状[じょう]","はくじょう","1","6451","1","confession","","1475230"
"好きにする","好[す]きにする","すきにする","1","2382","","to do as one likes","","2105940"
"尋問","尋[じん]問[もん]","じんもん","1","8744","0","questioning,interrogation,examination (of a witness)","","1369980"
"成功報酬","成[せい]功[こう]報[ほう]酬[しゅう]","せいこうほうしゅう","1","37487","5","fee contingent upon success,contingency fee,completion bonus","","2058130"
"書き換える","書[か]き換[か]える","かきかえる","1","10458","4,3,0","to rewrite,to overwrite,to renew,to transfer","","1589920"
"不注意","不[ふ]注[ちゅう]意[い]","ふちゅうい","1","12884","2","carelessness,inattention,thoughtlessness,negligence","","1493830"
"お孫さん","お孫[まご]さん","おまごさん","1","16391","","grandchild","","1002350"
"探す","探[さが]す","さがす","1","398","0","to search for,to look for,to hunt for,to seek,to search (a house, pocket, etc.),to search through,to rummage in (e.g. a drawer),to fish around","","1593670"
"いくつも","いくつも","いくつも","1","4799","1","many,much,plenty,hardly","","1000710"
"大概","大[たい]概[がい]","たいがい","1","8751","0","generally,mainly,usually,normally,mostly,for the most part,nearly all,almost all,most,gist,summary,outline,main idea,staying within bounds,not overdoing (something),not getting carried away,not going too far,being moderate,probably,perhaps,in all likelihood,considerably,greatly,really","","1413230"
"山のよう","山[やま]のよう","やまのよう","1","25692","","plentiful,lot of,much,pile of","","2748950"
"志願","志[し]願[がん]","しがん","1","12664","1","aspiration,volunteering,desire,application","","1309080"
"たわい","たわい","たわい","1","20933","0,1","sanity,soundness of mind,prudence and discretion,drunkenness","","2653540"
"ぶっ","ぶっ","ぶっ","1","5951","","adds emphasis to the following verb or indicates that the action is done forcefully or violently","","2698210"
"優良","優[ゆう]良[りょう]","ゆうりょう","1","27305","0","superior,excellent,fine","","1539570"
"あのー","あのー","あのー","1","2686","0","say,well,um,er","","1000430"
"その都度","その都[つ]度[ど]","そのつど","1","15786","","each time it happens,at all such times","","1006920"
"薪","薪[まき]","まき","1","13799","0","piece(s) of firewood (esp. chopped or split from logs),kindling (twigs, branches, etc.),firewood","","1365010"
"上乗せ","上[うわ]乗[の]せ","うわのせ","1","17059","0","adding (an extra amount),increasing,tacking on (a charge)","","1774950"
"着せる","着[き]せる","きせる","1","4842","0","to put clothes on (someone),to dress,to clothe,to cover,to coat,to plate,to gild,to veneer,to pin (e.g. a crime on someone),to lay (blame),to charge (with an offence),to give (a bad name),to remind someone of (their indebtedness)","","1422990"
"突く","突[つ]く","つく","1","3014","0,1","to prick,to stab,to poke,to prod,to push,to thrust,to nudge,to hit,to strike,to use (a cane),to prop oneself up with,to press against (the floor, etc.),to attack,to brave (the rain, etc.)","","1456890"
"ほうがよろしい","ほうがよろしい","ほうがよろしい","1","25571","","had better,is advisable","","2264510"
"よそ見","よそ見[み]","よそみ","1","10983","2,3","looking away,looking aside,outsider's perspective,observer's view","","1544190"
"世紀末","世[せい]紀[き]末[まつ]","せいきまつ","1","28062","3,0","end of a century (esp. 19th),fin-de-siècle,end of the world (esp. in fiction),apocalypse","","1374000"
"ぶしゅ","ぶしゅ","ぶしゅ","1","31292","1","radical (of a kanji character)","","1499400"
"残念ながら","残[ざん]念[ねん]ながら","ざんねんながら","1","2045","","unfortunately,regrettably","","1304700"
"どっか","どっか","どっか","1","1208","1","somewhere,in some respects,in some way","","1189000"
"金持ち","金[かね]持[も]ち","かねもち","1","4880","3,4","rich person,wealthy person","","1242970"
"くん","くん","くん","1","822","0","Mr,master,boy,Ms,miss,sir,madam","","1247260"
"打ち貫く","打[う]ち貫[ぬ]く","うちぬく","1","75818","3,0","to go through (e.g. a wall),to penetrate,to pierce,to perforate,to bore into,to punch (a hole, pattern, etc.),to stamp out (e.g. a coin),to remove (partitions between rooms),to join (multiple rooms) into one,to carry out (to completion)","","1408740"
"遺す","遺[のこ]す","のこす","1","14899","2","to leave (to someone, esp. after one's death),to bequeath","","2845927"
"一定","一[いっ]定[てい]","いってい","1","4487","0","to fix,to settle,to standardize,to regularize,constant,definite,uniform,defined,certain,prescribed","","1164950"
"ねえ","ねえ","ねえ","1","405","1","nonexistent,not being (there),not having,not","","2841117"
"丸ごと","丸[まる]ごと","まるごと","1","7135","0","in its entirety,whole,wholly","","1216410"
"１泊","１[いっ]泊[ぱく]","いっぱく","1","24151","0","(staying) one night,overnight stay,overnight rental,per-night rental","","1165700"
"力ずくで","力[ちから]ずくで","ちからずくで","1","9026","","by sheer strength,by brute force","","1597400"
"過ぎ","過[す]ぎ","すぎ","1","2400","2","past,after,too (much),over- (e.g. eating)","","1195960"
"詰め込む","詰[つ]め込[こ]む","つめこむ","1","5963","0,3","to cram,to stuff,to jam,to squeeze,to pack,to crowd","","1226550"
"途端に","途[と]端[たん]に","とたんに","1","6638","","just as,right after,in the act of,as soon as,at that moment","","1444910"
"不甲斐ない","不[ふ]甲斐[がい]ない","ふがいない","1","11580","4","good-for-nothing,spineless,gutless,spiritless,feckless,pluckless,cowardly,tame,timid,pathetic,pitiful,disappointing,shameful,useless,worthless","","1570950"
"保つ","保[たも]つ","たもつ","1","2108","2","to keep,to preserve,to hold,to retain,to maintain,to sustain,to last,to endure,to keep well (food),to wear well,to be durable","","1513250"
"一切","一[いっ]切[さい]","いっさい","1","1328","1","all,everything,entirety,the whole,absolutely (not),(not) at all,(none) whatsoever,without exception","","1164170"
"病気","病[びょう]気[き]","びょうき","1","1405","0","illness (usu. excluding minor ailments, e.g. common cold),disease,sickness,bad habit,bad behaviour,weakness,failing,crazy,insane,disturbed,sick in the head","","1490230"
"お任せあれ","お任[まか]せあれ","おまかせあれ","1","29338","","leave it (to me)","","2847009"
"きたる","きたる","きたる","1","36855","1","next (e.g. ""next April""),forthcoming,coming,to come,to arrive,to be due to","","1591270"
"しもべ","しもべ","しもべ","1","20815","0,3","servant,manservant,menial","","1521390"
"魔術","魔[ま]術[じゅつ]","まじゅつ","1","9936","1","magic,sorcery,witchcraft,magic tricks (with large-scale props)","","1524130"
"究極","究[きゅう]極[きょく]","きゅうきょく","1","5515","0","ultimate,final,last,eventual","","1230040"
"奥義","奥[おう]義[ぎ]","おうぎ","1","14816","1","secret techniques (of an art or skill),inner mysteries,essence,quintessence,heart","","1179430"
"信奉者","信[しん]奉[ぽう]者[しゃ]","しんぽうしゃ","1","34863","","adherent,devotee,believer","","1359590"
"最大","最[さい]大[だい]","さいだい","1","1873","0","biggest,greatest,largest,maximum","","1294180"
"掛ける","掛[か]ける","かける","1","1586","2","to hang up (e.g. a coat, a picture on the wall),to let hang,to suspend (from),to hoist (e.g. sail),to raise (e.g. flag),to put on (e.g. a blanket),to put on top of,to cover,to lay,to spread,to put on (glasses, etc.),to wear (a necklace, etc.),to make (a call),to spend (time, money),to expend,to use,to pour (liquid) onto,to sprinkle (powder or spices) onto,to splash,to throw (e.g. water) onto,to turn on (an engine, radio, etc.),to set (a dial, alarm clock, etc.),to put on (a DVD, song, etc.),to use (a device, implement, etc.),to cause (someone inconvenience, trouble, etc.),to burden (someone),to impose,to multiply (arithmetic operation),to secure (e.g. lock),to take a seat,to sit,to rest (something on something else),to support (something on something else),to bind,to wager,to bet,to risk,to stake,to gamble,to put an effect (spell, anaesthetic, etc.) on,to hold (a play, festival, etc.),to hold an emotion for (pity, hope, etc.),to argue (in court),to deliberate (in a meeting),to present (e.g. idea to a conference, etc.),to increase further,to catch (in a trap, etc.),to set atop,to erect (a makeshift building),to apply (insurance),to pun (on a word),to use (a word) as a pivot word,to play on words,to be partway doing ...,to begin (but not complete) ...,to be about to ...,to address (someone),to direct (something, to someone),to do (something, to someone)","","1207610"
"不埒","不[ふ]埒[らち]","ふらち","1","19126","1,0","lawless,outrageous,insolent,rude,inexcusable,unpardonable","","1495490"
"足らず","足[た]らず","たらず","1","9270","","less than,under,short of,not even,insufficient,lacking","","1404730"
"わかったもんじゃない","わかったもんじゃない","わかったもんじゃない","1","28553","","there's no knowing,there's no telling,it's anyone's guess,who knows?","","2841707"
"先刻承知","先[せん]刻[こく]承[しょう]知[ち]","せんこくしょうち","1","56281","","being already (well) aware","","2048700"
"ということだ","ということだ","ということだ","1","2378","","I've heard that ...,rumour has it that ...,it appears as if ...","","2612990"
"そこら","そこら","そこら","1","7325","2","around there,that area,that,that matter,that point,about that much,approximately that amount,thereabouts,(or) so","","1006720"
"考え過ぎ","考[かんが]え過[す]ぎ","かんがえすぎ","1","16622","","overthinking","","2039060"
"施す","施[ほどこ]す","ほどこす","1","4358","3,0","to give (time, money, goods),to donate,to do,to perform,to conduct,to apply (processing, makeup, etc.),to add (e.g. ornamentation, annotation),to sow,to seed,to scatter (e.g. fertilizer),to sprinkle,to spread far and wide","","1310370"
"おちょくる","おちょくる","おちょくる","1","19873","3","to tease,to banter,to make fun of (someone)","","2056890"
"概念","概[がい]念[ねん]","がいねん","1","6271","1","general idea,concept,notion","","1204480"
"いかなる","いかなる","いかなる","1","6131","2","what kind of,what sort of,what,no matter what (kind of),whatever,any","","1466960"
"愚か","愚[おろ]か","おろか","1","2946","1","foolish,stupid,silly","","1245100"
"割れる","割[わ]れる","われる","1","2042","0","to break,to be smashed,to split,to crack,to fissure,to be torn,to be divided (opinion, vote, etc.),to split (e.g. of a party),to come to light,to become clear,to be identified,to be revealed,to become distorted (of sound),to clip,to be divisible (without a remainder),to drop below a minimum","","1208020"
"まごうことなき","まごうことなき","まごうことなき","1","36242","","unmistakable,unquestionable,certain,evident","","2690580"
"こしゃく","こしゃく","こしゃく","1","29508","0,1","impudent,cheeky","","1348860"
"確実","確[かく]実[じつ]","かくじつ","1","1320","0","certain,sure,definite,reliable,sound,solid,safe,secure","","1205830"
"あの世","あの世[よ]","あのよ","1","7722","0,3","the other world,the next world,the world beyond,world after death","","1612740"
"やり直す","やり直[なお]す","やりなおす","1","3124","4","to do over again,to redo,to start over,to remake,to resume,to recommence","","1605620"
"悪人","悪[あく]人[にん]","あくにん","1","7823","0","bad person,villain,scoundrel,wrongdoer,wicked person","","1152020"
"こりごり","こりごり","こりごり","1","18093","3,0","having had enough (of),fed up (with),sick and tired (of),to learn one's lesson,to learn from a bad experience","","1618140"
"だだ","だだ","だだ","1","19339","1","over-,excessive,extreme,intense,rapid","","2863376"
"通用","通[つう]用[よう]","つうよう","1","3212","0","(common) use (of a language, currency, etc.),current use,circulation,currency,validity (e.g. of a ticket),to be accepted (e.g. of a way of thinking),to work (of an excuse, trick, etc.),to hold true (e.g. of a theory),to apply,to be valid,to pass (for),to do well,to get by,going in and out,entrance and exit","","1433570"
"堅い","堅[かた]い","かたい","1","5870","0,2","hard,solid,tough,stiff,tight,wooden,unpolished (e.g. writing),strong,firm (not viscous or easily moved),safe,steady,honest,steadfast,obstinate,stubborn,bookish,formal,stuffy","","1257110"
"高温","高[こう]温[おん]","こうおん","1","22069","0","high temperature","","1283280"
"熱する","熱[ねっ]する","ねっする","1","15249","0,3","to heat,to heat up,to get excited,to get worked up,to get fired up","","1467730"
"去る","去[さ]る","さる","1","1591","1","to leave,to go away,to pass,to elapse,to be distant,to send away,to drive off,to divorce,to (do) completely,last ... (e.g. ""last April"")","","1231650"
"冷やす","冷[ひ]やす","ひやす","1","4330","2","to cool,to chill,to refrigerate,to calm down,to cool off,to regain one's composure,to relax,to be frightened (at),to be scared (of)","","1556770"
"もろい","もろい","もろい","1","12974","2","brittle,fragile,weak,frail,tender-hearted,sentimental,easily moved","","1382220"
"格好いい","格[かっ]好[こ]いい","かっこいい","1","11880","4","attractive,good-looking,stylish,cool,smooth,neat,with-it,groovy","","1577490"
"とどめる","とどめる","とどめる","1","4835","0","to stop,to stay (e.g. the night),to cease,to put an end to,to contain,to keep (in position, in place),to limit,to record (e.g. a fact),to retain","","1598820"
"としたことが","としたことが","としたことが","1","7984","","of all people","","2722430"
"侵す","侵[おか]す","おかす","1","9507","2,0","to invade,to raid,to violate (airspace, etc.),to intrude,to trespass,to infringe,to encroach,to harm,to afflict,to affect","","1359800"
"打つ","打[う]つ","うつ","1","948","1","to hit,to strike,to knock,to beat,to punch,to slap,to tap,to bang,to clap,to pound,to strike (noon, etc.),to sound (cymbals, etc.),to beat (a drum, etc.),to beat (rhythmically, e.g. pulse, waves, etc.),to move,to impress,to touch,to drive in,to hammer in,to put in,to inject,to vaccinate,to type,to send,to transmit,to insert,to write in,to mark,to make (noodles, etc.),to prepare,to till (soil),to sprinkle,to throw,to cast,to do,to carry out,to play,to perform,to engage in (gambling, etc.),to pay (a deposit, etc.),to visit (on a pilgrimage),to line (a coat),to bind (a criminal),to drop (a piece),to play a move,to play a game","","1408810"
"揃う","揃[そろ]う","そろう","1","2964","2","to be complete,to be all present,to make a full set,to be satisfied (of conditions),to be equal,to be uniform,to be even,to match,to agree,to gather,to assemble,to be collected","","1406110"
"前提","前[ぜん]提[てい]","ぜんてい","1","4050","0","condition,assumption,prerequisite,hypothesis,intention,intent,aim,goal,premise","","1393680"
"きつい","きつい","きつい","1","1806","0,2","tough,hard,severe,demanding,harsh,determined,strong-minded,forceful,formidable,fierce,strong (e.g. sunlight, alcohol),severe,intense,(too) tight,constricting,close,extreme,unusually strong","","1003450"
"検討","検[けん]討[とう]","けんとう","1","4310","0","consideration,examination,investigation,study,scrutiny,discussion,analysis,review","","1258000"
"引く","引[ひ]く","ひく","1","818","0","to pull,to tug,to lead (e.g. a horse),to draw (attention, sympathy, etc.),to attract (e.g. interest),to draw back (e.g. one's hand),to draw in (one's chin, stomach, etc.),to pull in,to draw (a card, mahjong tile, etc.),to draw (a line, plan, etc.),to catch (a cold),to play (a stringed or keyboard instrument),to look up (in a dictionary, phone book, etc.),to consult,to check,to haul,to pull (vehicles),to subtract,to deduct,to recede,to ebb,to fade,to be descend from,to inherit (a characteristic),to quote,to cite,to raise (as evidence),to lay on (electricity, gas, etc.),to install (e.g. a telephone),to supply (e.g. water),to hold (e.g. a note),to apply (e.g. lipstick),to oil (e.g. a pan),to wax (e.g. a floor),to move back,to draw back,to recede,to fall back,to retreat,to lessen,to subside,to ebb,to go down (e.g. of swelling),to resign,to retire,to quit,to be put off (by someone's words or behaviour),to be turned off,to recoil (in disgust, etc.),to cringe","","1169250"
"溶ける","溶[と]ける","とける","1","3023","2","to melt,to liquefy,to soften (e.g. through heat),to thaw,to dissolve (in a liquid),to be soluble (in),to be used up (of money or time),to be wasted,to melt away","","1546070"
"であろう","であろう","であろう","1","2577","","will,probably,may,I think,surely,I hope,I fear,it seems","","1008350"
"しばらく前","しばらく前[まえ]","しばらくまえ","1","33531","","a short time ago,a while ago,for some time","","2836918"
"行","行[ぎょう]","ぎょう","1","3574","0","line (of text),row,verse,carya (austerities),samskara (formations),semi-cursive style (of writing Chinese characters),running style","","1281690"
"空く","空[あ]く","あく","1","1571","0","to open (e.g. doors),to open (e.g. business, etc.),to be empty,to be vacant,to be available,to be free,to be open (e.g. neckline, etc.),to have been opened (of one's eyes, mouth, etc.),to come to an end,to open (one's eyes, mouth, etc.),to have a hole,to form a gap,to have an interval (between events)","","1586270"
"物心","物[もの]心[ごころ]","ものごころ","1","10020","0,1","awareness of things around one,ability to understand what is going on around oneself,judgment,judgement,discretion","","1502610"
"行商人","行[ぎょう]商[しょう]人[にん]","ぎょうしょうにん","1","30148","0","peddler,pedlar,hawker","","1935220"
"寝覚めが悪い","寝[ね]覚[ざ]めが悪[わる]い","ねざめがわるい","1","29596","","to have an uneasy conscience","","2126210"
"方法","方[ほう]法[ほう]","ほうほう","1","656","0","method,way,manner,process,procedure,means,measure","","1517090"
"見て見ぬ振り","見[み]て見[み]ぬ振[ふ]り","みてみぬふり","1","35835","","pretending not to see (something),turning a blind eye (to),closing one's eyes (to),looking the other way","","1715760"
"じゃあね","じゃあね","じゃあね","1","2079","","see you,bye,ciao","","2186610"
"裕福","裕[ゆう]福[ふく]","ゆうふく","1","11163","1,0","wealthy,rich,affluent,well-off","","1541830"
"出","出[で]","で","1","4660","0,1","coming out,going out,outflow,efflux,rising (of the Sun or the Moon),attending (work),appearing (on stage),one's turn to go on,start,beginning,origins,background,person (or item) originating from ...,graduate of ...,native of ...,member of ... (lineage),architectural member that projects outward,highest point of the stern of a ship,amount (comprising something),amount of time or effort required to do something","","1896380"
"知ったことじゃない","知[し]ったことじゃない","しったことじゃない","1","24622","","that's not my concern,that's none of my business,that's not on me","","2868389"
"ついてる","ついてる","ついてる","1","1929","1","to be lucky,to be in luck,to be attached,to have,to be included,to come with,to contain,to be in a state","","1894260"
"大して","大[たい]して","たいして","1","5075","1","(not) very,(not) so,(not) very much,(not) particularly,(not) especially","","1412970"
"金目のもの","金[かね]目[め]のもの","かねめのもの","1","40172","","valuable article,valuables","","2638900"
"しける","しける","しける","1","15750","2,0","to be stormy or choppy (sea),to go through hard times,to be broke,to be gloomy,to be glum","","1315900"
"高み","高[たか]み","たかみ","1","9194","0,1","height,elevated place","","1283230"
"何があろうと","何[なに]があろうと","なにがあろうと","1","16741","","no matter what,whatever happens,in any situation,rain or shine","","2847549"
"はずのない","はずのない","はずのない","1","10778","","that is not supposed to ...,that ought not to ...,that should never ...,that cannot possibly ...","","2831138"
"安泰","安[あん]泰[たい]","あんたい","1","11035","0","security,stability,safety,peace","","1154070"
"静か","静[しず]か","しずか","1","1131","1","quiet,silent,slow,unhurried,calm,peaceful","","1381820"
"ありゃ","ありゃ","ありゃ","1","2854","1,0","oh,ah,I'll be darned,if there is","","2827815"
"原因","原[げん]因[いん]","げんいん","1","1009","0","cause,origin,source","","1261190"
"お部屋","お部屋[へや]","おへや","1","3768","0","room,apartment,flat","","2453580"
"大活躍","大[だい]活[かつ]躍[やく]","だいかつやく","1","9707","","being very active,being very useful,playing a very active part,making a spectacular showing,great efforts,splendid work","","2747810"
"通りかかる","通[とお]りかかる","とおりかかる","1","5768","5,0","to happen to pass by","","1432940"
"稲妻","稲[いな]妻[ずま]","いなずま","1","13552","0","lightning,flash of lightning,lightning bolt","","1167860"
"引き取る","引[ひ]き取[と]る","ひきとる","1","2845","3","to take into one's possession,to receive,to accept,to collect,to claim,to take into one's care (e.g. person, pet),to take custody of,to adopt,to leave,to go away,to withdraw,to get out","","1168960"
"こら","こら","こら","1","988","1","hey!,hey!","","1004780"
"祝宴","祝[しゅく]宴[えん]","しゅくえん","1","42221","0","celebratory banquet,feast","","1337400"
"誰だって","誰[だれ]だって","だれだって","1","6360","","anyone,anybody,everyone,everybody,whoever","","2827632"
"たま","たま","たま","1","4195","0,1","ball,sphere,globe,orb,bead (of sweat, dew, etc.),drop,droplet,ball (in sports),pitch (e.g. in baseball),pile (of noodles, etc.),bullet,bulb (i.e. a light bulb),lens (of glasses, etc.),bead (of an abacus),ball (i.e. a testicle),gem,jewel (esp. spherical; sometimes used figuratively),pearl,female entertainer (e.g. a geisha),person (when commenting on their nature),character,item, funds or person used as part of a plot,egg,okonomiyaki,coin,precious,beautiful,excellent","","1240530"
"お兄さん","お兄[にい]さん","おにいさん","1","2395","2","older brother,elder brother,young man,buddy,fella,laddie","","1001830"
"ひざ","ひざ","ひざ","1","16899","0","knee,lap,knee and thigh (while sitting)","","1487320"
"むさい","むさい","むさい","1","42945","2","filthy,squalid,dirty,foul,sordid","","2610240"
"いたい","いたい","いたい","1","3545","2","painful,sore,cringy,embarrassing","","1432680"
"お呼びじゃない","お呼[よ]びじゃない","およびじゃない","1","40749","","unasked for,unnecessary,uninvolved","","2777120"
"独り占め","独[ひと]り占[じ]め","ひとりじめ","1","6486","0,5","hogging,having all to oneself,monopolising,monopolizing","","1602020"
"派遣","派[は]遣[けん]","はけん","1","5678","0","dispatch,despatch,deployment,temporary employee (esp. from an agency),temporary worker,agency temp","","1471130"
"代金","代[だい]金[きん]","だいきん","1","8436","0,1","price,cost,charge,payment,bill,fee","","1411790"
"その調子","その調[ちょう]子[し]","そのちょうし","1","5378","","keep it up!,way to go!,you've got it!,that's it,attaboy!,attagirl!","","2854752"
"今のところ","今[いま]のところ","いまのところ","1","2508","0","at present,currently,so far,for now,for the time being","","1288960"
"それに","それに","それに","1","1498","0,3","besides,in addition,also,moreover","","1007040"
"生成","生[せい]成[せい]","せいせい","1","12750","0","creation,generation,formation,derivation","","1379180"
"受けて立つ","受[う]けて立[た]つ","うけてたつ","1","9557","","to accept someone's challenge,to take up the gauntlet","","2035840"
"地力","地[じ]力[りき]","じりき","1","37042","0","one's own potential,real ability,one's own strength","","1635130"
"考え事","考[かんが]え事[ごと]","かんがえごと","1","5981","0,6,5","something to think about,one's thoughts,concern,worry,thinking about something,being absorbed in one's thoughts","","1281040"
"分","分[ぶん]","ぶん","1","519","1","part,portion,share,amount,worth (as in ""two days' worth""),enough (for),one's means,one's place,one's lot,one's social position,one's duty,one's part,condition,state (of affairs),extent,rate (as in ""at this rate""),in proportion to,just as much as,to the same degree,content (e.g. alcohol),percentage,equivalent to (e.g. an old brother)","","1502860"
"以前","以[い]前[ぜん]","いぜん","1","858","1","before,prior to,ago,the past,before,previously,former times","","1155150"
"おっぱい","おっぱい","おっぱい","1","4589","1","boobs,boobies,breasts,tits,breast milk","","1001370"
"色気","色[いろ]気[け]","いろけ","1","6098","3","colouring,coloring,shade of colour (color),sex appeal (esp. of women),sexiness,sexual allure,seductiveness,interest in the opposite sex,sexual feelings,sexual urge,charm,elegance,romance,graciousness,feminine presence,desire,interest,ambition,inclination","","1357670"
"づき","づき","づき","1","25005","2","furnished with,including,attached to,impression,appearance,luck,sociality,under,assistant (e.g. to a manager),soup base","","1583630"
"地道","地[じ]道[みち]","じみち","1","8156","0","steady,honest,sober,straightforward,reliable","","1421400"
"長生き","長[なが]生[い]き","ながいき","1","6662","3,4","longevity,long life","","1610940"
"もんなら","もんなら","もんなら","1","8777","","if I (we, etc.) could,if one were to ... then ... (an unpleasant thing would happen)","","2026670"
"ほれ","ほれ","ほれ","1","2834","1","look!,see!,here!,there!,hey!","","1011710"
"形見","形[かた]見[み]","かたみ","1","11154","0","memento (esp. of a deceased person),keepsake,heirloom,remembrance,souvenir","","1250260"
"初登場","初[はつ]登[とう]場[じょう]","はつとうじょう","1","33952","","debut,first appearance","","2713780"
"おばあちゃん","おばあちゃん","おばあちゃん","1","3339","","granny,grandma,gran,old lady,old woman","","2009460"
"語る","語[かた]る","かたる","1","1364","0","to talk about,to speak of,to tell,to narrate,to recite,to chant,to indicate,to show","","1270990"
"義理","義[ぎ]理[り]","ぎり","1","4375","2","duty,sense of duty,honor,honour,decency,courtesy,debt of gratitude,social obligation,in-law,relation by marriage","","1225920"
"お人よし","お人[ひと]よし","おひとよし","1","16252","0,3","good-naturedness,good-natured person,credulous person,easy mark,simple soul,soft touch","","1648010"
"糸目","糸[いと]目[め]","いとめ","1","35613","3,0","fine line,weight of thread,slit-eyed","","1825430"
"森の奥","森[もり]の奥[おく]","もりのおく","1","15811","","deep in the forest","","1912760"
"商隊","商隊[しょうたい]","しょうたい","1","58652","","(Chinese) merchant caravan","","2864499"
"従う","従[したが]う","したがう","1","1303","0,3","to obey (an order, law, etc.),to abide by (a rule, custom, etc.),to follow,to observe,to conform to,to yield to,to follow (a person),to accompany,to go with,to go alongside (e.g. a river),to follow (e.g. a sign),to serve (as),to engage in (work)","","1335210"
"勝ち目","勝[か]ち目[め]","かちめ","1","7838","3,2","chance (of success),odds","","1346140"
"暗黒街","暗[あん]黒[こく]街[がい]","あんこくがい","1","68089","4","the underworld","","1684200"
"ついつい","ついつい","ついつい","1","5683","1","unintentionally,unconsciously,by mistake,heedlessly,against one's better judgement (judgment)","","2101170"
"小動物","小[しょう]動[どう]物[ぶつ]","しょうどうぶつ","1","9662","","small animal","","2011320"
"絵に描いたよう","絵[え]に描[か]いたよう","えにかいたよう","1","16564","","the very picture of ...","","2100540"
"報復","報[ほう]復[ふく]","ほうふく","1","10971","0","retaliation,revenge,reprisal,retribution,retorsion,retortion","","1515760"
"小型","小[こ]型[がた]","こがた","1","7646","0","small-sized,small-scale,miniature,small,little,tiny","","1620810"
"取り引き","取[と]り引[ひ]き","とりひき","1","9153","2","transactions,dealings,business","","1599120"
"この期におよんで","この期[ご]におよんで","このごにおよんで","1","62778","","at this point,at this last moment,this late in the game","","2752180"
"対価","対[たい]価[か]","たいか","1","11061","1,0","compensation,equivalent value,consideration","","1655380"
"積荷","積[つみ]荷[に]","つみに","1","46890","0","load,freight,cargo","","1777580"
"引き換え","引[ひ]き換[か]え","ひきかえ","1","6075","0","exchange,conversion","","1601550"
"いかが","いかが","いかが","1","1193","2","how,in what way,how about,questionable","","2845606"
"揺らぎ","揺[ゆ]らぎ","ゆらぎ","1","17678","0,3","quiver,quaver,flutter,statistical fluctuation","","2112070"
"違反","違[い]反[はん]","いはん","1","5097","0","violation,offense,offence,breach,transgression,infringement,contravention","","1158950"
"たら","たら","たら","1","125187","1","gadid (any fish of the family Gadidae, incl. cod, haddock, whiting and pollack),Pacific cod (Gadus macrocephalus)","","1416790"
"尽きる","尽[つ]きる","つきる","1","3531","2","to be used up,to be run out,to be exhausted,to be consumed,to come to an end","","1370070"
"水樽","水樽[みずだる]","みずだる","1","133017","","water cask","","2866556"
"霊","霊[れい]","れい","1","6934","1","soul,spirit,departed soul,ghost","","1557730"
"なんという","なんという","なんという","1","3772","1","how (beautiful, etc.),what a ...,nothing worth mentioning,nothing special,of what name","","1188450"
"強め","強[つよ]め","つよめ","1","9111","0,3","somewhat strong,fairly strong,fairly firm","","2855602"
"口調","口[く]調[ちょう]","くちょう","1","3372","0","tone (of voice),manner of talking","","1276610"
"毎度あり","毎[まい]度[ど]あり","まいどあり","1","25674","","thank you for your continued patronage","","2133010"
"生き返る","生[い]き返[かえ]る","いきかえる","1","4878","3,0","to revive,to come to oneself,to be restored to life","","1378600"
"しゃぶる","しゃぶる","しゃぶる","1","10892","0","to suck,to lick","","1005670"
"御前","御[お]前[まえ]","おまえ","1","14419","0","you,before (a god, nobleman, etc.),in front of","","1002290"
"使用人","使[し]用[よう]人[にん]","しようにん","1","10855","0","employee,servant","","1306280"
"こりゃ","こりゃ","こりゃ","1","1449","1","hey there,I say,see here","","2093510"
"半人前","半[はん]人[にん]前[まえ]","はんにんまえ","1","18483","0","half portion,inexperienced,green,poor (work),useless,incompetent,worthless","","1479520"
"野郎ども","野[や]郎[ろう]ども","やろうども","1","15120","","bastards,guys,lads","","2848730"
"げっ","げっ","げっ","1","8314","1,0","ugh,yuck,ick,blech,damn,crap","","2151700"
"警備隊","警[けい]備[び]隊[たい]","けいびたい","1","30683","","garrison,guards","","1933960"
"ものなら","ものなら","ものなら","1","6408","","if I (we, etc.) could,if one were to ... then ... (an unpleasant thing would happen)","","2026670"
"騒がしい","騒[さわ]がしい","さわがしい","1","3467","4","noisy,boisterous,turbulent (era, etc.),troubled","","1403000"
"宴会","宴[えん]会[かい]","えんかい","1","11551","0","party,banquet,reception,feast,dinner","","1176320"
"軽","軽[けい]","けい","1","10491","1","light (e.g. aircraft, truck),light motor vehicle (up to 660cc and 64bhp),kei car","","1956180"
"復讐","復[ふく]讐[しゅう]","ふくしゅう","1","3305","0","revenge","","1500840"
"生む","生[う]む","うむ","1","2892","0","to give birth,to bear (child),to lay (eggs),to produce,to yield,to give rise to,to deliver","","1588410"
"のぼせる","のぼせる","のぼせる","1","11995","0","to feel dizzy,to have blood rush to one's head,to lose one's cool,to be obsessed,to be infatuated,to become conceited","","1227110"
"推測","推[すい]測[そく]","すいそく","1","3896","0","guess,conjecture","","1371200"
"したほうがいい","したほうがいい","したほうがいい","1","9678","","had better do so","","2002660"
"勢力範囲","勢[せい]力[りょく]範[はん]囲[い]","せいりょくはんい","1","103500","5","sphere of influence","","1375180"
"キー","キー","キー","1","3529","1","key (for a lock),key (of a piano, organ, computer keyboard, etc.),key,key (to solving something),clue,key (person, point, etc.),most important","","1040680"
"急変","急[きゅう]変[へん]","きゅうへん","1","17558","0","sudden turn,sudden change,(suddenly occurring) accident,emergency","","1228960"
"鬼","鬼[おに]","おに","1","2099","2","ogre,demon,oni,spirit of a deceased person,ogre-like person (i.e. fierce, relentless, merciless, etc.),it (in a game of tag, hide-and-seek, etc.),seeker,chaser,tagger,tigger,Chinese ""ghost"" constellation (one of the 28 mansions),very,extremely,super-","","1224190"
"憎む","憎[にく]む","にくむ","1","3274","2","to hate,to detest","","1403440"
"個人","個[こ]人[じん]","こじん","1","2379","1","individual,private person,personal,private,natural person","","1264770"
"目つき","目[め]つき","めつき","1","4980","1","look (in someone's eyes),expression (of the eyes),eyes","","1535670"
"総意","総[そう]意[い]","そうい","1","20911","1","consensus,collective will,collective opinion","","1401480"
"発生","発[はっ]生[せい]","はっせい","1","1867","0","occurrence,incidence,outbreak,birth (e.g. of civilization),generation (of power, heat, etc.),production,ontogeny,development,growth,breeding","","1477620"
"受け流す","受[う]け流[なが]す","うけながす","1","9034","4,0","to ward off (e.g. an attack),to fend off (e.g. a question),to elude,to evade,to dodge,to turn aside (e.g. a joke)","","1329700"
"きれいごと","きれいごと","きれいごと","1","37466","0,4","whitewashing,glossing over,lip service,deftly finishing up,putting on the final touches","","1778090"
"理不尽","理[り]不[ふ]尽[じん]","りふじん","1","3947","2","unreasonable,irrational,outrageous,absurd","","1550120"
"もひとつ","もひとつ","もひとつ","1","16671","","another,one more,(not) quite,(not) very,lacking","","2034180"
"もしくは","もしくは","もしくは","1","3415","1","or,otherwise","","1324320"
"名の知れた","名[な]の知[し]れた","なのしれた","1","29765","","well-known,famous,noted,popular,recognized","","2840888"
"誠実","誠[せい]実[じつ]","せいじつ","1","6265","0","sincere,honest,faithful","","1381180"
"いつの間にか","いつの間[ま]にか","いつのまにか","1","1702","5,4","before one knows,before one becomes aware of,unnoticed,unawares","","1188850"
"侵入","侵[しん]入[にゅう]","しんにゅう","1","2689","0","invasion,incursion,raid,aggression,intrusion,trespass,penetration,hacking","","1359850"
"不自由","不[ふ]自[じ]由[ゆう]","ふじゆう","1","5003","1,2","discomfort,inconvenience,poverty,want,destitution,lack,inability,disability,impairment (physical, mental, etc.),nonfluency (in a language)","","1492680"
"賊","賊[ぞく]","ぞく","1","14595","0","thief,robber,burglar,rebel,insurgent,traitor","","1956590"
"押し入る","押[お]し入[い]る","おしいる","1","13141","3","to push in,to force into,to break in (e.g. into a house),to intrude","","1180340"
"悲しみ","悲[かな]しみ","かなしみ","1","2855","0,4,3","sadness,sorrow,grief,affection,love","","1590550"
"暮れる","暮[く]れる","くれる","1","10092","0","to get dark,to grow dark,to end (of a day, year, season, etc.),to come to an end,to close,to be sunk in (e.g. despair),to be lost in (e.g. thought),to be overcome with","","1514960"
"店","店[みせ]","みせ","1","644","0","store,shop,establishment,restaurant","","1582120"
"必要とする","必[ひつ]要[よう]とする","ひつようとする","1","3358","","to need,to call for,to require","","2139640"
"つきつける","つきつける","つきつける","1","26861","4","to thrust (at someone),to stick,to point (a gun)","","1456850"
"商店","商[しょう]店[てん]","しょうてん","1","14062","1","shop,store,firm","","1347180"
"譲渡","譲[じょう]渡[と]","じょうと","1","12786","1","transfer,assignment,conveyance","","1357040"
"書","書[しょ]","しょ","1","5586","1,2","book,document,calligraphy (esp. Chinese),penmanship,handwriting,letter,note","","2037940"
"ありえない","ありえない","ありえない","1","3440","","impossible,unthinkable,unbelievable,ridiculous,absurd","","2109610"
"魔","魔[ま]","ま","1","4088","0,1","demon,devil,evil spirit,evil influence,-crazed person,-obsessed person,fiend,dreaded,terrible,awful,dreadful","","1633990"
"生息","生[せい]息[そく]","せいそく","1","13305","0","inhabiting,living","","1379220"
"愛人","愛[あい]人[じん]","あいじん","1","8848","0","lover,mistress","","1150870"
"迫る","迫[せま]る","せまる","1","1576","2","to approach,to draw near,to be imminent,to press (someone for something),to urge,to compel","","1475720"
"間違いなく","間[ま]違[ちが]いなく","まちがいなく","1","1663","","clearly,unmistakably,certainly,without a doubt","","2748410"
"圏","圏[けん]","けん","1","20112","1","sphere,circle,range,area,zone,bloc,category","","1257080"
"足を踏み入れる","足[あし]を踏[ふ]み入[い]れる","あしをふみいれる","1","5124","","to set foot into,to enter,to step inside,to cross the threshold","","2831426"
"激変","激[げき]変[へん]","げきへん","1","30066","0","sudden change,upheaval","","1608340"
"受信","受[じゅ]信[しん]","じゅしん","1","11820","0","receiving (a message, letter, email, etc.),reception (radio, TV, etc.)","","1329810"
"ひょっとすると","ひょっとすると","ひょっとすると","1","12507","","perhaps,maybe,possibly","","1010650"
"柄","柄[がら]","がら","1","3734","2","pattern,design,body build,figure,physique,essential qualities,character,nature,appropriate to,fitting of,suitable for","","1508300"
"のこのこ","のこのこ","のこのこ","1","11816","1","unconcernedly,nonchalantly,shamelessly,brazenly","","1009920"
"といった","といった","といった","1","2313","","such ... as,or some such","","2540200"
"笑顔","笑[え]顔[がお]","えがお","1","874","1","smiling face,smile","","1351400"
"打ち込む","打[う]ち込[こ]む","うちこむ","1","4522","0,3","to drive in (a nail, stake, etc.),to hammer in,to hit (a ball, etc.),to drive,to smash,to fire into,to shoot into,to input (data),to enter,to devote oneself to,to be absorbed in,to be (really) into,to be enthusiastic about,to put heart and soul into,to throw oneself into,to go head over heels for,to practice hitting (baseball, tennis, etc.),to hit (an opponent in kendo, boxing, etc.),to get a blow in,to invade one's opponent's territory,to place a stone in an opponent's formation,to pour (concrete, etc.) into a form","","1581440"
"際","際[さい]","さい","1","1478","2","occasion,time,circumstances,(in) case (of),when","","1296300"
"ぶちまける","ぶちまける","ぶちまける","1","6181","4,0","to dump (e.g. onto the floor),to empty by overturning,to throw out (the contents),to tell everything,to open one's heart,to reveal (a secret, the truth, etc.),to vent (e.g. one's anger)","","1011150"
"楽","楽[らく]","らく","1","935","1,0","comfort,ease,relief,(at) peace,relaxation,easy,simple,without trouble,without hardships,(economically) comfortable,raku pottery,sukha (happiness)","","1207230"
"相当","相[そう]当[とう]","そうとう","1","1135","0","corresponding to (in meaning, function, etc.),being equivalent to,appropriate,suitable,befitting,proportionate,to be proportionate to,to be in keeping with,to be deserving of,to be worthy of,considerable,substantial,considerably,rather,quite,fairly,pretty","","1401240"
"ずつ","ずつ","ずつ","1","1207","0","apiece,each,at a time,piecemeal","","2006560"
"長女","長[ちょう]女[じょ]","ちょうじょ","1","12146","1","eldest daughter,first-born daughter","","1430040"
"亡くす","亡[な]くす","なくす","1","4789","0","to lose (through death; e.g. a wife, child)","","2835808"
"精","精[せい]","せい","1","5503","1","spirit,sprite,nymph,energy,vigor (vigour),strength,fine details,semen","","1379850"
"権限","権[けん]限[げん]","けんげん","1","6244","3","power,authority,jurisdiction","","1258130"
"察知","察[さっ]知[ち]","さっち","1","6222","1,0","to sense,to infer,to gather,to pick up on,to get wind of,to perceive","","1298750"
"引き返す","引[ひ]き返[かえ]す","ひきかえす","1","3899","3","to turn back,to go back,to come back,to return,to retrace one's steps","","1169140"
"兄上","兄[あに]上[うえ]","あにうえ","1","16420","2","older brother","","1982360"
"願い","願[ねが]い","ねがい","1","1749","2","desire,wish,hope,request,entreaty,plea,appeal,prayer,(written) application","","1217900"
"フッ","フッ","フッ","1","571","","hah (derisively),pooh,pfft (of something disappearing),poof,huff,puff","","2558020"
"身を立てる","身[み]を立[た]てる","みをたてる","1","48686","","to make a success in life","","1911020"
"そんだけ","そんだけ","そんだけ","1","11277","","that much,as much,to that extent,only that,that alone,no more than that","","2065380"
"まじめ","まじめ","まじめ","1","10257","3","serious,earnest,sober,grave,honest,sincere","","1364360"
"今すぐ","今[いま]すぐ","いますぐ","1","1063","","at once,immediately,right now","","2026850"
"一石二鳥","一[いっ]石[せき]二[に]鳥[ちょう]","いっせきにちょう","1","11840","0,5","killing two birds with one stone","","1164160"
"叶える","叶[かな]える","かなえる","1","3824","3","to grant (request, wish),to answer (prayer),to make come true (e.g. a dream),to realize,to fulfill","","1208880"
"っきり","っきり","っきり","1","4981","","only,just,(ever) since,after,continuously,remaining (in a particular state)","","2253310"
"反射神経","反[はん]射[しゃ]神[しん]経[けい]","はんしゃしんけい","1","21277","4","reflexes","","1945490"
"質問","質[しつ]問[もん]","しつもん","1","1042","0","question,inquiry,enquiry","","1320760"
"真打ち","真[しん]打[う]ち","しんうち","1","35494","1,0","main performer,star performer,headliner,rakugo storyteller of the highest rank","","1364130"
"前に","前[まえ]に","まえに","1","993","1,0","ahead,before,ago","","1392590"
"お話し","お話[はな]し","おはなし","1","4694","0","story,tale,talk,discussion","","2581590"
"可能性","可[か]能[のう]性[せい]","かのうせい","1","685","0","possibility,chance,likelihood,probability,potential,potentiality,promise,possibility (modal property of a proposition containing no logical contradiction)","","1191080"
"に加えて","に加[くわ]えて","にくわえて","1","12870","","in addition","","1009720"
"薄まる","薄[うす]まる","うすまる","1","21116","3,0","to become weak","","1609280"
"云々","云[うん]々[ぬん]","うんぬん","1","11878","0","and so on,and so forth,et cetera,and such,and the like,comment,criticism","","1588630"
"手だれ","手[て]だれ","てだれ","1","49465","3,0","mastery,skillfulness,dexterity,master hand,expert","","2848459"
"省く","省[はぶ]く","はぶく","1","10624","2","to omit,to leave out,to exclude,to eliminate,to curtail,to save,to cut down,to economize,to economise","","1351040"
"その日","その日[ひ]","そのひ","1","1294","3","that day,the very same day","","2002320"
"取り戻す","取[と]り戻[もど]す","とりもどす","1","1246","4,0","to take back,to get back,to regain,to recover,to restore,to recoup","","1326940"
"真ん中","真[ま]ん中[なか]","まんなか","1","2639","0","middle,centre,center,midpoint,heart","","1604350"
"実年齢","実[じつ]年[ねん]齢[れい]","じつねんれい","1","29768","","actual age,true age","","2595900"
"存在感","存[そん]在[ざい]感[かん]","そんざいかん","1","6409","3","(sense of) presence","","2084050"
"それはそれとして","それはそれとして","それはそれとして","1","11466","","putting that aside,that said,apart from that,anyway,be that as it may","","2839953"
"真犯人","真[しん]犯[はん]人[にん]","しんはんにん","1","13280","3","the real criminal,true culprit","","1884230"
"実","実[じつ]","じつ","1","1775","1","truth,reality,sincerity,honesty,fidelity,content,substance,(good) result","","1320800"
"う","う","う","1","2488","1","yes,all right,OK,okay","","2603520"
"監視者","監[かん]視[し]者[しゃ]","かんししゃ","1","43695","","guardian","","1213690"
"風情","風[ふ]情[ぜい]","ふぜい","1","6589","1,0","taste,elegance,charm,appearance,air,the likes of ...,lowly people such as ...","","1499900"
"廊下","廊[ろう]下[か]","ろうか","1","2106","0","corridor,hallway,passageway","","1560670"
"歩く","歩[ある]く","あるく","1","408","2","to walk","","1514320"
"荷が重い","荷[に]が重[おも]い","にがおもい","1","12378","","to have a lot on one's shoulders,to bear a lot of responsibility","","2133020"
"誰一人","誰[だれ]一人[ひとり]","だれひとり","1","12592","1,4","(not) anyone,(not) a single person,no one,nobody","","2652170"
"葬儀","葬[そう]儀[ぎ]","そうぎ","1","10827","1","funeral,funeral service","","1402140"
"翌日","翌[よく]日[じつ]","よくじつ","1","2750","4,0","next day","","1547510"
"義母","義[ぎ]母[ぼ]","ぎぼ","1","21259","1","mother-in-law,foster mother,step mother","","1225880"
"義妹","義[ぎ]妹[まい]","ぎまい","1","32521","0","sister-in-law (spouse's younger sister or younger brother's wife),younger stepsister,younger adopted sister,non-blood-related younger sister","","1225890"
"招く","招[まね]く","まねく","1","2338","2","to invite,to ask,to beckon,to wave someone in,to gesture to,to call in,to send for,to summon,to bring on oneself,to cause,to incur,to lead to,to result in","","1349590"
"粗略","粗[そ]略[りゃく]","そりゃく","1","78529","0","coarse,crude,rough","","1749870"
"扱う","扱[あつか]う","あつかう","1","1096","0,3","to deal with (a person),to treat,to handle,to take care of,to entertain,to deal with (a problem),to handle,to manage,to operate (e.g. a machine),to handle,to work,to deal in,to sell,to cover (a topic),to treat,to discuss,to take up,to treat A as B,to mediate (an argument),to be too much for one,to find unmanageable,to gossip","","1153440"
"的確","的[てき]確[かく]","てきかく","1","5188","0","accurate,precise,exact,appropriate,apt,right","","1437290"
"掃除","掃[そう]除[じ]","そうじ","1","1475","0","cleaning,sweeping,dusting,scrubbing","","1399790"
"醍醐味","醍[だい]醐[ご]味[み]","だいごみ","1","14272","3,0","the real pleasure (of something),the real thrill,the true charm,flavour of ghee,delicious taste,Buddha's gracious teachings","","1415460"
"だよねー","だよねー","だよねー","1","6036","","it is, isn't it?,I know, right?,innit?","","2733410"
"わく","わく","わく","1","5529","0","to grow hot (e.g. water),to boil,to get excited (at),to erupt (in applause, cheering, etc.),to be in a ferment,to take place energetically,to ferment,to melt (of metal)","","1606680"
"呪文","呪[じゅ]文[もん]","じゅもん","1","6256","0","spell,charm,incantation,magic words","","1330160"
"謎","謎[なぞ]","なぞ","1","1503","0","riddle,puzzle,enigma,mystery,enigmatic,mysterious","","1459690"
"引き起こす","引[ひ]き起[お]こす","ひきおこす","1","4954","4","to cause,to induce,to bring about,to provoke,to pull upright,to help up (e.g. a fallen person)","","1168880"
"捜索隊","捜[そう]索[さく]隊[たい]","そうさくたい","1","33202","0","search party","","1835310"
"ひい","ひい","ひい","1","5686","1,2","one,one","","2821500"
"蜂","蜂[はち]","はち","1","17641","0","bee,wasp,hornet","","1517840"
"群れ","群[む]れ","むれ","1","5069","2","group,crowd,flock,herd,bevy,school,swarm,cluster (e.g. of stars),clump,pack (e.g. of dogs)","","1247510"
"編成","編[へん]成[せい]","へんせい","1","12109","0","composition,formation,organization,organisation,compilation","","1512040"
"溶鉱炉","溶[よう]鉱[こう]炉[ろ]","ようこうろ","1","50241","3","smelting furnace,blast furnace","","1546130"
"落とす","落[お]とす","おとす","1","756","2","to drop,to lose,to let fall,to shed (light),to cast (one's gaze),to pour in (liquid),to leave behind,to clean off (dirt, makeup, paint, etc.),to remove (e.g. stains or facial hair),to lose,to spend money at a certain place,to omit,to leave out,to secretly let escape,to lose (a match),to reject (an applicant),to fail (a course),to defeat (in an election),to lower (e.g. shoulders or voice),to lessen (e.g. production or body weight),to worsen (quality),to reduce (e.g. rank or popularity),to speak badly of,to make light of,to fall into straitened circumstances,to fall into (e.g. a dilemma or sin),to make one's own,to have one's bid accepted,to force surrender,to take (e.g. an enemy camp or castle),to forcefully convince,to press for a confession,to deal with,to download,to copy from a computer to another medium,to make someone swoon (judo),to finish a story (e.g. with the punch line),to finish (a period, e.g. of fasting),to win over,to seduce,to conquer (unwillingness)","","1589260"
"受け入れる","受[う]け入[い]れる","うけいれる","1","1192","4,0","to accept,to receive,to agree","","1329670"
"横","横[よこ]","よこ","1","1551","0","horizontal (as opposed to vertical),side-to-side (as opposed to front-to-back),width,breadth,side (of a box, etc.),beside,aside,next to,unconnected","","1180570"
"黄色い","黄[き]色[いろ]い","きいろい","1","5550","0","yellow,high-pitched (voice),shrill","","1182030"
"魔法少女","魔[ま]法[ほう]少[しょう]女[じょ]","まほうしょうじょ","1","21952","4","magical girl (in anime, manga, etc.),girl with magical powers,young witch","","2209700"
"仲よし","仲[なか]よし","なかよし","1","22347","2","close friendship,close friend,good friend,bosom buddy,chum,pal,intimate relations,sexual intercourse,sex","","1426100"
"関西弁","関[かん]西[さい]弁[べん]","かんさいべん","1","25368","0","Kansai dialect","","1215920"
"申し訳ありません","申[もう]し訳[わけ]ありません","もうしわけありません","1","1412","","I'm sorry,(it's) inexcusable,thank you very much (for help, etc.)","","1612030"
"まつわる","まつわる","まつわる","1","10340","3","to coil around,to follow about,to be related to,to concern,to be associated with","","1440940"
"知識","知[ち]識[しき]","ちしき","1","2085","1","knowledge,information","","1420590"
"存じ上げる","存[ぞん]じ上[あ]げる","ぞんじあげる","1","16296","5,0","to know (someone),to think,to believe","","2012040"
"なんでもいい","なんでもいい","なんでもいい","1","5015","","it doesn't matter what,anything is fine","","2120370"
"さまよう","さまよう","さまよう","1","6182","3","to loiter,to putter,to prowl,to wander about,to roam about,to knock around","","1566730"
"だっけ","だっけ","だっけ","1","1487","","was it?,I think it was ...,if I've got it right,if I'm not mistaken,remind me,tell me again,(I, we) used to ...,I remember ...,it was ...","","2131200"
"何にしても","何[なん]にしても","なんにしても","1","22596","","even so,anyhow,at any rate","","1009520"
"散々","散[さん]々[ざん]","さんざん","1","3736","0","thoroughly,completely,utterly,severely,harshly,terribly,miserably,wretchedly,badly,scattered,disconnected,dispersed,smashed into tiny pieces","","1593980"
"一刻も早く","一[いっ]刻[こく]も早[はや]く","いっこくもはやく","1","3779","","immediately,as soon as possible,as quickly as possible","","1162510"
"もっとも","もっとも","もっとも","1","2930","3,1","but then,although,though,reasonable,natural,just","","1535810"
"自分の力","自[じ]分[ぶん]の力[ちから]","じぶんのちから","1","4772","","one's own strength or effort,(by) oneself","","2034500"
"それはそうと","それはそうと","それはそうと","1","10532","","anyway,by the way,incidentally,well,to change the subject","","1982230"
"途方に暮れる","途[と]方[ほう]に暮[く]れる","とほうにくれる","1","10430","","to be at a loss,to be puzzled","","1854560"
"やっかい","やっかい","やっかい","1","6957","1","trouble,burden,nuisance,bother,worry,care,dependence,support,kindness,obligation,staying (with a person)","","1537820"
"方針","方[ほう]針[しん]","ほうしん","1","4169","0","policy,course,plan (of action),principle,magnetic needle","","1517040"
"さる","さる","さる","1","5333","1","to leave,to go away,to pass,to elapse,to be distant,to send away,to drive off,to divorce,to (do) completely,last ... (e.g. ""last April"")","","1231650"
"舞台","舞[ぶ]台[たい]","ぶたい","1","2595","1","stage (of a theatre, concert hall, etc.),stage performance,stage production,theatrical production,play,show,setting (of a story),scene,sphere (of activity),stage (e.g. political stage),scene,arena,world","","1499150"
"全寮制","全[ぜん]寮[りょう]制[せい]","ぜんりょうせい","1","36277","0","system where all students live in dormitories,residential system,boarding system (e.g. boarding school)","","1824230"
"素直","素[す]直[なお]","すなお","1","966","1","obedient,meek,docile,unaffected,honest,frank,upfront (about one's feelings),straight (e.g. hair),without peculiarity,without mannerisms,standard,neat (e.g. handwriting)","","1397340"
"生活を送る","生[せい]活[かつ]を送[おく]る","せいかつをおくる","1","6643","","to lead a life,to live a life","","2436050"
"変更","変[へん]更[こう]","へんこう","1","2226","0","change,modification,alteration,revision,amendment","","1511040"
"時期","時[じ]期[き]","じき","1","1400","1","time,season,period,phase,stage","","1316040"
"全力を尽くす","全[ぜん]力[りょく]を尽[つ]くす","ぜんりょくをつくす","1","9495","","to do one's best,to put forth every effort","","2831547"
"ぶちかます","ぶちかます","ぶちかます","1","18528","4,0","to ram one's opponent head-first in the initial charge,to punch hard,to hit hard","","1408640"
"腕自慢","腕[うで]自[じ]慢[まん]","うでじまん","1","52147","3","pride in one's strength or skill","","1665080"
"周辺","周[しゅう]辺[へん]","しゅうへん","1","2864","0","circumference,outskirts,environs,around,in the area of,in the vicinity of,(computer) peripheral","","1331300"
"それどころか","それどころか","それどころか","1","3906","3","on the contrary,far from it,if anything,in fact,instead","","1007020"
"瞳","瞳[ひとみ]","ひとみ","1","2082","0","pupil (of the eye),one's eyes","","1453900"
"星","星[ほし]","ほし","1","1441","0","star (usu. excluding the Sun),planet (usu. excluding Earth),heavenly body,star (glyph, symbol, shape),asterisk,star (actor, player, etc.),dot,spot,fleck,bullseye,perp,perpetrator,culprit,offender,suspect,one's star (that determines one's fate),one's fortune,point,score,star point (intersection marked with a dot),hoshi,(pyrotechnic) star","","1376310"
"きらめき","きらめき","きらめき","1","26848","0,4","glitter,glimmer,sparkle,twinkle,twinkling,glistening","","1569030"
"男の子","男[おとこ]の子[こ]","おとこのこ","1","1581","3","boy,son,baby boy,young man","","1420010"
"心に誓う","心[こころ]に誓[ちか]う","こころにちかう","1","17637","","to vow to oneself,to promise oneself","","2854457"
"ご存じのとおり","ご存[ぞん]じのとおり","ごぞんじのとおり","1","28312","","as you know,as you are aware","","2864843"
"今も","今[いま]も","いまも","1","1520","","still,even now","","2851484"
"何のこと","何[なん]のこと","なんのこと","1","3566","","what,what sort of thing,something out of the ordinary,something unusual,what the heck,holy cow!","","2861218"
"巻き","巻[ま]き","まき","1","19387","1","roll (e.g. of cloth),winding (e.g. watch),volume (of book),speeding up,heel (of a Japanese sandal)","","1211140"
"意外","意[い]外[がい]","いがい","1","736","0,1","unexpected,surprising","","1156410"
"取り巻き","取[と]り巻[ま]き","とりまき","1","18146","0","followers,hangers-on","","1707670"
"校舎裏","校舎裏[こうしゃうら]","こうしゃうら","1","26579","","area behind a school building (often assoc. with bullying, smoking, etc.)","","2859300"
"勘弁","勘[かん]弁[べん]","かんべん","1","1693","1","pardon,forgiveness,forbearance","","1210870"
"何もない","何[なに]もない","なにもない","1","1119","","there is nothing,having nothing","","2179900"
"週","週[しゅう]","しゅう","1","4178","1","week","","1333450"
"休養","休[きゅう]養[よう]","きゅうよう","1","17098","0","rest,relaxation,recreation,recuperation,convalescence","","1228100"
"余分","余[よ]分[ぶん]","よぶん","1","12142","0","extra,excess,surplus","","1544520"
"向こう","向[む]こう","むこう","1","540","2,0","opposite side,other side,over there,ahead,beyond,(in the) distance,far away,far off,destination,there (somewhere distant, esp. abroad),the other party,the other side,from now,next (e.g. two weeks),coming ...,from ... onwards","","1277140"
"仕送り","仕[し]送[おく]り","しおくり","1","20202","0","allowance,remittance,sending (someone) an allowance","","1305220"
"生き物","生[い]き物[もの]","いきもの","1","2170","3,2","living thing,living creature,animal,life","","1378590"
"高貴","高[こう]貴[き]","こうき","1","10658","1","noble,high and noble,exalted,noble (character),refined,dignified,precious,expensive,valuable","","1283380"
"声がする","声[こえ]がする","こえがする","1","4817","","to speak,to hear a voice","","2836367"
"禁じる","禁[きん]じる","きんじる","1","4719","0,3","to forbid,to ban,to prohibit,to suppress (a feeling, laughter, etc.),to hold back (e.g. tears)","","1241470"
"謀殺","謀[ぼう]殺[さつ]","ぼうさつ","1","50669","0","premeditated murder,deliberate murder,willful murder,wilful murder","","1603650"
"なんでもない","なんでもない","なんでもない","1","2010","5","easy,trifling,harmless,of no concern,nothing,nothing of the sort,not at all","","1188400"
"幽閉","幽[ゆう]閉[へい]","ゆうへい","1","19239","0","confinement,imprisonment,incarceration","","1540540"
"暗殺","暗[あん]殺[さつ]","あんさつ","1","8326","0","assassination","","1154520"
"いろんな","いろんな","いろんな","1","1097","0","various,a variety of,all sorts of,many (different)","","1609270"
"初対面","初[しょ]対[たい]面[めん]","しょたいめん","1","4256","2","first meeting,first interview with","","1342890"
"立ちっぱなし","立[た]ちっぱなし","たちっぱなし","1","36261","","standing on one's feet for a long time","","2394740"
"言うことを聞く","言[い]うことを聞[き]く","いうことをきく","1","5292","","to do what one is told to,to take someone's advice,to listen to what someone says","","2033700"
"ご存じ","ご存[ぞん]じ","ごぞんじ","1","2017","2","knowing,being aware (of),(an) acquaintance","","1593570"
"説教","説[せっ]教[きょう]","せっきょう","1","3289","3,1,0","sermon,preaching,homily,remonstration,scolding,lecturing","","1386430"
"はべる","はべる","はべる","1","33206","2","to wait upon,to serve","","1314800"
"利く","利[き]く","きく","1","2997","0","to be effective,to take effect,to be good (for),to work,to function well,to be possible (to do, use, etc.),to be able to,to taste (alcohol),to try","","1591100"
"いけすかない","いけすかない","いけすかない","1","46666","4,0","nasty,disgusting,detestable,unpleasant,disagreeable,creepy","","2007280"
"核心","核[かく]心[しん]","かくしん","1","11947","0","core,heart (of the matter),point,crux,kernel","","1205590"
"ほだす","ほだす","ほだす","1","28140","2","to fetter,to shackle,to bind","","2833307"
"つつある","つつある","つつある","1","7079","","to be doing,to be in the process of doing","","2027910"
"化けの皮をはぐ","化[ば]けの皮[かわ]をはぐ","ばけのかわをはぐ","1","99507","","to unmask (someone's true nature)","","1186700"
"贅沢","贅[ぜい]沢[たく]","ぜいたく","1","4618","3,4","luxury,extravagance,to live in luxury,to indulge oneself,lavish (use of something),abundant,copious,wasteful,excessive (e.g. demands, expectations)","","1573150"
"私服","私[し]服[ふく]","しふく","1","7506","0","ordinary clothes (i.e. non-uniform),plain clothes,civilian clothes,casual wear,mufti,plainclothes police officer","","1658300"
"安っぽい","安[やす]っぽい","やすっぽい","1","11624","4","cheap-looking,tawdry,insignificant","","1153680"
"寝間着","寝[ね]間[ま]着[き]","ねまき","1","17881","0","nightclothes,nightwear,sleepwear,pyjamas,pajamas,nightgown,nightdress","","1360040"
"状","状[じょう]","じょう","1","4859","1,0","form,shape,appearance,state,condition,circumstances,letter,correspondence","","1356690"
"近所","近[きん]所[じょ]","きんじょ","1","2204","1","neighbourhood,neighborhood,vicinity","","1242350"
"野良猫","野良猫[ノラネコ]","ノラネコ","1","16099","0","stray cat,alley cat","","1537690"
"応用","応[おう]用[よう]","おうよう","1","8203","0","(practical) application,putting to practical use,applied (e.g. physics, linguistics, research)","","1180060"
"心遣い","心[こころ]遣[づか]い","こころづかい","1","11036","4","consideration (for),thoughtfulness,solicitude,care,watchfulness,concern,sympathy","","1360660"
"長居","長[なが]居[い]","ながい","1","6923","0,2,3","long visit,overstaying","","1429920"
"今日のところは","今日[きょう]のところは","きょうのところは","1","5878","","for today,for the time being","","2838606"
"まします","まします","まします","1","25891","2","to be","","2736250"
"くー","くー","くー","1","2674","1","phew,whew","","2837010"
"いくらでも","いくらでも","いくらでも","1","2242","1,4","as many as one likes,as much as one likes,great many,plenty,to any degree,in unlimited quantities,any amount (of),any number (of),almost (none),(not) much,no matter how much,no matter how big or small","","1858120"
"抵触","抵[てい]触[しょく]","ていしょく","1","31401","0","infringement (of a law, treaty, etc.),contravention,running afoul,conflict (with a theory, claim, etc.),inconsistency,incompatibility,contradiction,collision,contact,touching","","1436280"
"それ以来","それ以[い]来[らい]","それいらい","1","5606","","since then,from that time,ever since","","1007090"
"迷子になる","迷子[まいご]になる","まいごになる","1","6749","","to get lost,to become lost,to go astray","","2759930"
"名づける","名[な]づける","なづける","1","17204","3","to name,to call,to christen,to term","","1531790"
"それはそれは","それはそれは","それはそれは","1","6033","","My goodness (expresses surprise, wonder, etc.),very,extremely","","2261800"
"容器","容[よう]器[き]","ようき","1","10615","1","container,receptacle,vessel,packaging","","1545370"
"ぎっしり","ぎっしり","ぎっしり","1","14926","3","tightly (packed),densely,closely,crammed","","1003590"
"２番目","２[に]番[ばん]目[め]","にばんめ","1","15258","4","second (in a series)","","1463020"
"とんだ","とんだ","とんだ","1","3612","0","unexpected,unlikely,strange,terrible,awful,horrible,serious,outrageous,very,extremely","","1008770"
"尻軽女","尻[しり]軽[がる]女[おんな]","しりがるおんな","1","62004","","promiscuous woman,wanton girl","","1358770"
"１年","１[いち]年[ねん]","いちねん","1","1944","2","one year,some time ago","","1576280"
"たぎる","たぎる","たぎる","1","15930","2","to boil,to seethe,to roil (e.g. waterfall, torrent),to foam,to cascade down,to well up (of emotions),to overflow (e.g. fighting spirit),to seethe (esp. blood)","","2008790"
"ある日","ある日[ひ]","あるひ","1","2134","1","one day,(on) a certain day","","1153630"
"詰まる","詰[つ]まる","つまる","1","2716","2","to be packed (with),to be filled,to be full (e.g. of a schedule),to be blocked (of a pipe, nose, etc.),to be clogged,to be stopped up,to be become shorter,to shrink,to narrow,to be at a loss (for),to be pressed (for),to be stuck (for),to come to the end,to be settled,to become a geminate consonant,to hit the bat close to the batter's hands (of a pitch),to hit off the fists,to get jammed","","1226480"
"第３","第[だい]３[さん]","だいさん","1","4756","1","third","","1623520"
"られる","られる","られる","1","1336","","indicates passive voice (incl. the ""suffering passive""),indicates the potential form,indicates spontaneous occurrence,used as an honorific for others' actions","","2568000"
"お出まし","お出[で]まし","おでまし","1","14886","0","presence,appearance,attendance,visit,going out","","1985040"
"見物","見[けん]物[ぶつ]","けんぶつ","1","6641","3","sightseeing,watching,viewing,sightseer,spectator,viewer,onlooker","","1260000"
"無礼者","無[ぶ]礼[れい]者[もの]","ぶれいもの","1","17658","","insolent fellow,rude fellow","","1947440"
"働き","働[はたら]き","はたらき","1","4223","0","work,labor,labour,achievement,performance,ability,talent,salary,income,earnings,action,activity,workings,function,operation,movement,motion,conjugation,inflection","","1451040"
"魔法的","魔[ま]法[ほう]的[てき]","まほうてき","1","46008","0","magic","","1524250"
"狼藉","狼[ろう]藉[ぜき]","ろうぜき","1","25903","0","disorder,confusion,violence,outrage,riot","","1560970"
"肉体","肉[にく]体[たい]","にくたい","1","3087","0","the body,the flesh,the outer man,one's physique","","1463650"
"格","格[かく]","かく","1","8949","0,2","status,position,rank,method,way,style,rule,regulation,law,case,figure (form of a syllogism)","","1205270"
"なんだこれは","なんだこれは","なんだこれは","1","9177","","what on Earth is this?","","2557290"
"どく","どく","どく","1","3880","1","to do something in readiness for,to get something (needful) done","","2108590"
"そい","そい","そい","1","14028","1","act,deed,one's doing,cause,reason","","1343140"
"魔族","魔[ま]族[ぞく]","まぞく","1","24975","","class of demons,demonic race,family of demons","","2235500"
"へいへい","へいへい","へいへい","1","8350","1","yes,sure,gotcha,sycophantically,servilely,fawningly","","2837017"
"大ごと","大[おお]ごと","おおごと","1","17672","1,3,0","serious matter,major incident,matter of grave concern,crisis","","2833293"
"渡す","渡[わた]す","わたす","1","486","0","to ferry across (e.g. a river),to carry across,to traverse,to lay across,to build across,to hand over,to hand in,to pass,to give,to transfer","","1444610"
"いざというとき","いざというとき","いざというとき","1","15393","","at the critical moment,when the time comes,when it's most important,when necessary,in an emergency,when push comes to shove","","2136150"
"としても","としても","としても","1","681","","even if ...,even supposing that ...,also as ...,also for ...,also from the position of ...","","1008600"
"連続","連[れん]続[ぞく]","れんぞく","1","2278","0","continuation,succession,series,sequence,continuous","","1559610"
"天","天[てん]","てん","1","1992","1","sky,heaven,God,svarga (heaven-like realm visited as a stage of death and rebirth),deva (divine being of Buddhism),top (of a book),sole (of a Japanese sandal),beginning,start,tempura,India","","1438210"
"神","神[かみ]","かみ","1","1218","1","god,deity,divinity,spirit,kami,god-tier,incredible,fantastic,amazing,Emperor (of Japan),thunder","","1364440"
"はむかう","はむかう","はむかう","1","72912","3","to strike back at,to bite back,to turn on,to rise against,to oppose,to defy","","1601070"
"愚か者","愚[おろ]か者[もの]","おろかもの","1","8342","0","fool","","1828720"
"踊る","踊[おど]る","おどる","1","2146","0","to dance (orig. a hopping dance),to be manipulated,to dance to someone's tune","","1538440"
"あかつき","あかつき","あかつき","1","31196","0","dawn,daybreak,event (e.g. ""in the event of ...""),occasion,occurrence","","1239280"
"ごと","ごと","ごと","1","1285","0,1","each,every","","1524640"
"女","女[じょ]","じょ","1","2983","0,1","woman,girl,daughter,Chinese ""Girl"" constellation (one of the 28 mansions),feminine noun","","1344940"
"どうか","どうか","どうか","1","1174","1","please,if you would,would you mind,somehow or other,one way or another,whether (or not),if,strange,(something is) wrong,(something is) off","","1632200"
"許し","許[ゆる]し","ゆるし","1","5895","3","pardon,forgiveness,exemption,permission","","1232860"
"姫様","姫[ひめ]様[さま]","ひめさま","1","13439","1","princess,daughter of a nobleman","","1487960"
"なにとぞ","なにとぞ","なにとぞ","1","29703","0","please,kindly,I beg of you,if it pleases you,by all means,without fail","","1189140"
"前方","前[ぜん]方[ぽう]","ぜんぽう","1","4955","0,3","ahead,forward,(in) front,having a square front","","1394010"
"降臨","降[こう]臨[りん]","こうりん","1","14497","0","descent (to earth, esp. of a god),advent,epiphany,arrival (of an important person),appearance","","1282960"
"約定","約[やく]定[じょう]","やくじょう","1","37342","0","agreement,stipulation,contract","","1538140"
"破る","破[やぶ]る","やぶる","1","1886","2","to tear,to rip,to break,to destroy,to break through (cordon, opponent's defense, etc.),to breach,to defeat,to beat,to break (e.g. silence),to disturb (e.g. peace),to shatter (e.g. dream),to disrupt,to spoil,to violate (e.g. rule),to break (e.g. promise),to infringe,to break (a record)","","1471200"
"大いなる","大[おお]いなる","おおいなる","1","9348","1","big,large,great","","1231930"
"災い","災[わざわ]い","わざわい","1","8451","0","disaster,calamity,misfortune,trouble,woes","","1295080"
"降りかかる","降[ふ]りかかる","ふりかかる","1","8834","4","to fall (on),to rain down,to shower down,to befall,to happen (to)","","1602930"
"がく","がく","がく","1","12790","0,2","(picture) frame,framed picture,amount (esp. of money),sum","","1207500"
"記憶にない","記[き]憶[おく]にない","きおくにない","1","11598","","not in one's recollection,having no recollection (of),having no memory (of)","","2842023"
"なんとか","なんとか","なんとか","1","2063","1","something,something or other,so-and-so,somehow (handling, dealing with something),anyhow,one way or another","","1188420"
"粒","粒[つぶ]","つぶ","1","8312","1","grain,bead,drop,counter for small round objects including grains, seeds, pills, drops","","1552890"
"王様","王[おう]様[さま]","おうさま","1","6496","0","king","","1181700"
"伝わる","伝[つた]わる","つたわる","1","1092","0","to spread (of a rumour, news, etc.),to travel,to circulate,to go around,to be passed around,to become known,to be handed down (from generation to generation),to be passed down,to be introduced (to a country, region, etc.),to be brought,to come,to be conveyed (of a feeling, impression, etc.),to be felt,to come across,to travel (of sound, electricity, etc.),to propagate,to be conducted,to be transmitted,to go along,to move along","","1441900"
"氷柱","氷[ひょう]柱[ちゅう]","ひょうちゅう","1","33582","0","icicle,ice pillar (for cooling a room),ice","","1583430"
"旅立つ","旅[たび]立[だ]つ","たびだつ","1","5885","3","to begin a trip,to depart,to embark,to die,to pass away,to depart this life","","1553270"
"さらば","さらば","さらば","1","8222","1","farewell,goodbye,adieu,if so,in that case,then,and (then)","","2173520"
"幾度も","幾[いく]度[ど]も","いくども","1","15553","1","many times","","2138250"
"また会う日まで","また会[あ]う日[ひ]まで","またあうひまで","1","54380","","till we meet again","","1909520"
"８人","８[はち]人[にん]","はちにん","1","15972","2","eight people","","2862882"
"からになる","からになる","からになる","1","21811","","to become empty,to be emptied","","2770360"
"崩壊","崩[ほう]壊[かい]","ほうかい","1","3704","0","collapse,crumbling,breaking down,caving in,(radioactive) decay,disintegration","","1516280"
"背負う","背[せ]負[お]う","せおう","1","1661","0","to carry on one's back,to be burdened with,to take responsibility for,to have (something) in the background,to be in front (of something),to be conceited,to think highly of oneself","","1472860"
"素手で","素[す]手[で]で","すでで","1","9722","","empty-handed,barehanded,unarmed","","2832913"
"二度","二[ふた]度[たび]","ふたたび","1","3190","0","again,once more,a second time","","1292300"
"尖る","尖[とが]る","とがる","1","8945","3","to taper to a point,to become pointed,to become sharp,to be on edge,to be nervous,to be irritable,to be touchy,to be sharp (of a voice, words, etc.),to be harsh,to be angry,to look displeased,to look sour,to be provocative,to be radical,to be rebellious","","1389970"
"覗き見","覗[のぞ]き見[み]","のぞきみ","1","21186","0","peek,peeping,peeking","","1470820"
"姿","姿[すがた]","すがた","1","370","1","figure,form,shape,appearance,dress,guise,state,condition,picture,image,form (of a waka),dressed in ...,wearing ...","","1307710"
"野郎","野[や]郎[ろう]","やろう","1","1276","0,2","guy,fellow,chap,buddy,bastard,asshole,arsehole,son of a bitch","","1537700"
"遣う","遣[つか]う","つかう","1","12429","0","to use (a tool, method, etc.),to make use of,to put to use,to use (a person, animal, puppet, etc.),to employ,to handle,to manage,to manipulate,to use (time, money, etc.),to spend,to consume,to use (language),to speak","","1305990"
"きれい","きれい","きれい","1","933","1","pretty,lovely,beautiful,fair,clean,clear,pure,tidy,neat,completely,entirely","","1591900"
"匹敵","匹[ひっ]敵[てき]","ひってき","1","9359","0","to be a match for,to rival,to equal,to compare with,to be equivalent to","","1487250"
"にぎやか","にぎやか","にぎやか","1","6287","2","bustling,busy,crowded,lively,prosperous,thriving,lively (party, voices, etc.),loud,noisy,merry,cheerful","","1463480"
"じゃろ","じゃろ","じゃろ","1","12396","","seems,I think,I guess,right?,don't you agree?","","2850787"
"そう","そう","そう","1","40101","0,1","appearing that,seeming that,looking like,having the appearance of","","1006610"
"氷結","氷[ひょう]結[けつ]","ひょうけつ","1","34261","0","freezing,freezing over","","1489000"
"うん気","うん気[き]","うんき","1","37637","1","heat,warmth,sultriness","","2006020"
"座り方","座[すわ]り方[かた]","すわりかた","1","39086","","ways of sitting","","2536130"
"混戦","混[こん]戦[せん]","こんせん","1","32898","0","confused fight,free-for-all,melee,close contest,close match","","1290460"
"なんといっても","なんといっても","なんといっても","1","15970","1","after all is said and done,no matter what people say,in the end,definitely,undeniably","","2026590"
"知らない","知[し]らない","しらない","1","742","","unknown,strange,I don't care,that's irrelevant,whatever","","1420420"
"隣接","隣[りん]接[せつ]","りんせつ","1","17158","0","adjacency,contiguity,being adjoined","","1555870"
"商業都市","商[しょう]業[ぎょう]都[と]市[し]","しょうぎょうとし","1","73744","5","commercial city","","1346880"
"歩き続ける","歩[ある]き続[つづ]ける","あるきつづける","1","10422","6","to keep walking","","1857300"
"登録","登[とう]録[ろく]","とうろく","1","4179","0","registration,accession,register,entry,record,subscription","","1444810"
"抜く","抜[ぬ]く","ぬく","1","1268","0","to pull out,to draw out,to extract,to unplug,to weed,to omit,to leave out,to go without,to skip,to do to the end,to do thoroughly,to do completely,to do severely,to let out (e.g. air from a tyre),to drain (e.g. water from a bath),to empty,to pick out,to choose,to select,to extract,to pilfer,to steal,to remove,to get rid of,to take out,to pass,to overtake,to outstrip,to get ahead of,to pierce,to break through,to go through,to cut out (a shape),to create (a pattern) by dyeing the surrounding area,to seize,to capture,to reduce,to scoop (a story),to take out (an opponent's stones; in go),to masturbate (of a male),to ejaculate (while masturbating),to take (a photo),to record (video)","","1478190"
"舌","舌[した]","した","1","2268","2","tongue,tongue-like object,clapper (of a bell),talon (of a lock),reed (of a musical instrument)","","1387010"
"交流","交[こう]流[りゅう]","こうりゅう","1","4957","0","exchange (e.g. cultural),interchange,interaction,mingling,mixing,coming together,alternating current,AC","","1272580"
"奇襲","奇[き]襲[しゅう]","きしゅう","1","10308","0","surprise attack","","1219360"
"ついでに","ついでに","ついでに","1","1525","4,0","while (one is at it),when,on the occasion of,at the same time (as),on one's way (to),by the way,incidentally,in passing","","1008050"
"夜逃げ","夜[よ]逃[に]げ","よにげ","1","25000","3,0","running off in the night (to leave one's old life behind, e.g. to get away from debt),moonlight flit,skipping town overnight,upping and leaving under the cover of darkness,midnight vanishing act","","1537020"
"脱線","脱[だっ]線[せん]","だっせん","1","13997","0","derailment,digression,deviation","","1416560"
"切れる","切[き]れる","きれる","1","997","2","to break,to snap,to be cut,to split,to crack,to be injured,to wear out,to be worn out,to break,to burst,to collapse,to wear off,to stop working,to go dead,to expire (time limit, etc.),to run out,to become due,to run out (of stock, etc.),to be exhausted,to be used up,to be sold out,to be out of,to be broken off (e.g. of a relationship),to break up,to have severed ties,to be cut off,to be disconnected,to cut well,to be sharp,to be sharp-minded,to be keen,to be shrewd,to be quick-witted,to be able,to be short of,to drop under (a certain figure),to beat (e.g. a record time),to dry off,to curve,to veer,to shuffle (cards),to get angry,to snap,to blow one's top,to lose one's temper,to flip,to be able to do completely","","1384860"
"死活問題","死[し]活[かつ]問[もん]題[だい]","しかつもんだい","1","29568","4","matter of life or death,life-and-death problem","","1936500"
"迎撃","迎[げい]撃[げき]","げいげき","1","11271","0","intercept,interception,counter-attack","","1253230"
"無事に","無[ぶ]事[じ]に","ぶじに","1","5190","","safely,without incident,without mishap,successfully,in peace,peacefully,quietly","","1530040"
"遂行","遂[すい]行[こう]","すいこう","1","8083","0","accomplishment,execution","","1372640"
"素早い","素[す]早[ばや]い","すばやい","1","3742","3","quick,swift,nimble,agile,quick (understanding, judgement, etc.),alert,prompt","","1397310"
"二手","二[ふた]手[て]","ふたて","1","11265","3,0,2","two groups,two bands","","1461970"
"言いすぎる","言[い]いすぎる","いいすぎる","1","20757","4","to talk or say too much,to go too far,to overstate,to exaggerate","","1848440"
"分かれる","分[わ]かれる","わかれる","1","2917","3","to branch,to fork,to diverge,to separate,to split,to divide,to disperse,to scatter","","1606600"
"演劇","演[えん]劇[げき]","えんげき","1","12399","0","drama,theatre,theater,play","","1176860"
"まね","まね","まね","1","3995","0","imitating,copying,mimicry,behavior,behaviour,action,conduct","","1363740"
"絞り込む","絞[しぼ]り込[こ]む","しぼりこむ","1","17331","4","to squeeze,to wring out,to narrow down,to refine","","1982810"
"迎えに来る","迎[むか]えに来[く]る","むかえにくる","1","3088","","to come to meet (someone),to come to pick up","","2037260"
"どこどこ","どこどこ","どこどこ","1","14980","1,0","such-and-such a place","","2818770"
"後方","後[こう]方[ほう]","こうほう","1","5382","0,3","rear,back,behind","","1270100"
"おかえり","おかえり","おかえり","1","1536","0","return,welcome home","","1612780"
"いい子にする","いい子[こ]にする","いいこにする","1","15639","","to behave well (of a child)","","2846669"
"注意","注[ちゅう]意[い]","ちゅうい","1","1424","1","attention,notice,heed,care,caution,precaution,looking out (for),watching out (for),advice,warning,caution,reminder,admonishment,reprimand,telling-off","","1426530"
"じゃ","じゃ","じゃ","1","267","0","then,well,so,well then","","1005900"
"こんにちは","こんにちは","こんにちは","1","976","4","hello,good day,good afternoon","","1289400"
"甘えん坊","甘[あま]えん坊[ぼう]","あまえんぼう","1","12916","0","wheedling child,spoiled child,pampered child,child who always demands attention","","1790040"
"土","土[つち]","つち","1","3022","2","earth,soil,dirt,clay,mud,the earth (historically, esp. as opposed to the heavens),the ground,the land,low-quality torinoko-gami (containing mud),(period of) refraining from construction in the direction of the god of the earth (in Onmyōdō)","","1445270"
"出払う","出[で]払[はら]う","ではらう","1","21960","3,0","to be all out (e.g. of people),to be all elsewhere,to be all in use (e.g. of cars),to be sold out,to have none left","","1340270"
"そしたら","そしたら","そしたら","1","930","","then,and (then),in that case,if so","","2856217"
"柱","柱[はしら]","はしら","1","4417","0","pillar,post,support,prop,mainstay,counter for buddhas, gods, nobles, etc.","","1426480"
"届ける","届[とど]ける","とどける","1","1401","3","to deliver,to forward,to send,to report,to notify,to file notice (to the authorities),to give notice,to register","","1457210"
"はっちゃ","はっちゃ","はっちゃ","1","81576","","oof,whoops,eek","","2864773"
"槍","槍[やり]","やり","1","6339","0","spear,lance,javelin,lance,jeering","","1400500"
"せめても","せめても","せめても","1","7686","1","at the very least,at the very most,as a bare minimum,(even if it's) just,minimum,(very) least,at least some (comfort, etc.),only (consolation, saving grace, etc.),sole","","2844796"
"小さめ","小[ちい]さめ","ちいさめ","1","17707","0","smallish,on the small side","","2086650"
"楽しむ","楽[たの]しむ","たのしむ","1","629","3","to enjoy,to take pleasure in,to have a good time,to have fun,to amuse oneself,to look forward to","","1207270"
"急いで","急[いそ]いで","いそいで","1","1209","","hurriedly,in haste,in a rush,quickly,hurry up!,quickly!,get going!","","1228570"
"投入","投[とう]入[にゅう]","とうにゅう","1","7378","0","throwing in,inserting,depositing (e.g. a ballot),investment,commitment (of funds, personnel, etc.),injection,infusion,launching (a product into the market),introduction,submitting (a job to a computer),issuing (a command)","","1447300"
"ひと仕事","ひと仕[し]事[ごと]","ひとしごと","1","31094","3,2","task,(doing a) bit of work,difficult task,hard work","","1162750"
"息抜き","息[いき]抜[ぬ]き","いきぬき","1","7977","0,3,4","taking a breather,relaxation,rest,vent,ventilation opening","","1404430"
"少子化","少[しょう]子[し]化[か]","しょうしか","1","38132","0","declining birth rate,decline in the number of children,sub-replacement fertility","","2011350"
"断れない","断[ことわ]れない","ことわれない","1","27890","","unrefusable,undeclinable","","2825967"
"買い食い","買[か]い食[ぐ]い","かいぐい","1","21381","0","buying and eating sweets (esp. of children),between-meal snacking","","1752940"
"食","食[しょく]","しょく","1","3621","1,0","food,foodstuff,eating,appetite,meal,portion","","1956480"
"食う","食[く]う","くう","1","557","1","to eat,to live,to make a living,to survive,to bite,to sting (as insects do),to tease,to torment,to taunt,to make light of,to make fun of,to encroach on,to eat into,to consume,to defeat a superior,to threaten a position,to consume time,to consume resources,to receive something (usu. an unfavourable event),to have sexual relations with a woman, esp. for the first time","","1592100"
"鹿せんべい","鹿[しか]せんべい","しかせんべい","1","99408","","rice crackers for feeding the deer (in Nara)","","2537070"
"なお","なお","なお","1","1548","1","still,yet,more,still more,greater,further,furthermore,in addition,moreover,note that ...,as if,just like,as though","","1349300"
"ぽい","ぽい","ぽい","1","4196","1","-ish,-like","","2083720"
"じゃないか","じゃないか","じゃないか","1","1146","","isn't it?,let's ...,why don't we ...,how about we ...,shouldn't we ...","","2819990"
"気はない","気[き]はない","きはない","1","2556","","not feeling like doing ...,having no mind to ...,being in no mood for ...,having no intention of ...","","2846470"
"いいこと","いいこと","いいこと","1","1181","1","good thing,nice thing,good excuse,good grounds,good opportunity,(good) idea,interjection used to impress an idea or to urge a response","","2823360"
"修学","修[しゅう]学[がく]","しゅうがく","1","54152","0","learning","","1331950"
"旅行","旅[りょ]行[こう]","りょこう","1","2266","0","travel,trip,journey,excursion,tour","","1553170"
"お守り","お守[まも]り","おまもり","1","4270","0","charm,amulet,talisman","","1002060"
"いってらっしゃい","いってらっしゃい","いってらっしゃい","1","3464","","have a good day,take care,see you","","2088750"
"進化","進[しん]化[か]","しんか","1","4780","1","evolution,evolution,becoming more advanced,progress,development,improvement","","1366000"
"結果的に","結[けっ]果[か]的[てき]に","けっかてきに","1","7059","","consequently,as a result,in the end","","2149730"
"放り投げる","放[ほう]り投[な]げる","ほうりなげる","1","7667","5","to throw,to toss,to fling,to abandon (one's work),to give up,to lay aside","","2514820"
"いいからいいから","いいからいいから","いいからいいから","1","8070","","don't worry about it,it's nothing,don't give it a thought","","2827364"
"勝ち目はない","勝[か]ち目[め]はない","かちめはない","1","12380","","to have no chance (of succeeding)","","2210960"
"移行","移[い]行[こう]","いこう","1","9097","0","transition,changeover,switchover,shift,transfer (of powers, weight, etc.),shift (e.g. of centre of gravity)","","1158240"
"腹ごしらえ","腹[はら]ごしらえ","はらごしらえ","1","18673","3","having a meal (before doing something),fortifying oneself with a meal","","1748300"
"まず","まず","まず","1","445","1","first (of all),firstly,to begin with,before anything else,probably,most likely,almost certainly,virtually,more or less (satisfactory),on the whole,reasonably,anyway,at any rate,for now (at least),for the time being","","1387240"
"近い","近[ちか]い","ちかい","1","632","2","near,close,short (distance),close (in time),soon,close (relationship),friendly,intimate,closely related,similar,almost the same,close to,nearly","","1242130"
"招待","招[しょう]待[たい]","しょうたい","1","4280","1","invitation","","1349610"
"鹿","鹿[しか]","しか","1","13343","0,2","deer (esp. the sika deer, Cervus nippon),cervid","","1319030"
"ぶっ殺す","ぶっ殺[ころ]す","ぶっころす","1","5801","4,0","to kill,to beat to death","","1603170"
"意味がない","意[い]味[み]がない","いみがない","1","3091","","useless,no future in it,doesn't make sense,having no point","","2760390"
"選ぶ","選[えら]ぶ","えらぶ","1","434","2","to choose,to select,to pick (out)","","1588730"
"木彫り","木[き]彫[ぼ]り","きぼり","1","33029","0","wood carving,woodcraft","","1534780"
"撤退","撤[てっ]退[たい]","てったい","1","6027","0","evacuation,withdrawal,revocation,repeal,retreat","","1437740"
"なんとなく","なんとなく","なんとなく","1","2067","4","somehow,for some reason (or other),without knowing why","","1599730"
"始める","始[はじ]める","はじめる","1","303","0","to start,to begin,to commence,to initiate,to originate,to start up (a business, society, etc.),to open (e.g. a store),to establish,to start ...,to begin to ...","","1307550"
"旅先","旅[たび]先[さき]","たびさき","1","18634","0,4","destination,place one stays during a trip","","1553220"
"ちょこまか","ちょこまか","ちょこまか","1","19139","1","restlessly,in continuous motion","","2394780"
"鼻が利く","鼻[はな]が利[き]く","はながきく","1","31778","","to have an acute sense of smell,to have a good nose (for bargains, something amiss, etc.),to have a keen nose,to have an ability to quickly uncover things","","2843787"
"張る","張[は]る","はる","1","1596","0","to stick,to paste,to affix,to stretch,to spread,to strain,to tighten,to put up (e.g. a tent),to form (e.g. ice on a pond),to fill,to swell,to stick out,to push out,to post (a link, etc. online),to be expensive,to keep a watch on,to be on the lookout,to slap,to become one tile away from completion,to span,to generate","","1427900"
"たび","たび","たび","1","2774","0","time (three times, each time, etc.),times","","1445150"
"買い集める","買[か]い集[あつ]める","かいあつめる","1","35762","5","to buy up","","1473660"
"無駄遣い","無[む]駄[だ]遣[づか]い","むだづかい","1","11745","3","waste (of money, time, etc.),squandering,frittering away","","1530520"
"怪","怪[かい]","かい","1","17846","1","mystery,wonder","","1955890"
"しいら","しいら","しいら","1","66380","0,1","mahi-mahi (Coryphaena hippurus),common dolphinfish,dolphin,dorado","","2194560"
"品切れ","品[しな]切[ぎ]れ","しなぎれ","1","29925","0","out of stock,sold out","","1490640"
"狙い","狙[ねら]い","ねらい","1","2140","0","aim (of a gun, bow, etc.),aim,object,objective,purpose,intention,target","","1396550"
"入荷","入[にゅう]荷[か]","にゅうか","1","20452","0","arrival of goods,goods received","","1465780"
"重ねる","重[かさ]ねる","かさねる","1","1735","0","to pile up,to heap up,to stack up,to put on top of another,to repeat many times over,to go through repeatedly,to accumulate","","1335830"
"生き残り","生[い]き残[のこ]り","いきのこり","1","9613","0","survival,survivor,relic","","1830250"
"頼り","頼[たよ]り","たより","1","4047","1","reliance,dependence","","1548390"
"距離をとる","距[きょ]離[り]をとる","きょりをとる","1","15115","","to distance oneself (from),to keep (something or someone) at a distance,to maintain a distance (from)","","2840822"
"待ち構える","待[ま]ち構[かま]える","まちかまえる","1","6971","5,0","to lie in wait (for),to be on the watch (for),to wait (for),to watch (for)","","1410500"
"精いっぱい","精[せい]いっぱい","せいいっぱい","1","7247","3,1","the best one can do,one's best effort,with all one's might,to the best of one's ability,as hard as possible","","1379870"
"追跡","追[つい]跡[せき]","ついせき","1","6502","0","chase,pursuit,tracking,stalking,following up,tracing","","1432560"
"思える","思[おも]える","おもえる","1","532","3","to seem,to appear likely","","1309440"
"うれしそう","うれしそう","うれしそう","1","6110","","delightful,glad-looking","","1616370"
"極悪非道","極[ごく]悪[あく]非[ひ]道[どう]","ごくあくひどう","1","46216","0","inhuman,heinous,atrocious","","2030580"
"知らず","知[し]らず","しらず","1","4793","1","not having,unaffected by,aside,I don't know about ...,I know not whether,I know not if","","2019080"
"送り届ける","送[おく]り届[とど]ける","おくりとどける","1","8463","6","to send (a person or thing) to,to deliver,to escort","","1402700"
"異常","異[い]常[じょう]","いじょう","1","1689","0","abnormal,unusual,extraordinary,remarkable,uncommon","","1157760"
"茂み","茂[しげ]み","しげみ","1","10116","0,3","thicket,bush,coppice,brushwood","","1533730"
"汚物","汚[お]物[ぶつ]","おぶつ","1","21018","0,1","filth (esp. excrement, feces, urine),muck,waste,garbage,dirt,dust","","1179120"
"絡み","絡[から]み","からみ","1","26494","3","linkage,entanglement,involvement,relationship,interaction","","1636450"
"たりとも","たりとも","たりとも","1","6150","","(not) even,(not) any","","2068960"
"通す","通[とお]す","とおす","1","1083","1","to stick through,to force through,to spread throughout,to thoroughly diffuse,to make a path between two points,to proceed in a logical manner,to let pass,to allow through,to lead (someone) into (a house, room, etc.),to show in,to go through (a middleman),to (look, listen) through (a window, wall, etc.),to pass (a law, applicant, etc.),to force to accept,to force agreement,to continue (in a state),to persist in,to do to the entirety of,to cover all of,to span the whole ...,to do from beginning to end without a break,to convey (one's ideas, etc.) to the other party,to do to the end,to carry through,to complete","","1432900"
"たわいない","たわいない","たわいない","1","42690","4","silly,foolish,absurd,childish,easy,trifling,guileless","","1406930"
"武装解除","武[ぶ]装[そう]解[かい]除[じょ]","ぶそうかいじょ","1","43968","4","disarmament","","1498750"
"稼業","稼[か]業[ぎょう]","かぎょう","1","16212","1","trade,business,occupation,profession,job","","1194470"
"ともす","ともす","ともす","1","12065","2,0","to light (a candle, lamp, etc.),to turn on (a light)","","1582140"
"なり","なり","なり","1","2391","1","to be,to be (at a location),sum of money","","1536290"
"連弾","連[れん]弾[だん]","れんだん","1","58126","0","four-handed performance (on the piano)","","1644110"
"今のうち","今[いま]のうち","いまのうち","1","2394","0","now (while the time is ripe),while one still can","","2111110"
"本隊","本[ほん]隊[たい]","ほんたい","1","21407","1,0","main body (of troops),main force,this troop,these troops","","1522960"
"連絡","連[れん]絡[らく]","れんらく","1","502","0","contacting,(making) contact,getting in touch,communication,correspondence,call,message,connection (with a train, bus, etc.),joining (a railway line, etc.),meeting,connection (between matters, incidents, etc.),relation,link","","1559900"
"ありえる","ありえる","ありえる","1","5008","3","to be possible,to be conceivable,to be likely,to be probable","","2851621"
"落ち着いた","落[お]ち着[つ]いた","おちついた","1","3468","","calm,composed,cool,settled,fixed,established,unobtrusive,quiet,subdued,low-key (color)","","1548580"
"からには","からには","からには","1","5517","","now that,since,so long as,because","","2026610"
"み","み","み","1","2521","0","three,3","","1579350"
"細々","細[ほそ]々[ぼそ]","ほそぼそ","1","21285","3","poor (living),barely continuing,just scraping along,very narrow","","1295490"
"手を出す","手[て]を出[だ]す","てをだす","1","1825","","to reach out one's hand,to extend one's arm,to get involved in,to embark on,to try one's hand at,to turn one's hand to,to start a fight,to get physical with,to make a move in violence,to lay hands on,to take,to steal,to make a pass at,to make a move on,to hit on,to lay hands on","","1896030"
"妙","妙[みょう]","みょう","1","1035","1","strange,weird,odd,curious,wonder,mystery,miracle,excellence,cleverness,adroitness,knack,skill","","1528490"
"煙幕","煙[えん]幕[まく]","えんまく","1","25449","1","smokescreen","","1177330"
"じっと","じっと","じっと","1","1477","0","motionlessly (e.g. stand, wait),(be) still,fixedly (e.g. gaze, stare),intently (e.g. listen, think),patiently (endure),stoically,firmly (e.g. hold),restrained","","1005870"
"どうりで","どうりで","どうりで","1","7382","3,1","indeed,it's no wonder","","1454270"
"先走る","先[さき]走[ばし]る","さきばしる","1","8333","4","to act first,to act precipitously,to be rash,to get ahead of oneself,to jump the gun","","1388050"
"水臭い","水[みず]臭[くさ]い","みずくさい","1","23536","4","stand-offish,distant,not frank,reserved,watery (alcohol, coffee, etc.)","","1611720"
"行き着く","行[い]き着[つ]く","いきつく","1","8625","3,0","to arrive (at one's destination),to reach,to come to a head,to reach a conclusion,to culminate (in),to end up","","1281730"
"済ませる","済[す]ませる","すませる","1","2967","3","to finish,to make an end of,to get through with,to let end,to make do (with),to manage (with),to resolve,to settle,to bring to a conclusion","","1295040"
"だからって","だからって","だからって","1","1710","","even so,all the same,nevertheless,yes, but ...","","1007320"
"放つ","放[はな]つ","はなつ","1","1406","2","to fire (gun, arrow, questions, etc.),to shoot,to hit (e.g. baseball),to break wind,to set free,to release,to let loose,to emit (e.g. light),to give off (e.g. a scent),to send out (a person to carry out a duty),to set fire to","","1516490"
"すっとこどっこい","すっとこどっこい","すっとこどっこい","1","55567","7","stupid idiot,fool,moron","","2064910"
"とうへん","とうへん","とうへん","1","98904","0","equal sides","","1449520"
"ぼく","ぼく","ぼく","1","5073","0,3","I,me,you,manservant","","1521400"
"のです","のです","のです","1","4562","","the expectation is that ...,the reason is that ...,the fact is that ...,the explanation is that ...,it is that ...","","2087820"
"切り上げる","切[き]り上[あ]げる","きりあげる","1","7545","4,0","to close (at a certain point),to cut short,to stop early,to finish (at a convenient spot),to round up (number),to revalue (currency)","","1384300"
"悲しい","悲[かな]しい","かなしい","1","1002","0,3","sad,miserable,unhappy,sorrowful,sad,lamentable,deplorable,grievous","","1483190"
"かけがえのない","かけがえのない","かけがえのない","1","8149","","irreplaceable","","1207650"
"最低","最[さい]低[てい]","さいてい","1","1541","0","least,lowest,minimum,worst,awful,horrible,nasty,disgusting,at the very least","","1294220"
"あちゃー","あちゃー","あちゃー","1","11670","","oops,uh oh,drats","","2564970"
"消毒","消[しょう]毒[どく]","しょうどく","1","12023","0","disinfection,sterilization,sterilisation","","1350270"
"によって","によって","によって","1","733","","according to,due to,by (means of),because of,via,on the basis of,depending on","","1009640"
"怒り","怒[いか]り","いかり","1","1513","3,0","anger,rage,fury,wrath,indignation","","1445670"
"らしからぬ","らしからぬ","らしからぬ","1","13097","","uncharacteristic,unbefitting,unworthy (of)","","2835828"
"統率","統[とう]率[そつ]","とうそつ","1","16836","0","command,lead,generalship,leadership","","1449840"
"持ち帰る","持[も]ち帰[かえ]る","もちかえる","1","4005","0,3","to take home,to carry home,to bring back home,to take out (e.g. food)","","1658430"
"統一感","統[とう]一[いつ]感[かん]","とういつかん","1","35655","","sense of unity,sense of oneness","","2131450"
"長らえる","長[なが]らえる","ながらえる","1","50907","4,3","to have a long life,to live a long time","","2005970"
"うさんくさい","うさんくさい","うさんくさい","1","15456","5","suspicious-looking,shady,questionable,dubious,fishy","","1267540"
"都合","都[つ]合[ごう]","つごう","1","1950","0,1","circumstances,condition,convenience,arranging,managing,lending money,raising money,in all,in total,all told","","1444980"
"正しい","正[ただ]しい","ただしい","1","956","3","right,correct,proper,righteous,just,honest,truthful,lawful","","1376600"
"まね事","まね事[ごと]","まねごと","1","50926","0","imitation,copy,make-believe,pretence,sham,doing something in a way that only superficially resembles the real thing","","1363770"
"なんぞ","なんぞ","なんぞ","1","4575","1","et cetera,etc.,and the like,and so forth","","2270820"
"通商","通[つう]商[しょう]","つうしょう","1","57190","0","commerce,trade","","1433240"
"破壊","破[は]壊[かい]","はかい","1","2207","0","destruction,disruption,(application) crash","","1471250"
"例えば","例[たと]えば","たとえば","1","1296","2","for example,for instance,e.g.","","1556370"
"選択","選[せん]択[たく]","せんたく","1","1866","0","choice,selection,option","","1392290"
"逆恨み","逆[さか]恨[うら]み","さかうらみ","1","13338","0,3","being resented (by someone one holds resentment towards),responding to kindness with resentment,thinking ill of someone who meant to be kind,resentment caused by a misunderstanding,unjustified resentment,unreasonable grudge","","1227050"
"装う","装[よそお]う","よそおう","1","4745","2,0","to dress (oneself in),to attire oneself in,to adorn,to decorate,to pretend,to feign,to affect,to disguise oneself as","","1402280"
"図星","図[ず]星[ぼし]","ずぼし","1","6035","0,1","bull's-eye,the mark","","1654230"
"大がかり","大[おお]がかり","おおがかり","1","18674","3","large-scale","","1413280"
"軍","軍[ぐん]","ぐん","1","3801","1","army,armed forces,troops,military authorities,team,group,troupe","","1247660"
"精鋭","精[せい]鋭[えい]","せいえい","1","12845","0","elite,best,pick,cream of the crop","","1379880"
"部隊","部[ぶ]隊[たい]","ぶたい","1","4629","1","force,unit,corps,squad,troops,party","","1499430"
"この前","この前[まえ]","このまえ","1","1120","3","the other day,previously,before,earlier,recently,last time,last (Sunday, summer, etc.),previous (e.g. mayor, chapter),preceding","","2216900"
"人質","人[ひと]質[じち]","ひとじち","1","4506","0","hostage","","1367960"
"極悪","極[ごく]悪[あく]","ごくあく","1","24504","0","heinous","","1240210"
"非道","非[ひ]道[どう]","ひどう","1","14036","1,0","unjust,inhuman","","1688840"
"仕業","仕[し]業[わざ]","しわざ","1","2999","0","deed (esp. negative),act,action,one's doing,one's work","","1304870"
"見せかける","見[み]せかける","みせかける","1","5568","0,4","to pretend,to feign","","1604500"
"証人","証[しょう]人[にん]","しょうにん","1","9935","0","witness","","1351660"
"いかん","いかん","いかん","1","1697","2","not going (well),not proceeding (as one wishes),bad,not good,hopeless,beyond hope,must not (do, be),should not,ought not to","","2829697"
"なんてこと","なんてこと","なんてこと","1","1815","","my goodness!,good lord!,holy cow!","","2762760"
"繁栄","繁[はん]栄[えい]","はんえい","1","11070","0","prosperity,thriving,flourishing","","1481670"
"大義","大[たい]義[ぎ]","たいぎ","1","16906","1","great cause,moral law,justice","","1786870"
"小さな","小[ちい]さな","ちいさな","1","802","1","small,little,tiny","","2136180"
"犠牲","犠[ぎ]牲[せい]","ぎせい","1","2643","0","sacrifice,victim (esp. someone killed),casualty,sacrifice (to a deity)","","1225450"
"やむをえん","やむをえん","やむをえん","1","37181","","cannot be helped,unavoidable","","2869912"
"消える","消[き]える","きえる","1","433","0","to disappear,to vanish,to go out of sight,to go away,to become lost,to go out (of a fire, light, etc.),to die,to turn off (e.g. of a TV screen),to fade (of a feeling, impression, etc.),to vanish (e.g. of hope),to go away (e.g. of a smell, itchiness, sleepiness),to disappear,to fade away (e.g. of footsteps),to wear away (e.g. of an inscription),to rub out (of writing),to fade (e.g. of ink),to be lost (e.g. of a tradition),to die out,to disappear","","1350040"
"卑怯者","卑[ひ]怯[きょう]者[もの]","ひきょうもの","1","11847","0,5","coward,chicken,yellow-belly,sneaky person,underhanded person,dastardly person","","1751860"
"わけにはいきません","わけにはいきません","わけにはいきません","1","5194","","impossible to do (although wants to)","","2057570"
"そろって","そろって","そろって","1","6562","","all together,in a body,en masse,all alike","","1890210"
"せん滅","せん滅[めつ]","せんめつ","1","40995","0","annihilation,extermination,(total) destruction,wiping out","","1568490"
"生かす","生[い]かす","いかす","1","2374","2","to make (the best) use of,to put to good use,to leverage (skills, attributes, experience, etc.),to capitalise on (experience, etc.),to let live,to keep alive,to revive,to resuscitate,to bring back to life,to restore (a deleted passage; in proofreading)","","1587070"
"帰す","帰[かえ]す","かえす","1","2900","1","to send (someone) back,to send (someone) home","","1221240"
"でしょ","でしょ","でしょ","1","35554","","it seems,I think,I guess,I wonder,right?,don't you agree?","","1008420"
"先手必勝","先[せん]手[て]必[ひっ]勝[しょう]","せんてひっしょう","1","24480","0","victory goes to the one who makes the first move,being quick to take action leads to victory,the early bird gets the worm","","2031680"
"ひるむ","ひるむ","ひるむ","1","10644","2","to falter,to flinch (from),to recoil (from),to quail (at),to be intimidated,to feel daunted,to be discouraged,to hesitate","","1236640"
"靴底","靴[くつ]底[ぞこ]","くつぞこ","1","25968","0","sole (of a shoe),sole (fish)","","1246780"
"斜め","斜[なな]め","ななめ","1","5790","2","slanting,tilted,sloping,diagonal,oblique,distorted (feeling),slanted (e.g. view of the world),bad (mood),amiss,awry","","1322400"
"削れる","削[けず]れる","けずれる","1","19805","0","to be shaved or planed","","2036970"
"見せしめ","見[み]せしめ","みせしめ","1","17806","0","(making a) lesson (of),(setting an) example,warning","","1259190"
"小石","小[こ]石[いし]","こいし","1","12549","0","pebble,small stone","","1348400"
"手加減","手[て]加[か]減[げん]","てかげん","1","4460","2","measuring by feel,adjusting by feel,doing by feel,knack,skill,adapting to the situation (one's strength, strictness, etc.),making allowances,using discretion,going easy (on someone)","","1327350"
"以内","以[い]内[ない]","いない","1","3463","1","within,inside of,less than","","1155180"
"くだらない","くだらない","くだらない","1","3012","0","trivial,trifling,insignificant,not worth bothering with,worthless,useless,good-for-nothing,stupid,nonsensical,absurd,foolish,silly","","1184360"
"１週間","１[いっ]週[しゅう]間[かん]","いっしゅうかん","1","3019","3","one week","","1163270"
"軍人","軍[ぐん]人[じん]","ぐんじん","1","10179","0","serviceman,servicewoman,soldier,member of the armed forces,military personnel","","1248540"
"まっとうする","まっとうする","まっとうする","1","31454","0","to accomplish,to fulfill,to carry out","","1641140"
"貼る","貼[は]る","はる","1","3282","0","to stick,to paste,to affix,to stretch,to spread,to strain,to tighten,to put up (e.g. a tent),to form (e.g. ice on a pond),to fill,to swell,to stick out,to push out,to post (a link, etc. online),to be expensive,to keep a watch on,to be on the lookout,to slap,to become one tile away from completion,to span,to generate","","1427900"
"ひと思いに","ひと思[おも]いに","ひとおもいに","1","29890","3,2","instantly,resolutely","","1162780"
"生き恥をさらす","生[い]き恥[はじ]をさらす","いきはじをさらす","1","53486","","to live in disgrace,to expose oneself to ridicule","","2102090"
"ほうがまし","ほうがまし","ほうがまし","1","33968","","I would rather,I would as lief do,strong preference","","2018310"
"焼きつくす","焼[や]きつくす","やきつくす","1","56171","4","to burn completely,to consume (by fire),to burn to nothing,to burn to the ground,to reduce to ashes","","2081430"
"偵察","偵[てい]察[さつ]","ていさつ","1","9108","0","scouting,reconnaissance","","1435100"
"すっきり","すっきり","すっきり","1","3738","3","refreshingly,with a feeling of relief,pleasantly,(a weight) off one's shoulder,shapely,neatly,refinedly,cleanly,without trouble,clearly,plainly,distinctly,completely,thoroughly,not at all (with negative sentence),not even slightly","","1006120"
"なんちゃって","なんちゃって","なんちゃって","1","10478","0","just kidding,not!,ersatz,imitation,phony,pretend,fake,faux","","2202800"
"掲示板","掲[けい]示[じ]板[ばん]","けいじばん","1","10661","0","bulletin board,display board,notice board,electronic bulletin board,BBS","","1250630"
"始末をつける","始[し]末[まつ]をつける","しまつをつける","1","32853","","to bring to a conclusion (esp. something unfortunate),to close out,to put an end to","","2862922"
"たき","たき","たき","1","22850","0","waterfall,rapids","","1415520"
"出来事","出[で]来[き]事[ごと]","できごと","1","2072","2","occurrence,happening,incident,event","","1340570"
"予想","予[よ]想[そう]","よそう","1","1776","0","expectation,anticipation,prediction,forecast,conjecture","","1543130"
"睡眠","睡[すい]眠[みん]","すいみん","1","6686","0","sleep","","1372370"
"やり過ごす","やり過[す]ごす","やりすごす","1","8127","4","to let (something or someone) go past,to do too much","","1612730"
"気力","気[き]力[りょく]","きりょく","1","4635","0,1","willpower,energy,vitality","","1222690"
"奮い立つ","奮[ふる]い立[た]つ","ふるいたつ","1","11729","4","to cheer up,to be encouraged (by),to be in high spirits","","1504690"
"がー","がー","がー","1","4010","","drying one's hair (with a hairdryer)","","2864627"
"まんまと","まんまと","まんまと","1","6249","1,3","successfully,fairly,artfully,nicely,completely,thoroughly","","1012270"
"ようやく","ようやく","ようやく","1","975","0","finally,at last,barely,narrowly,hardly,only just,gradually,little by little,by degrees","","1394600"
"すまんかった","すまんかった","すまんかった","1","29783","","sorry,my bad","","2844144"
"生きて帰る","生[い]きて帰[かえ]る","いきてかえる","1","11913","","to come back alive,to make it back in one piece","","2856143"
"助手","助[じょ]手[しゅ]","じょしゅ","1","8327","0","assistant,helper,assistant (to a professor),research assistant","","1344650"
"成績優秀者","成[せい]績[せき]優[ゆう]秀[しゅう]者[しゃ]","せいせきゆうしゅうしゃ","1","53217","","high achiever,student with good academic results","","2730290"
"方たち","方[かた]たち","かたたち","1","10473","","people,(all) persons,everyone","","2855448"
"しゃー","しゃー","しゃー","1","5235","1","whoosh (of water),hiss (of a cat, snake, etc.),sizzle","","2829769"
"ねー","ねー","ねー","1","1490","1","right?,isn't it?,doesn't it?,don't you?,don't you think?,hey,say,listen,look,come on,you know,you see,I must say,I should think,will you?,please,so, ...,well, ...,you see, ...,you understand?,I'm not sure if ...,I have my doubts about whether ...","","2029080"
"建物","建[たて]物[もの]","たてもの","1","2038","2,3","building","","1257540"
"掘り出す","掘[ほ]り出[だ]す","ほりだす","1","16897","3,0","to dig out,to pick up","","1246660"
"戻ってくる","戻[もど]ってくる","もどってくる","1","2050","","to come back","","2092960"
"もうすっかり","もうすっかり","もうすっかり","1","8141","","already completed (arrived, happened, etc.)","","2230440"
"絞め殺す","絞[し]め殺[ころ]す","しめころす","1","24628","4,0","to strangle to death","","1280830"
"せめて","せめて","せめて","1","959","1","at least,at most,(even) just","","1006570"
"外す","外[はず]す","はずす","1","1027","0","to remove,to take off,to detach,to unfasten,to undo,to drop (e.g. from a team),to remove (from a position),to exclude,to expel,to leave (e.g. one's seat),to go away from,to step out,to slip away,to dodge (a question, blow, etc.),to evade,to sidestep,to avoid (e.g. peak season),to miss (a target, chance, punch, etc.)","","1203270"
"外そう","外[がい]そう","がいそう","1","93963","0","extrapolation","","2066280"
"及ばない","及[およ]ばない","およばない","1","8774","","unnecessary,unattainable","","1228130"
"疲労","疲[ひ]労[ろう]","ひろう","1","5068","0","fatigue,weariness,exhaustion,tiredness,fatigue (of metal, etc.)","","1483780"
"絶景","絶[ぜっ]景[けい]","ぜっけい","1","16835","0","superb view,picturesque scenery","","1655930"
"企業","企[き]業[ぎょう]","きぎょう","1","4807","1","enterprise,business,company,corporation","","1218190"
"過酷","過[か]酷[こく]","かこく","1","6425","0","severe,harsh,hard,cruel,rigorous","","1590190"
"労働者","労[ろう]働[どう]者[しゃ]","ろうどうしゃ","1","20632","3","worker,(manual) laborer,labourer,blue-collar worker","","1560470"
"搾取","搾[さく]取[しゅ]","さくしゅ","1","19204","1","exploitation,bleeding dry,squeezing dry,milking (e.g. a cow's teat),extracting (a liquid) through squeezing","","1298170"
"悪らつ","悪[あく]らつ","あくらつ","1","136309","0","crafty,vicious,unscrupulous,sharp","","1152640"
"夢見る","夢[ゆめ]見[み]る","ゆめみる","1","3350","3,2","to dream (of)","","1529440"
"面汚し","面[つら]汚[よご]し","つらよごし","1","42216","3,0","disgrace,shame","","1533420"
"天然","天[てん]然[ねん]","てんねん","1","5403","0","nature,spontaneity,natural airhead","","1439580"
"同じよう","同[おな]じよう","おなじよう","1","10873","","similar","","1451770"
"居眠る","居[い]眠[ねむ]る","いねむる","1","55453","3","to doze off,to nod off,to snooze","","2836392"
"ひよっこ","ひよっこ","ひよっこ","1","25570","1","young bird,chick,fledgling,greenhorn,fledgeling,novice,rookie,juvenile","","1373400"
"強いる","強[し]いる","しいる","1","6166","2","to force,to compel,to coerce,to press,to impose","","1236100"
"檻","檻[おり]","おり","1","8925","2","cage,pen,(jail) cell","","1568410"
"この中","この中[うち]","このうち","1","2190","","among these,between these,of these,in here,in this","","2232980"
"どうだい","どうだい","どうだい","1","3950","","How did you like ...?,How about ...?,What's going on?,How's it going?","","2540170"
"だいぶ","だいぶ","だいぶ","1","1283","0","considerably,greatly,a lot","","1414920"
"蓄える","蓄[たくわ]える","たくわえる","1","8002","4,3","to store,to save up,to stock up on,to lay in stock,to set aside,to accumulate (e.g. knowledge),to build up (e.g. experience),to develop (e.g. one's skills),to grow (a beard, moustache, etc.),to wear","","1596860"
"アッサン","アッサン","アッサン","1","61046","","Assan","","5009549"
"聞き出す","聞[き]き出[だ]す","ききだす","1","4392","3","to get (information) out of someone,to extract (information) from someone,to find out (through questioning),to begin listening (to)","","1505820"
"押しつける","押[お]しつける","おしつける","1","2889","4","to press against,to push against,to force against,to foist on (task, responsibility),to impose (one's will)","","1180360"
"やったー","やったー","やったー","1","2344","3","hooray,yay,whee,yowzer,whoopee,yes","","2016840"
"き","き","き","1","1155","0","spirit,mind,heart,nature,disposition,intention,mind,will,motivation,mood,feelings,consciousness,care,attention,consideration,worry,interest,(the) air,atmosphere,ambience,atmosphere (of),air (of),mood,fragrance,aroma,flavour,taste,qi (in traditional Chinese philosophy and medicine),chi,ki","","1221520"
"今朝","今朝[けさ]","けさ","1","1526","1","this morning","","1579100"
"急ぐ","急[いそ]ぐ","いそぐ","1","673","2","to hurry,to rush,to hasten,to make something happen sooner","","1228650"
"おはようさん","おはようさん","おはようさん","1","27272","","good morning","","2861064"
"とっくに","とっくに","とっくに","1","1565","3,0","long ago,a long time ago,already","","1320570"
"つかむ","つかむ","つかむ","1","1437","2","to seize,to catch,to grasp,to grip,to grab,to clutch,to hold,to catch hold of,to lay one's hands on,to obtain,to acquire,to get,to win,to capture,to understand,to grasp,to comprehend","","1433650"
"みたいです","みたいです","みたいです","1","1936","","it seems that,as if","","2833977"
"朝食","朝[ちょう]食[しょく]","ちょうしょく","1","3590","0","breakfast","","1428390"
"全速","全[ぜん]速[そく]","ぜんそく","1","34671","0","full speed","","1395630"
"休み","休[やす]み","やすみ","1","1766","3","rest,recess,respite,vacation,holiday,absence,suspension,dormancy (of a silkworm prior to moulting)","","1227500"
"必要ない","必[ひつ]要[よう]ない","ひつようない","1","1415","","unnecessary,not needed,not necessary","","2835690"
"無力","無[む]力[りょく]","むりょく","1","4204","1","powerlessness,helplessness,incompetence,ineffectiveness","","1531050"
"となれば","となれば","となれば","1","3848","","where ... is concerned,when it becomes,if it becomes","","2100760"
"支出","支[し]出[しゅつ]","ししゅつ","1","40152","0","expenditure,disbursement,expenses","","1310180"
"まとめる","まとめる","まとめる","1","1233","0","to collect,to put (it all) together,to integrate,to consolidate,to unify,to summarize,to aggregate,to bring to a conclusion,to finalize,to settle,to put in order,to establish,to decide","","1440930"
"収支","収[しゅう]支[し]","しゅうし","1","36491","1","income and expenditure","","1330640"
"関する","関[かん]する","かんする","1","1342","3","to concern,to be related","","1215790"
"待たせる","待[ま]たせる","またせる","1","1052","3","to keep (a person) waiting","","1641100"
"今こそ","今[いま]こそ","いまこそ","1","4863","","now is the time","","2140150"
"格調高い","格調高[かくちょうだか]い","かくちょうだかい","1","55251","","elegant,refined,dignified,noble,prestigious","","2867126"
"空間","空[くう]間[かん]","くうかん","1","2120","0","space,room,airspace","","1245450"
"出身","出[しゅっ]身[しん]","しゅっしん","1","3264","0","one's origin (e.g. city, country, parentage, school)","","1339260"
"子どものころ","子[こ]どものころ","こどものころ","1","31594","","(time of) one's childhood,when one was a child","","2827554"
"ああやって","ああやって","ああやって","1","10515","","like that,that way","","2772390"
"余暇","余[よ]暇[か]","よか","1","44230","1","leisure,leisure time,spare time","","1543980"
"男性","男[だん]性[せい]","だんせい","1","1288","0","man,male,masculine gender","","1420160"
"桁違い","桁[けた]違[ちが]い","けたちがい","1","15962","3","an order of magnitude higher,off by a digit,in a different league,unbelievable,incomparable,unimaginable","","1686140"
"幼なじみ","幼[おさな]なじみ","おさななじみ","1","5715","4","childhood friend,friend from infancy,old playmate","","1545120"
"親友","親[しん]友[ゆう]","しんゆう","1","2592","0","close friend,bosom friend,buddy,crony,chum","","1365410"
"みなぎる","みなぎる","みなぎる","1","11680","3","to rise high (of water),to overflow,to swell,to be filled with (emotion, energy, etc.),to be bursting with,to be brimming with,to pervade (of an atmosphere, feeling, etc.),to prevail","","1568820"
"別口","別[べつ]口[くち]","べつくち","1","39997","0","different kind,another sort,separate item,another approach,different means,separate account (e.g. bank account)","","1509740"
"連","連[れん]","れん","1","9105","1","two reams (of paper),1000 sheets (of paper),stanza,verse,tribe (in taxonomy),forecast (bet),bet which predicts the top 2 finishers (i.e. quinella or perfecta bet),party,company,group,set,things strung in a line, e.g. pearls, dried fish, spans of a bridge, etc.,falcon","","1559230"
"行き先","行[い]き先[さき]","いきさき","1","4388","0","destination,whereabouts,future,prospects","","1281720"
"水くさい","水[みず]くさい","みずくさい","1","14642","4","stand-offish,distant,not frank,reserved,watery (alcohol, coffee, etc.)","","1611720"
"強さ","強[つよ]さ","つよさ","1","2138","1","strength,power","","1236120"
"振り返る","振[ふ]り返[かえ]る","ふりかえる","1","2123","3","to turn one's head,to look over one's shoulder,to turn around,to look back,to think back (on),to reminisce,to look back (on),to reflect (on)","","1361290"
"撃","撃[げき]","げき","1","7924","","Geki","","5244428"
"繊細","繊[せん]細[さい]","せんさい","1","4275","0","dainty,delicate (e.g. fingers),fine,slim,sensitive,delicate (feelings, sense, etc.),subtle","","1391930"
"乙女","乙女[おとめ]","おとめ","1","4481","2","(young) girl,maiden,young lady","","2855480"
"こる","こる","こる","1","5666","1","to become stiff (of muscles),to get absorbed in,to develop a passion for,to devote oneself to,to become obsessed with,to get hooked on,to be elaborate,to be intricate,to be exquisite,to be particular about,to pay great attention to","","1239070"
"水流","水[すい]流[りゅう]","すいりゅう","1","22224","0","water current","","1372240"
"さもありなん","さもありなん","さもありなん","1","34392","","it's probably so,it stands to reason","","2121400"
"古くさい","古[ふる]くさい","ふるくさい","1","23375","4","stale,old fashioned,hackneyed,trite,antiquated,obsolete,musty,outdated","","1265530"
"やり直し","やり直[なお]し","やりなおし","1","7601","0","redoing,doing over again","","1605610"
"足りない","足[た]りない","たりない","1","3592","","insufficient,not enough,lacking,dim-witted,slow,stupid","","2143050"
"ものがある","ものがある","ものがある","1","1100","","to be the case that","","2179460"
"脅し","脅[おど]し","おどし","1","7426","0","threat,bird-scaring device (scarecrow, gun, etc.)","","1630260"
"出くわす","出[で]くわす","でくわす","1","6414","0,3","to happen to meet,to come across,to run into,to bump into","","1337950"
"なか","なか","なか","1","2742","1","inside,interior,among,within,middle,center,centre,during,while,middle,midst,amid,interval,gap,mean,average,second (of three, e.g. sons, volumes),middle,medium grade,medium quality,red-light district","","1423310"
"なさる","なさる","なさる","1","714","2","to do","","1157090"
"むっつり","むっつり","むっつり","1","20220","3","sullenly,taciturnly,morosely,gloomily,silently,taciturn person,uncommunicative person","","1012390"
"ぶりっ子","ぶりっ子[こ]","ぶりっこ","1","44604","2","woman or girl who acts cute by playing innocent and helpless","","1574990"
"決めつける","決[き]めつける","きめつける","1","4616","4,0","to fix upon (one-sidedly),to (ignore someone's position and) arbitrarily decide something is the case,to scold,to take (a person) to task","","1254210"
"自信","自[じ]信[しん]","じしん","1","838","0","self-confidence,confidence (in oneself)","","1317970"
"本","本[ほん]","ほん","1","503","1","book,volume,script,this,present,current,... in question,... at issue,main,head,principal,real,genuine,regular,proper,counter for long, cylindrical things,counter for films, TV shows, etc.,counter for goals, home runs, etc.,counter for telephone calls","","1522150"
"詩集","詩[し]集[しゅう]","ししゅう","1","38780","0","poetry anthology,collection of poems,collected poems","","1312190"
"祭壇","祭[さい]壇[だん]","さいだん","1","14751","0","altar","","1295290"
"育ち","育[そだ]ち","そだち","1","7314","3","growth,breeding,growing up (in, as),upbringing","","1160520"
"祭る","祭[まつ]る","まつる","1","25440","0,2","to deify,to enshrine,to pray,to worship","","1295250"
"というか","というか","というか","1","1340","","or rather (say),or better (say),or perhaps I should say,or, how should I put it,I mean","","2206220"
"特殊","特[とく]殊[しゅ]","とくしゅ","1","2429","0,1","special,particular,peculiar,unique","","1454970"
"今世","今[こん]世[せ]","こんせ","1","41832","1","this world,this life,this generation,present day","","2843146"
"ますます","ますます","ますます","1","1792","2","increasingly,more and more,decreasingly (when declining),less and less","","1603950"
"庶民","庶[しょ]民[みん]","しょみん","1","9015","1","common people,ordinary people,masses","","1343560"
"疎む","疎[うと]む","うとむ","1","17019","2","to shun,to avoid,to ostracize,to neglect,to distance oneself from,to give the hard shoulder","","1396650"
"うまいこと","うまいこと","うまいこと","1","7916","","successfully,nicely,skillfully","","2846313"
"いかに","いかに","いかに","1","2666","2","how,in what way,how (much),to what extent,however (much),no matter how,hey,oi","","1466970"
"地下","地[ち]下[か]","ちか","1","2865","1,2","underground,below the ground,world of the dead,the grave,underground (activities, movement, etc.),secret,illegal,in hiding","","1420840"
"牢","牢[ろう]","ろう","1","15116","1","prison,jail,gaol,firm,solid,strong","","2253720"
"押し込める","押[お]し込[こ]める","おしこめる","1","11489","4","to shut up,to imprison","","1589140"
"描く","描[えが]く","えがく","1","1007","2","to draw,to paint,to sketch,to depict,to describe,to picture in one's mind,to imagine,to form a certain shape (e.g. path of an action, appearance of an object, etc.)","","1583460"
"やがて","やがて","やがて","1","1870","3,0","before long,soon,shortly,almost,nearly,finally,in the end,eventually","","1012730"
"地下牢","地[ち]下[か]牢[ろう]","ちかろう","1","26849","","dungeon","","2016780"
"富豪","富[ふ]豪[ごう]","ふごう","1","29553","0","wealthy person,millionaire","","1496780"
"陥れる","陥[おとしい]れる","おとしいれる","1","8356","5,0","to trap (into a difficult situation),to put (in a fix),to throw (e.g. into turmoil),to trick (into doing),to lure (into a trap),to frame (for a crime),to capture (a castle, fortress, etc.),to take,to reduce,to drop (something) into","","1216130"
"幻想的","幻[げん]想[そう]的[てき]","げんそうてき","1","12701","0","fantastic,magical,wondrous,whimsical,fairytale-like,romantic","","2085790"
"なにせ","なにせ","なにせ","1","8367","1","in any case,at any rate,anyhow,anyway,as you know,for you see,particularly","","1577110"
"年間","年[ねん]間[かん]","ねんかん","1","1856","0,1","(period of) a year,during the era (of)","","1468380"
"ほぼ","ほぼ","ほぼ","1","1506","1","almost,nearly,for the most part,roughly,approximately,about,around","","1551940"
"やるせない","やるせない","やるせない","1","18148","4","miserable,wretched,disconsolate,helpless,cheerless,sorrowful,downhearted,dreary,having no way to dispel (a feeling),having no solace (from)","","1260450"
"自信満々","自[じ]信[しん]満[まん]々[まん]","じしんまんまん","1","7721","","full of confidence,brimming with (self-)confidence,having great faith in oneself","","1726250"
"言い放つ","言[い]い放[はな]つ","いいはなつ","1","7188","4","to declare,to assert,to say bluntly,to say straight out","","1264320"
"暗い","暗[くら]い","くらい","1","1058","0","dark,gloomy,murky,depressed,dispirited,down in the dumps,dark (mood),dark (in colour),dull,ill-boding,dark (e.g. past),suspicious,unlikely (to succeed),hopeless,unpromising,unfamiliar (with),ignorant (of)","","1154330"
"それはそれで","それはそれで","それはそれで","1","3328","","in that case,(might not be what was expected or hoped for but) if that's the case","","2213470"
"切ない","切[せつ]ない","せつない","1","3953","3","painful,heartrending,trying,oppressive,suffocating,miserable","","1383770"
"商売になる","商[しょう]売[ばい]になる","しょうばいになる","1","31552","","to be profitable (business),to pay,to be in the black","","2850494"
"そういった","そういった","そういった","1","3335","0","like that,this type","","2008640"
"機","機[き]","き","1","2676","1","chance,opportunity,machine,aircraft,counter for aircraft,counter for (remaining) lives","","2037700"
"告げる","告[つ]げる","つげる","1","2434","0","to tell,to inform,to announce,to indicate,to signal,to mark","","1285990"
"土下座","土[ど]下[げ]座[ざ]","どげざ","1","5901","0,2","kneeling down on the ground,prostrate oneself","","1445280"
"皆目","皆[かい]目[もく]","かいもく","1","18512","0","entirely,(not) at all","","1202250"
"見当","見[けん]当[とう]","けんとう","1","8030","3","estimate,guess,conjecture,aim,direction,bearings,registration mark (printing),approximately,about,around","","1259930"
"何より","何[なに]より","なにより","1","1907","1,0","above anything else,above all,more than anything,best,greatest,excellent,wonderful,most important","","1188530"
"１０分","１０分[じっぷん]","じっぷん","1","3873","3","ten minutes","","1335070"
"１人の時間","１[ひと]人[り]の時[じ]間[かん]","ひとりのじかん","1","79101","","time to oneself,me time","","2859066"
"圧倒","圧[あっ]倒[とう]","あっとう","1","5334","0","to overwhelm (e.g. an opponent),to overpower,to crush,to defeat completely,to overwhelm (someone with emotion),to move,to impress,to fill with emotion,to intimidate,to frighten,to threaten","","1153260"
"休日","休[きゅう]日[じつ]","きゅうじつ","1","4130","0","holiday,day off","","1228040"
"よくなる","よくなる","よくなる","1","1704","","to become better,to improve","","2029460"
"あっという間に","あっという間[ま]に","あっというまに","1","3502","1,0","in an instant,in a flash,in the blink of an eye,in no time at all,just like that","","1000390"
"焦る","焦[あせ]る","あせる","1","1226","2","to be in a hurry,to be impatient,to be anxious (to do),to fret,to get a fright,to panic,to get flustered,to be startled","","1350780"
"とりえ","とりえ","とりえ","1","34790","3","worth,merit,value,good point,strong point,redeeming feature,saving grace","","1326920"
"えらい","えらい","えらい","1","2160","2","great,excellent,admirable,commendable,laudable,honorable,wonderful,outstanding,extraordinary,distinguished,important,high-ranking,powerful,eminent,famous,awful,terrible,serious,tremendous,great,mighty,severe,tiring,tough,hard,very,extremely","","1155780"
"自己評価","自[じ]己[こ]評[ひょう]価[か]","じこひょうか","1","29924","3","self-assessment,self-evaluation,self-rating,self-esteem","","2762510"
"省略","省[しょう]略[りゃく]","しょうりゃく","1","14299","0","omission,leaving out,abbreviation,abridgment,abridgement,shortening (e.g. of a name)","","1351120"
"制作","制[せい]作[さく]","せいさく","1","5750","0","work (film, book),production,creation,turning (something) out,development","","1374810"
"不明","不[ふ]明[めい]","ふめい","1","2580","0","unclear,obscure,indistinct,uncertain,ambiguous,unknown,unidentified,ignorance,lack of wisdom,lack of insight","","1495060"
"落書き","落[らく]書[が]き","らくがき","1","9305","0","scrawl,scribble,graffiti,doodle","","1548770"
"捨て場","捨[す]て場[ば]","すてば","1","67558","0","dumping ground,dump","","1595700"
"書類","書[しょ]類[るい]","しょるい","1","3210","0","document,papers","","1344200"
"寝っ転がる","寝[ね]っ転[ころ]がる","ねっころがる","1","28901","5","to lie down,to throw oneself down","","2839344"
"後世","後[こう]世[せい]","こうせい","1","15854","1","posterity,future generations,future life","","1269810"
"なんなら","なんなら","なんなら","1","5672","3","if you like,if you prefer,if it suits you,if it's fine with you,if you don't mind,if necessary,if ... doesn't suit you,if you don't like ...,if ... doesn't take your fancy,what's more,furthermore,if so,if that's the case,then","","2244400"
"そのまま","そのまま","そのまま","1","469","4","without change,as is,just like,extremely similar,immediately,just after,without a pause","","1406030"
"惰眠を貪る","惰[だ]眠[みん]を貪[むさぼ]る","だみんをむさぼる","1","41356","","to sleep all day,to idle away one's time,to loaf all day","","2849543"
"むなしい","むなしい","むなしい","1","9640","3,0","empty,void,vacant,vain,fruitless,futile,ineffective,lifeless","","1245370"
"行為","行[こう]為[い]","こうい","1","1730","1","act,deed,conduct","","1281830"
"閉じ込める","閉[と]じ込[こ]める","とじこめる","1","2861","4,0","to lock up,to shut up,to imprison","","1508560"
"気楽","気[き]楽[らく]","きらく","1","3523","0","carefree,comfortable,at ease,easygoing,happy-go-lucky","","1222010"
"ただただ","ただただ","ただただ","1","4890","1","absolutely,completely,utterly,really,simply,only","","1596990"
"暇潰し","暇[ひま]潰[つぶ]し","ひまつぶし","1","21994","0,3","killing time,keeping oneself occupied,time killer,wasting time,waste of time","","1192820"
"誘う","誘[さそ]う","さそう","1","834","3","to invite,to ask (someone to do),to call (for),to take (someone) along,to tempt,to lure,to entice,to seduce,to induce (tears, laughter, sleepiness, etc.),to arouse (e.g. sympathy),to provoke","","1541900"
"ちゃっちゃと","ちゃっちゃと","ちゃっちゃと","1","17227","1","lickety-split,quickly","","2746340"
"ちょうだい","ちょうだい","ちょうだい","1","1419","3","receiving,getting,accepting,being given,eating,drinking,having,please (give me; do for me)","","1430230"
"前髪","前[まえ]髪[がみ]","まえがみ","1","6483","0","forelock,bangs","","1393880"
"砂","砂[すな]","すな","1","4123","0","sand,grit,fine gravel","","1291500"
"わがまま","わがまま","わがまま","1","2358","3,4","selfish,egoist,self-indulgent,wilful,willful","","1197020"
"膨大","膨[ぼう]大[だい]","ぼうだい","1","6321","0","huge,vast,enormous,colossal,extensive,large,swelling,expansion","","1603660"
"っち","っち","っち","1","2564","","pluralizing suffix","","2798130"
"労力","労[ろう]力[りょく]","ろうりょく","1","11615","1","labour,labor,effort,toil,trouble","","1560650"
"しも","しも","しも","1","31981","2","frost,white hair,grey hair,gray hair","","1402930"
"費やす","費[つい]やす","ついやす","1","7312","3,0","to spend,to expend,to consume,to waste,to squander,to throw away,to devote","","1484600"
"ならともかく","ならともかく","ならともかく","1","5926","","it's different when ... but,it's not so bad when ... but","","2435520"
"不安定","不[ふ]安[あん]定[てい]","ふあんてい","1","4263","2","instability,insecurity,crankiness","","1491190"
"鍵穴","鍵[かぎ]穴[あな]","かぎあな","1","19105","0","keyhole","","1260510"
"賛成","賛[さん]成[せい]","さんせい","1","2988","0","approval,agreement,support,favour,favor","","1304200"
"１頭","１[いっ]頭[とう]","いっとう","1","39828","1,0","one large animal (horses, cattle, etc.),head (of cattle)","","1165320"
"新天地","新[しん]天[てん]地[ち]","しんてんち","1","27094","3","new land,new world,new sphere of activity","","2755970"
"もしかすると","もしかすると","もしかすると","1","5270","1","perhaps,possibly,maybe,by some chance","","1012530"
"開錠","開[かい]錠[じょう]","かいじょう","1","35616","0","unlocking","","2246990"
"作り上げる","作[つく]り上[あ]げる","つくりあげる","1","5062","5","to build up,to complete,to construct,to create,to put together,to make up,to fabricate,to invent,to cook up","","1297320"
"暑い","暑[あつ]い","あつい","1","1920","2","hot,warm,sultry,heated,passionate,impassioned,burning (desire, etc.),on everybody's mind,on the radar,du jour,interested (gaze, etc.)","","1343460"
"気持ちいい","気[き]持[も]ちいい","きもちいい","1","1707","","feeling good,feeling nice,feeling pleasant","","1222230"
"手引き","手[て]引[び]き","てびき","1","15807","1,3","guidance,lead,acting as guide,giving assistance,introduction,good offices,influence,connections,guide,primer,guidebook,handbook,manual","","1598410"
"捕まえる","捕[つか]まえる","つかまえる","1","1333","0","to catch,to capture,to arrest,to seize,to restrain,to grab,to clutch,to grasp,to seize,to hold on to,to catch hold of (someone),to stop (e.g. a stranger in the street),to hail (a taxi, waiter, etc.),to hold (someone) back,to detain,towards (someone),at (someone),in (someone's) face","","1597780"
"吸う","吸[す]う","すう","1","1411","0","to breathe in,to inhale,to smoke (a cigarette, etc.),to suck,to sip,to slurp,to absorb,to soak up,to kiss","","1228260"
"絡みつく","絡[から]みつく","からみつく","1","7558","4,0,2","to twine around,to twist around,to coil around,to pester,to hassle","","1548510"
"透ける","透[す]ける","すける","1","9685","0","to be transparent,to show through","","1450530"
"肌","肌[はだ]","はだ","1","1723","1","skin,body (in the context of intimate bodily contact),surface,grain (e.g. of wood),texture,disposition,temperament,character,type","","1476450"
"着ける","着[つ]ける","つける","1","3987","2","to attach,to join,to connect,to add,to append,to affix,to stick,to glue,to fasten,to sew on,to apply (ointment),to put against,to furnish (a house with),to wear,to put on,to keep a diary,to make an entry,to appraise,to set (a price),to allot,to budget,to assign,to bring alongside,to place (under guard or doctor),to follow (someone),to shadow,to tail,to stalk,to load,to give (courage to),to keep (an eye on),to establish (relations or understanding),to turn on (a light),to produce flowers (of a plant),to produce fruit,to attach,to play an attachment,to do intensely,to do fiercely,to do strongly,to be used to (doing),to be accustomed to","","1495770"
"欲する","欲[ほっ]する","ほっする","1","5713","0,3","to want,to desire","","1547340"
"年上","年[とし]上[うえ]","としうえ","1","3140","0","older,senior","","1468870"
"申し訳ない","申[もう]し訳[わけ]ない","もうしわけない","1","1166","6","I'm sorry,(it's) inexcusable,I feel regretful,I feel guilty,thank you very much (for help, etc.)","","1612040"
"支配者","支[し]配[はい]者[しゃ]","しはいしゃ","1","11540","2","governor,leader,ruler","","1310280"
"年後","年[ねん]後[ご]","ねんご","1","4181","","years later","","1468570"
"裸になる","裸[はだか]になる","はだかになる","1","11821","","to take off one's clothes,to undress","","1547610"
"王子様","王[おう]子[じ]様[さま]","おうじさま","1","7252","","prince","","2858295"
"合う","合[あ]う","あう","1","721","1","to come together,to merge,to unite,to meet,to fit,to match,to suit,to agree with,to be correct,to be profitable,to be equitable,to do ... to each other,to do ... together","","1284430"
"ずれる","ずれる","ずれる","1","4836","2","to slide,to slip off,to get dislocated,to be out of alignment,to get dislodged,to deviate,to shift (position),to be out of sync,to be slightly off,to be off-point","","1006460"
"脱げる","脱[ぬ]げる","ぬげる","1","7537","2","to come off,to slip down,to slip off","","1416410"
"触る","触[さわ]る","さわる","1","820","0","to touch,to feel,to handle,to get involved (with),to approach,to be harmful to,to hinder,to interfere with,to irritate","","1357980"
"当てる","当[あ]てる","あてる","1","1486","0","to hit,to expose,to apply (e.g. patch),to put on,to put against,to hold on,to hold against,to allot,to call on someone (e.g. in class),to guess (an answer),to make a hit (e.g. in a lottery)","","1448860"
"下がる","下[さ]がる","さがる","1","1033","2","to come down,to go down,to fall,to drop,to sink,to get lower,to hang,to dangle,to move back,to step back,to withdraw,to retire,to deteriorate,to fall off,to be downgraded,to get closer to the present day,to play a sagari,to extend downwards","","1184160"
"曲線","曲[きょく]線[せん]","きょくせん","1","13302","0","curve","","1239970"
"やわらか","やわらか","やわらか","1","17624","3,2,4","soft,tender,pliant,supple,soft (colour, light, etc.),subdued,gentle (demeanour, voice, etc.),mild,informal,light,flexible (e.g. thinking)","","1460730"
"見られる","見[み]られる","みられる","1","2294","3","to be seen,to be in sight,to be able to see,to see,to be worth watching,to be worth seeing","","2835071"
"小さいころ","小[ちい]さいころ","ちいさいころ","1","12119","","as a child,when one was a child","","2420940"
"風呂","風[ふ]呂[ろ]","ふろ","1","2409","2,1","bath,bathing,bathtub,bathroom,bathhouse,public bath,room for drying lacquerware,base (wooden joint connecting the blade of a hoe, spade, etc., to the handle)","","1500100"
"着替え","着[き]替[が]え","きがえ","1","4052","0","changing clothes,change of clothes","","1423160"
"爆裂","爆[ばく]裂[れつ]","ばくれつ","1","28548","0","exploding","","1476000"
"お尻","お尻[しり]","おしり","1","3620","0","bottom,buttocks,bidet function (for anal cleansing)","","1002190"
"がかる","がかる","がかる","1","9254","","to appear ...,to look like ...,to seem ...,to have a trace of,to be tinged with","","2007720"
"色","色[いろ]","いろ","1","884","2","colour,color,hue,tint,tinge,shade,complexion,skin colour,skin color,look (on one's face),expression,appearance,air,feeling,personality,character,tone (of one's voice, etc.),tune,sound,ring,love,lust,sensuality,love affair,lover,paramour,beauty,sexiness,physical appeal,kind,type,variety","","1357600"
"材料","材[ざい]料[りょう]","ざいりょう","1","2812","3","materials,ingredients,material (for a novel, experiment, etc.),subject matter,grounds (for a decision, judgement, etc.),basis,evidence,data,(market) factor","","1296670"
"しゃべる","しゃべる","しゃべる","1","1165","2","to talk,to chat,to chatter","","1427510"
"行ってきます","行[い]ってきます","いってきます","1","2799","","I'm off (and will be back later),see you later","","2020140"
"死んでいる","死[し]んでいる","しんでいる","1","7278","","to be dead,to be lifeless","","2836337"
"水辺","水[みず]辺[べ]","みずべ","1","21893","0","water's edge,waterside,shore","","1649910"
"ゆっくり","ゆっくり","ゆっくり","1","443","3","slowly,unhurriedly,without haste,leisurely,at one's leisure,easily (e.g. in time),well,sufficiently,amply,with time to spare,well (e.g. sleep),comfortably","","1013050"
"最も","最[もっと]も","もっとも","1","1599","3,1","most,extremely","","1293700"
"縁遠い","縁[えん]遠[どお]い","えんどおい","1","19612","3,4","unconnected,weakly related,alien,far beyond (one's means, ability),having little prospect of marriage","","1177520"
"ってえ","ってえ","ってえ","1","11787","","called,named,that says,that","","2864229"
"貸し切り状態","貸[か]し切[き]り状態[じょうたい]","かしきりじょうたい","1","46004","","having a place to oneself (e.g. restaurant, movie theater),having the run of a place","","2866182"
"早起き","早[はや]起[お]き","はやおき","1","7452","2,3","getting up early,early rising,early riser,early bird","","1400200"
"かいがある","かいがある","かいがある","1","13308","","to be effective,to be fruitful,to be worthwhile,to be worth,to be rewarded,to pay off","","1863550"
"手を組む","手[て]を組[く]む","てをくむ","1","6889","","to join hands together,to join forces,to collaborate","","1895980"
"手作り","手[て]作[づく]り","てづくり","1","4557","2","handmade,handcrafted,homemade,homegrown","","1598360"
"代用品","代[だい]用[よう]品[ひん]","だいようひん","1","33999","0,3","substitute","","1412390"
"再現","再[さい]現[げん]","さいげん","1","3999","0,3","reappearance,reemergence,return,revival,reproduction,reenactment,recreation","","1292640"
"撃ち合う","撃[う]ち合[あ]う","うちあう","1","31794","3,0","to exchange gunfire,to exchange shots","","2646300"
"さす","さす","さす","1","2777","1","to pierce,to stab,to prick,to stick,to thrust,to sting,to bite,to sew,to stitch,to embroider,to pole (a boat),to catch (with a limed pole),to put (a runner) out,to pick off","","1306470"
"ねじ伏せる","ねじ伏[ふ]せる","ねじふせる","1","13971","4,0","to twist someone's arm and throw them to the ground,to hold (someone) down by twisting their arm,to wrestle (someone) to the floor,to force (someone) to yield (e.g. an argument),to make (someone) surrender","","1600130"
"うわさ","うわさ","うわさ","1","3385","0","rumour,rumor,report,hearsay,gossip,common talk","","1172590"
"いっぺんに","いっぺんに","いっぺんに","1","14588","3","(all) at once,at the same time,in one go,in one sitting,right away,in an instant","","1609240"
"岩石","岩[がん]石[せき]","がんせき","1","25466","1","rock","","1217360"
"少ない","少[すく]ない","すくない","1","951","3","few,little,small (amount),low,scarce,insufficient,seldom,rare","","1348910"
"何としても","何[なん]としても","なんとしても","1","8396","1,5","no matter what it takes,by any means necessary,at all costs,by hook or by crook","","2070560"
"庭","庭[にわ]","にわ","1","2783","0","garden,yard,courtyard,field (of action),area","","1436130"
"魔王","魔[ま]王[おう]","まおう","1","7887","2","Satan,the Devil,the Prince of Darkness,king of the demons who try to prevent people from doing good","","1524060"
"準備万端","準[じゅん]備[び]万[ばん]端[たん]","じゅんびばんたん","1","13250","","fully prepared,all ready","","2046860"
"回復","回[かい]復[ふく]","かいふく","1","1954","0","restoration,recovery,rehabilitation,return,improvement,recovery (from an illness),recuperation,convalescence","","1199720"
"守りきる","守[まも]りきる","まもりきる","1","16514","","to hold on to something (secret, lead in a race, etc.)","","2181360"
"着方","着[き]方[かた]","きかた","1","43665","","way of wearing,way one wears a garment","","2785120"
"間違う","間[ま]違[ちが]う","まちがう","1","797","3","to be mistaken,to be incorrect,to be wrong,to make a mistake (in),to do incorrectly,to get wrong,to mistake (one thing with another),to confuse","","1611610"
"面積","面[めん]積[せき]","めんせき","1","10820","1","area (measurement),square measure,size (of land),floor space","","1533500"
"少なすぎる","少[すく]なすぎる","すくなすぎる","1","19636","","to be lacking in options,to be too few","","2533830"
"魅力","魅[み]力[りょく]","みりょく","1","2612","0","charm,fascination,glamour,glamor,attraction,appeal","","1528150"
"最大限","最[さい]大[だい]限[げん]","さいだいげん","1","5591","3","maximum,to the maximum degree,to the full,at a maximum,at the most","","1609800"
"引き出す","引[ひ]き出[だ]す","ひきだす","1","3216","3","to pull out,to take out,to draw out,to lead out (e.g. a horse from a stable),to summon (e.g. to court),to bring (e.g. someone to the negotiating table),to drag,to withdraw (money),to draw,to bring out (talent, potential, beauty, flavour, etc.),to extract (information, the truth, etc.),to get (e.g. an answer out of someone),to obtain (e.g. a result),to elicit,to draw (a conclusion),to derive (e.g. pleasure),to get (money) out of someone,to coax out of someone,to get someone to pay,to make someone produce (funds)","","1601660"
"お似合い","お似[に]合[あ]い","おにあい","1","3872","","well-matched (esp. of a couple),becoming,suitable","","2838881"
"平ら","平[たい]ら","たいら","1","16775","0","flat,level,even,smooth,calm,tranquil,placid,composed,stable,relaxed (sitting posture),comfortable,plateau,tableland,plain","","1506930"
"控えめ","控[ひか]えめ","ひかえめ","1","6209","0,4","moderate,reserved,modest,temperate,restrained,low-key,conservative (estimate),self-effacing,unassuming","","1279070"
"育ち盛り","育[そだ]ち盛[ざか]り","そだちざかり","1","25823","4","growth period (in children)","","2006510"
"準備体操","準[じゅん]備[び]体[たい]操[そう]","じゅんびたいそう","1","36379","","warm-up exercises","","1712820"
"どうしたもこうしたもない","どうしたもこうしたもない","どうしたもこうしたもない","1","48129","","for crying out loud!,for chrissakes!,denotes shock at ignorance","","2828572"
"沿う","沿[そ]う","そう","1","9774","0,1","to run along,to run beside,to stick to (a line),to follow (a policy, plan, etc.),to act in accordance with,to align with,to meet (wishes, expectations, etc.),to satisfy,to comply with,to live up to","","1176700"
"全身","全[ぜん]身[しん]","ぜんしん","1","1750","0","whole (body),full-length (e.g. portrait),systemic","","1395410"
"水","水[すい]","すい","1","12421","0","Wednesday,shaved ice (served with flavored syrup),water (fifth of the five elements)","","2153780"
"浸かる","浸[つ]かる","つかる","1","7935","0","to be submerged,to be soaked,to be pickled,to be well seasoned,to be totally immersed (in a condition, e.g. laziness)","","1433670"
"朝","朝[あさ]","あさ","1","482","3,0","morning,breakfast","","1428280"
"衣装","衣[い]装[しょう]","いしょう","1","3318","1","clothing,costume,outfit,garment,dress","","1158760"
"機能性","機[き]能[のう]性[せい]","きのうせい","1","34365","0","functionality","","2810580"
"大臣","大[だい]臣[じん]","だいじん","1","13671","2,0","cabinet minister","","1414160"
"悩む","悩[なや]む","なやむ","1","1101","2","to be worried,to be troubled","","1469870"
"基本的に","基[き]本[ほん]的[てき]に","きほんてきに","1","3444","","basically,fundamentally","","1219270"
"経緯","経[けい]緯[い]","けいい","1","4731","1","details,particulars,sequence of events,circumstances,situation,how things got this way,longitude and latitude,warp and weft,warp and woof","","1251120"
"寝そべる","寝[ね]そべる","ねそべる","1","11531","3","to sprawl,to lie sprawled,to stretch oneself out,to lie relaxed on one's side","","1359990"
"砂場","砂[すな]場[ば]","すなば","1","29289","0","sandpit,sandbox","","1291570"
"浅瀬","浅[あさ]瀬[せ]","あさせ","1","26358","0","shoal,shallows,sand bar,ford","","1390850"
"戯れる","戯[たわむ]れる","たわむれる","1","12012","4","to be playful,to gambol,to be amused (with something),to play,to sport,to frolic,to joke,to flirt with,to have elegance,to have refinement","","1224970"
"寝","寝[ね]","ね","1","12317","0","sleep","","1642760"
"かなり","かなり","かなり","1","640","1","considerably,fairly,quite,rather,pretty","","1590560"
"ちょくちょく","ちょくちょく","ちょくちょく","1","10772","1","often,frequently,now and then,occasionally","","1007790"
"同然","同[どう]然[ぜん]","どうぜん","1","3238","0","just like,(virtually) no different from,(almost) the same as,as good as (e.g. dead, settled)","","1452950"
"格好","格[かっ]好[こう]","かっこう","1","1050","0","shape,form,figure,posture,pose,appearance,style,state,situation,suitable,fit,reasonable,about","","1590480"
"わい","わい","わい","1","3209","","indicates emotion","","2201380"
"裸女","裸[ら]女[じょ]","らじょ","1","119410","1","naked woman","","2589850"
"子","子[し]","し","1","12259","0","child (esp. a boy),viscount,founder of a school of thought (esp. Confucius),master,masters and philosophers (categorization of Chinese classical literature),you,-er (i.e. man who spends all his time doing ...),counter for played stones","","2216440"
"まったくもう","まったくもう","まったくもう","1","10307","","good grief","","2122570"
"えらい目にあう","えらい目[め]にあう","えらいめにあう","1","58845","","to have a terrible time,to have a hard time","","2275120"
"下着","下[した]着[ぎ]","したぎ","1","3448","0","underwear,undergarment,underclothes,lingerie","","1185930"
"持ってくる","持[も]ってくる","もってくる","1","654","4","to bring (something),to take along,to fetch,to get","","1315710"
"やかましい","やかましい","やかましい","1","5551","5","noisy,loud,clamorous,boisterous,much talked of,much-discussed,vexed,strict,severe,stern,particular,fussy,fastidious,fault-finding,carping","","1211380"
"悪気","悪[わる]気[ぎ]","わるぎ","1","7134","3,0","ill will,malice,evil intent","","1151560"
"露出","露[ろ]出[しゅつ]","ろしゅつ","1","5915","0","exposure,laying bare,baring (e.g. skin),exposure,(media) exposure,appearance (on TV, in magazines, etc.)","","1560130"
"住む","住[す]む","すむ","1","618","1","to live (of humans),to reside,to inhabit,to dwell,to abide","","1334040"
"この人","この人[ひと]","このひと","1","663","2,4","this person,he,she","","2832955"
"変わってる","変[か]わってる","かわってる","1","5638","","to be unusual (of a person or thing),to be uncommon,to be peculiar,to be eccentric,to be different","","2517580"
"とっても","とっても","とっても","1","1241","0","very,awfully,exceedingly,(not) at all,by no means,simply (cannot)","","1008630"
"お小遣い","お小[こ]遣[づか]い","おこづかい","1","8768","","pocket money,spending money,pin money,allowance","","2408310"
"停止","停[てい]止[し]","ていし","1","3417","0","stoppage,coming to a stop,halt,standstill,ceasing (movement, activity, etc.),suspension (of operations),interruption (e.g. of electricity supply),cutting off,suspension (of payment, a licence, etc.),(temporary) prohibition,ban,suspension of music, dance, etc. as a sign of mourning for a prominent person","","1434920"
"それで","それで","それで","1","583","0,3","so,therefore,and,(and) then","","1007000"
"派手","派[は]手[で]","はで","1","1790","2","showy,loud,flashy,gaudy","","1471140"
"ひいきにする","ひいきにする","ひいきにする","1","42105","","to favor,to favour,to show favor to,to show favour to,to be partial to,to be a regular customer of","","1573210"
"上","上[じょう]","じょう","1","1398","0","from the standpoint of,from the viewpoint of,with respect to,in terms of,as a matter of,in view of,so far as ... is concerned,on,above,on top of,aboard (a ship or vehicle),the best,top,first class,first grade,first volume (of a two or three-volume set),first book,with my compliments","","1352170"
"中","中[ちゅう]","ちゅう","1","340","1","medium (size),average (grade, level, etc.),middle,in,within,out of (e.g. ten people),among,during,while,in (the course of),within (a period),throughout,currently (doing),in the process of,in the middle of,under (e.g. construction, investigation),middle way,moderation,second volume (of three),junior high school,middle school,China","","1620400"
"ねー","ねー","ねー","1","4949","1","nonexistent,not being (there),not having,not","","2841117"
"石斧","石[せき]斧[ふ]","せきふ","1","91001","0","stone axe (ax)","","1703120"
"どっから","どっから","どっから","1","10727","","from where","","2865901"
"と書いてある","と書[か]いてある","とかいてある","1","19420","","it is written that ...,... is written,it says ...,it reads ...","","2825868"
"開く","開[ひら]く","ひらく","1","411","0","to open,to undo,to unseal,to unpack,to bloom,to unfold,to spread out,to open (for business, e.g. in the morning),to be wide (gap, etc.),to widen,to hold (meeting, party, etc.),to give,to open,to found (nation, dynasty, sect, etc.),to open (a new business),to set up,to establish,to start,to open (ports, borders, etc.),to open (an account),to open up (new land, path, etc.),to clear,to develop,to open (a file, etc.),to extract (root),to reduce (equation),to cut open (fish),to change (kanji into hiragana),to flare (e.g. skirt),to slacken (into a poor posture),to extend","","1202440"
"おめでとうございます","おめでとうございます","おめでとうございます","1","2840","","congratulations","","1001540"
"んー","んー","んー","1","955","","hm,um,huh?,what?,nuh-uh,no","","2840542"
"修業","修[しゅう]業[ぎょう]","しゅうぎょう","1","9559","0","pursuit of knowledge,studying,learning,training,completing a course","","1579800"
"武門","武[ぶ]門[もん]","ぶもん","1","48649","1","military family,warrior class","","1498950"
"盾","盾[たて]","たて","1","3945","1","shield,buckler,escutcheon,pretext,excuse,grounds (for),justification","","1341840"
"数々","数[かず]々[かず]","かずかず","1","3594","1","many,numerous,various,large number of","","1590300"
"猿酒","猿[さる]酒[ざけ]","さるざけ","1","211436","2","monkey booze,sake-like liquid produced by the fermentation of fruits left by monkeys in tree caches or hollows in rocks","","2570960"
"家系","家[か]系[けい]","かけい","1","10518","0","family lineage","","1191900"
"武闘","武[ぶ]闘[とう]","ぶとう","1","21327","0","armed struggle","","2428100"
"口噛み酒","口[くち]噛[か]み酒[ざけ]","くちかみざけ","1","185003","","sake made from rice or other cereal which is chewed before fermentation","","2571030"
"というものは","というものは","というものは","1","6336","","that is to say,so that means","","2841096"
"あたたか","あたたか","あたたか","1","29550","3,2","warm,mild,genial","","2081300"
"召し抱える","召[め]し抱[かか]える","めしかかえる","1","45223","5,4,0","to employ (as a retainer),to enlist,to engage","","1346430"
"近づける","近[ちか]づける","ちかづける","1","2416","4","to bring near,to bring close,to let go near,to associate with,to bring (people) together,to let come near (of a person)","","1242520"
"というわけだ","というわけだ","というわけだ","1","4572","","this is why,this means,it is the case that","","1008840"
"早いもので","早[はや]いもので","はやいもので","1","38277","","already,time flies","","2815260"
"様に言う","様[よう]に言[い]う","ようにいう","1","31912","","to tell (someone) to ...","","2215400"
"家","家[か]","か","1","3170","2","-ist,-er","","2220280"
"釣り合い","釣[つ]り合[あ]い","つりあい","1","25288","0","balance,equilibrium","","1598110"
"養女","養[よう]女[じょ]","ようじょ","1","30406","1","adopted daughter,foster daughter","","1547170"
"となり","となり","となり","1","2570","0","next (to),adjoining,adjacent,house next door,neighbouring house,next-door neighbour,next-door neighbor","","1555830"
"嫁ぐ","嫁[とつ]ぐ","とつぐ","1","12655","2","to marry (of a woman),to become a bride,to marry into (a family),to have sexual intercourse","","1191690"
"お茶","お茶[ちゃ]","おちゃ","1","1182","0","tea (esp. green or barley),tea break,teatime,tea ceremony","","1002430"
"役に立てる","役[やく]に立[た]てる","やくにたてる","1","3497","","to put to use,to make good use of,to exploit","","2842168"
"何事も","何[なに]事[ごと]も","なにごとも","1","4145","","everything,anything,nothing","","2179230"
"通う","通[かよ]う","かよう","1","1172","0","to go to and from (a place),to go back and forth between,to run between (e.g. bus, train, etc.),to ply between,to go to (school, work, etc.),to attend,to commute,to frequent,to circulate (e.g. blood, electricity),to be communicated (e.g. thought),to resemble","","1432850"
"あくまで","あくまで","あくまで","1","1855","1,2","to the end,to the bitter end,to the last,stubbornly,persistently,consistently,to the utmost,after all,it must be remembered,only,purely,simply","","1518320"
"商品価値","商[しょう]品[ひん]価[か]値[ち]","しょうひんかち","1","52357","","commercial value,commodity value,marketability","","2829192"
"ひょえー","ひょえー","ひょえー","1","65922","","whoa!","","2854551"
"嫁","嫁[よめ]","よめ","1","3509","0","bride,(one's) daughter-in-law,wife","","1191680"
"先方","先[せん]方[ぽう]","せんぽう","1","9502","0","other party,other side,ahead,in front,destination","","1388600"
"振り回す","振[ふ]り回[まわ]す","ふりまわす","1","2533","4,3","to wield,to brandish,to flourish,to wave (about),to swing,to display (one's knowledge),to show off,to abuse (one's power),to manipulate someone","","1361170"
"まもなく","まもなく","まもなく","1","4908","2","soon,shortly,before long,in a short time,in a little while,having no time to ...,with no time to ...","","1215290"
"到着","到[とう]着[ちゃく]","とうちゃく","1","1606","0","arrival","","1449870"
"さびれる","さびれる","さびれる","1","42165","3,0","to decline (in prosperity),to become deserted,to become desolate,to taper off (of a sound)","","1324490"
"有名","有[ゆう]名[めい]","ゆうめい","1","1217","0","famous,well-known","","1541620"
"明らか","明[あき]らか","あきらか","1","1564","2","clear,obvious,evident,plain,definite,bright,light","","1532310"
"親交を深める","親[しん]交[こう]を深[ふか]める","しんこうをふかめる","1","34021","","to develop a relationship,to build intimacy,to deepen a friendship,to get acquainted","","2836063"
"無理やり","無[む]理[り]やり","むりやり","1","2657","0","forcibly,by force,against one's will","","1531030"
"連れ戻す","連[つ]れ戻[もど]す","つれもどす","1","5711","4","to bring back","","1559350"
"踏みにじる","踏[ふ]みにじる","ふみにじる","1","7469","4","to trample underfoot,to tread on,to crush with a foot","","1450260"
"ぶっ潰す","ぶっ潰[つぶ]す","ぶっつぶす","1","15230","4","to smash (violently),to crush,to ruin (a plan, company, etc.),to wreck,to destroy,to bring down","","2801620"
"方向","方[ほう]向[こう]","ほうこう","1","1410","0","direction,orientation,bearing,way,course (e.g. of action)","","1516990"
"異議","異[い]議[ぎ]","いぎ","1","10635","1","objection,dissent,protest","","1157580"
"高飛車","高[たか]飛[び]車[しゃ]","たかびしゃ","1","30561","0","high-handed,domineering,on one's high horse","","1283910"
"情報収集","情[じょう]報[ほう]収[しゅう]集[しゅう]","じょうほうしゅうしゅう","1","8444","","intelligence gathering,information gathering","","1995520"
"おーい","おーい","おーい","1","1153","1,2","hey!,oi!,ahoy!","","2853873"
"入場料","入[にゅう]場[じょう]料[りょう]","にゅうじょうりょう","1","37258","3","entrance fee,admission fee,admission,entrance charge,admission charge","","1466430"
"通行料","通[つう]行[こう]料[りょう]","つうこうりょう","1","57435","","toll","","2639740"
"金がない","金[かね]がない","かねがない","1","10285","","broke,poor,short,skint,having no money","","1866230"
"情","情[じょう]","じょう","1","5407","0","feelings,emotion,sentiment,compassion,sympathy,passion,affection,love,the way things really are,the actual situation","","1356210"
"深い","深[ふか]い","ふかい","1","698","2","deep,profound,dense,thick,close (relationship),intense,strong,late","","1362640"
"怖い顔","怖[こわ]い顔[かお]","こわいかお","1","6435","","grim face,angry look","","1877520"
"平気で","平[へい]気[き]で","へいきで","1","4966","","without compunction,coolly,without batting an eyelid,unscrupulously,nonchalantly,remorselessly,without hesitation","","2763720"
"飛び込む","飛[と]び込[こ]む","とびこむ","1","2152","3","to jump in,to leap in,to plunge into,to dive,to burst in,to barge in","","1598890"
"雇い主","雇[やと]い主[ぬし]","やといぬし","1","16087","2,3","employer","","1605560"
"この度","この度[たび]","このたび","1","5535","2","this occasion,at this time,now","","1004740"
"参謀","参[さん]謀[ぼう]","さんぼう","1","18906","0","staff officer,military staff,adviser,counselor,counsellor","","1302580"
"誠にありがとうございます","誠[まこと]にありがとうございます","まことにありがとうございます","1","19882","","thank you very much","","2838980"
"かねてより","かねてより","かねてより","1","28959","","previously,already,beforehand,in advance,for some time","","2833448"
"よしみ","よしみ","よしみ","1","16719","1,3","friendship,friendly relations,connection,relation,intimacy","","1608940"
"しとめる","しとめる","しとめる","1","18480","3","to bring down (an animal, opponent, etc.),to kill,to shoot dead,to shoot down","","1305630"
"花嫁","花[はな]嫁[よめ]","はなよめ","1","10534","2","bride","","1194570"
"見に来る","見[み]に来[く]る","みにくる","1","3075","","to come to see,to come and see,to visit","","2213050"
"そちら","そちら","そちら","1","1254","3","that way,that direction,there,that (one),you,your family,your company,that person","","1006780"
"お嬢さん","お嬢[じょう]さん","おじょうさん","1","2770","2","(another's) daughter,young lady","","1002170"
"申す","申[もう]す","もうす","1","1081","1","to say,to be called,to do","","1363090"
"ふむ","ふむ","ふむ","1","2380","1","hmm,I see,hrm","","2180650"
"えげつない","えげつない","えげつない","1","15168","4","dirty,vulgar,nasty,offensive,disgusting","","1001160"
"警告","警[けい]告[こく]","けいこく","1","4868","0","warning,caution,admonition,keikoku (penalty in judo)","","1252360"
"偶然","偶[ぐう]然[ぜん]","ぐうぜん","1","1070","0","coincidence,chance,accident,fortuity,by chance,unexpectedly,accidentally,contingency","","1246270"
"ごくごく","ごくごく","ごくごく","1","10364","1","(drinking) in big gulps","","2178890"
"ものですか","ものですか","ものですか","1","8703","","as if (something untrue were actually true),like hell (e.g. ""like hell I will"")","","2130450"
"独占","独[どく]占[せん]","どくせん","1","6307","0","monopoly,monopolization,exclusivity,hogging,keeping to oneself","","1455870"
"専売","専[せん]売[ばい]","せんばい","1","78883","0","monopoly,monopolization,exclusive sales rights","","1389860"
"不当","不[ふ]当[とう]","ふとう","1","12973","0","unfair,unjust,wrongful,improper,unreasonable,unwarranted,unjustified,undeserved,undue","","1494120"
"つり上げる","つり上[あ]げる","つりあげる","1","23067","4","to lift (with a crane, ropes, etc.),to raise,to hoist,to manipulate (a price) upward,to (artificially) raise,to push up,to inflate,to jack up","","1434010"
"刃向かう","刃[は]向[む]かう","はむかう","1","17092","3","to strike back at,to bite back,to turn on,to rise against,to oppose,to defy","","1601070"
"牢屋","牢[ろう]屋[や]","ろうや","1","16245","3","jail,gaol,jailhouse","","1560930"
"行き","行[い]き","いき","1","3683","0","the way there,outbound leg,outbound trip,departing leg,bound for ...,outbound ticket","","1578790"
"放題","放[ほう]題[だい]","ほうだい","1","5395","1","(doing) as one pleases,to one's heart's content,letting (something) go unchecked,leaving uncontrolled,leaving (something) to take its own course","","1516770"
"絵になる","絵[え]になる","えになる","1","13190","","to make a lovely picture,to be perfect for a picture,picture-perfect,picturesque","","2225110"
"策","策[さく]","さく","1","4246","1,2","plan,policy,means,measure,stratagem,scheme,fifth principle of the Eight Principles of Yong,right upward flick","","1298260"
"乗り込む","乗[の]り込[こ]む","のりこむ","1","2901","3","to board (a train, plane, etc.),to get into (a car),to get on (a bus),to go on board,to get aboard,to march into,to enter,to arrive (at, in)","","1354910"
"まずい","まずい","まずい","1","922","2","bad(-tasting),unpalatable,unsavoury,unsavory,awful,terrible,unpleasant,poor,unskillful,unskilful,bungling,clumsy,ugly,unattractive,homely,plain,awkward,problematic,troublesome,unfavorable,unfavourable,unwise","","1495000"
"下手したら","下手[へた]したら","へたしたら","1","13516","","if one is unlucky,if one is careless","","2748770"
"全員","全[ぜん]員[いん]","ぜんいん","1","591","0","all members,all hands,everyone,everybody,whole crew","","1394840"
"お尋ね者","お尋[たず]ね者[もの]","おたずねもの","1","34287","0","person sought by the police,wanted person,fugitive from justice","","1002240"
"慎重","慎[しん]重[ちょう]","しんちょう","1","2158","0","careful,cautious,prudent,discreet,deliberate","","1361110"
"亡き者","亡[な]き者[もの]","なきもの","1","39835","1","dead person","","1518490"
"しようとする","しようとする","しようとする","1","1585","","to try to do,to attempt to do","","2537250"
"立てる","立[た]てる","たてる","1","963","2","to stand up,to put up,to set up,to erect,to raise,to thrust into,to bury into,to dig into,to make (a noise),to start (a rumour),to raise (a cloud of dust, etc.),to cause,to make,to establish,to set up,to develop,to formulate,to put up (a political candidate),to make (one's leader),to treat with respect,to give (someone) their due,to make (someone) look good,to avoid embarrassing (someone),to sharpen,to make clear,to shut,to close,to make tea (matcha),to perform the tea ceremony,to divide by,to do ... vigorously","","1551530"
"重要","重[じゅう]要[よう]","じゅうよう","1","1314","0","important,essential,significant,major,key,principal","","1336820"
"出て行く","出[で]て行[い]く","でていく","1","2818","","to go out and away,to leave","","2200300"
"居合わせる","居[い]合[あ]わせる","いあわせる","1","9772","4","to happen to be present","","1231750"
"陽光","陽[よう]光[こう]","ようこう","1","13442","0","sunshine,sunlight","","1547010"
"月光","月[げっ]光[こう]","げっこう","1","14354","0","moonlight,moonbeam","","1255650"
"侵入者","侵[しん]入[にゅう]者[しゃ]","しんにゅうしゃ","1","8024","","intruder,invader,trespasser,raider","","1359870"
"裁判","裁[さい]判[ばん]","さいばん","1","7654","1","trial,judgement,judgment","","1296120"
"どんだけ","どんだけ","どんだけ","1","3255","0","how much,how many,to what extent,oh my god,how,what the,incredible","","2243590"
"加勢","加[か]勢[せい]","かせい","1","11748","0,2","assistance,backing,reinforcements","","1190350"
"ま","ま","ま","1","2642","1","just (e.g. ""just wait here""),come now,now, now,tolerably,passably,moderately,reasonably,fairly,rather,somewhat,well ...,I think ...,it would seem ...,you might say ...,Hmmm, I guess so ...,oh!,oh dear!,oh, my!,wow!,goodness gracious!,good heavens!","","1012050"
"隙","隙[すき]","すき","1","2036","0","gap,opening,room,space,break,interval,spare moment,spare time,unguarded moment,carelessness,weak spot,chink in one's armor,flaw,fault,chance,opportunity","","1253780"
"引きずる","引[ひ]きずる","ひきずる","1","3298","0","to drag,to trail,to pull along the ground,to lug,to force (someone) along,to drag (along),to prolong,to drag out,to influence,to persuade,to entice,to lure","","1169000"
"苦労をかける","苦[く]労[ろう]をかける","くろうをかける","1","20644","","to cause someone trouble,to burden someone","","2850641"
"新た","新[あら]た","あらた","1","1280","1","new,fresh,novel","","1361510"
"いまだ","いまだ","いまだ","1","4395","1","still,as yet,only,(not) yet,more,(more) still,at least,comparatively,relatively,unfinished,incomplete,not yet done","","1527110"
"しかして","しかして","しかして","1","6228","2","and,and then,thus,and now,and finally","","1006730"
"旅立ち","旅[たび]立[だ]ち","たびだち","1","17333","0,4","setting off (on a trip),departure","","1553260"
"やり方","やり方[かた]","やりかた","1","1430","0","way (of doing),manner,method,means","","1012960"
"税","税[ぜい]","ぜい","1","17221","1","tax","","2081570"
"主人","主[しゅ]人[じん]","しゅじん","1","2752","1","head (of a household),proprietor (of a store),proprietress,landlord,landlady,one's husband,(one's) employer,(one's) master,host,hostess","","1579780"
"屋敷","屋[や]敷[しき]","やしき","1","3401","3","residence,estate,grounds,premises,mansion","","1605460"
"いつしか","いつしか","いつしか","1","5566","1","before one knows,unnoticed,unawares","","1188810"
"ああ","ああ","ああ","1","2048","1","ah!,oh!,alas!,yes,indeed,that is correct,aah,gah,argh,hey!,yo!,uh huh,yeah yeah,right,gotcha","","1565440"
"もって","もって","もって","1","1555","1","with,by,by means of,because of,on account of,for,due to,on (a day, date),at (a time),as of (e.g. today),adds emphasis to preceding word,in addition (to being),moreover,as well as,and,therefore,and so,hence","","1155020"
"片づける","片[かた]づける","かたづける","1","3195","4","to put in order,to tidy up,to clean up,to put away,to clear away,to settle (a matter),to solve,to deal with,to dispose of,to finish,to get through,to complete,to get (something) done,to marry off (one's daughter),to do away with (someone),to bump off,to kill,to eliminate","","1511790"
"兵隊","兵[へい]隊[たい]","へいたい","1","10027","0","armed forces,military,troops,(common) soldier,rank-and-file soldier,underling,ordinary employee,grunt","","1506590"
"引導を渡す","引[いん]導[どう]を渡[わた]す","いんどうをわたす","1","24623","","to perform the last rites over the deceased,to give someone their final notice (e.g. when firing them),to give someone the final word","","2102170"
"ぬ","ぬ","ぬ","1","4434","","not","","2441300"
"丼","丼[どんぶり]","どんぶり","1","16772","0","porcelain bowl,donburi,bowl of meat, fish, etc. served over rice,front pocket in a haragake","","1562970"
"呼ばれる","呼[よ]ばれる","よばれる","1","1942","0","to be called out,to be called (a name),to be referred to as,to be invited (to),to be summoned,to be called,to be sent for,to be treated to (a meal, drink, etc.)","","1631030"
"冗談","冗[じょう]談[だん]","じょうだん","1","647","3","joke,jest,funny story","","1355540"
"よくする","よくする","よくする","1","4658","1","to make good,to improve,to do often,to be kind to,to treat well,to do well","","2257610"
"使者","使[し]者[しゃ]","ししゃ","1","10198","1","messenger,envoy,emissary","","1306000"
"がい","がい","がい","1","50850","0","outside ...,beyond ...,not included in ...","","2227930"
"宝物","宝[たから]物[もの]","たからもの","1","4538","0,4,5","treasure,treasured item,prized possession","","1584080"
"邪悪","邪[じゃ]悪[あく]","じゃあく","1","6956","0,1","wicked,evil","","1323430"
"年半","年[とし]半[なか]","としなか","1","30716","0,3","middle of a year","","2833708"
"文書","文[ぶん]書[しょ]","ぶんしょ","1","13915","1","document,writing,letter,papers,notes,records,archives,document addressed to someone","","1583840"
"偽造","偽[ぎ]造[ぞう]","ぎぞう","1","16726","0","forgery,counterfeiting,fabrication,falsification","","1224580"
"乗っ取る","乗[の]っ取[と]る","のっとる","1","6089","3","to take possession of (forcibly),to take over (a company, account, etc.),to capture (a castle, enemy position, etc.),to seize,to occupy,to usurp,to hijack (a plane, ship, etc.)","","1354700"
"不正","不[ふ]正[せい]","ふせい","1","7106","0","injustice,unfairness,wrongdoing,iniquity,impropriety,irregularity,dishonesty,illegality,fraud","","1493370"
"私腹を肥やす","私[し]腹[ふく]を肥[こ]やす","しふくをこやす","1","37036","","to fill one's own pocket by taking advantage of a position","","1311370"
"取り乱す","取[と]り乱[みだ]す","とりみだす","1","5692","4,0","to be upset,to lose one's composure,to lose self-control,to go to pieces,to be shaken up,to break down,to be flustered,to blow one's cool,to put in disorder,to mess up,to disturb,to scatter about","","1326950"
"あぁ","あぁ","あぁ","1","8123","1","ah!,oh!,alas!,yes,indeed,that is correct,aah,gah,argh,hey!,yo!,uh huh,yeah yeah,right,gotcha","","1565440"
"場","場[ば]","ば","1","1075","1","place,spot,space,field,discipline,sphere,realm,occasion,situation,scene (of a play, movie, etc.),session,field,table,area in which cards are laid out,round (east, south, etc.),field,field (in Gestalt psychology)","","1355790"
"聞き届ける","聞[き]き届[とど]ける","ききとどける","1","19734","5","to grant (a request),to accept,to hear (a prayer),to comply with (a demand)","","1505860"
"両者","両[りょう]者[しゃ]","りょうしゃ","1","6546","1","pair,the two,both persons,both things","","1553650"
"言い分","言[い]い分[ぶん]","いいぶん","1","5793","0","one's say,one's point,one's case,one's claim,complaint,objection,grievance","","1264250"
"領","領[りょう]","りょう","1","16619","1","territory (of country, feudal domain, etc.),counter for suits of clothing, sets of armor, etc.","","2082260"
"言葉","言[こと]葉[ば]","ことば","1","252","3","language,dialect,word,phrase,expression,term,speech,(manner of) speaking,(use of) language,words,remark,statement,comment,learning to speak,language acquisition","","1264540"
"無用","無[む]用[よう]","むよう","1","4129","0,1","useless,futile,unnecessary,needless,not on business,unrelated,unauthorised,unauthorized,prohibited,banned,forbidden","","1530940"
"双方","双[そう]方[ほう]","そうほう","1","7153","1","both parties,both sides","","1398940"
"己が","己[おの]が","おのが","1","13959","","my,one's own,I ...,one ...","","2272850"
"示す","示[しめ]す","しめす","1","1404","2,0","to (take out and) show,to demonstrate,to tell,to exemplify,to make apparent,to point out (finger, clock hand, needle, etc.),to indicate,to show,to represent,to signify,to display","","1317110"
"敵を討つ","敵[かたき]を討[う]つ","かたきをうつ","1","23035","","to avenge (someone) by striking down their killer","","2219070"
"未来","未[み]来[らい]","みらい","1","850","1","(distant) future,future existence,world beyond the grave,the world to come,future (tense)","","1528060"
"預ける","預[あず]ける","あずける","1","1736","3","to leave (in someone's keeping),to put (in someone's care),to place (in someone's custody),to entrust (someone) with,to deposit,to put (someone) in charge of,to leave (a matter) in someone's hands,to let (someone) decide,to lean on,to put one's weight on","","1544990"
"何だこれは","何[なん]だこれは","なんだこれは","1","14722","","what on Earth is this?","","2557290"
"沈む","沈[しず]む","しずむ","1","2137","0","to sink,to go under,to submerge,to go down (e.g. sun),to set,to descend,to feel depressed,to become subdued,to become somber","","1431670"
"お祈り","お祈[いの]り","おいのり","1","17232","0","prayer,supplication","","2269380"
"最中","最[さい]中[ちゅう]","さいちゅう","1","2571","1","(in) the middle of,(in) the midst of,(in) the course of,(at) the height of","","1579210"
"口に出す","口[くち]に出[だ]す","くちにだす","1","4349","","to express (orally),to put into words,to say out loud","","2128560"
"陰","陰[かげ]","かげ","1","3048","1","shade,shadow,behind (something),other side,back,the background,behind the scenes,behind someone's back,gloom (in someone's expression, nature, etc.),darkness","","1590150"
"高等","高[こう]等[とう]","こうとう","1","18434","0","high class,high grade","","1283850"
"止まる","止[と]まる","とまる","1","565","0","to stop (moving),to come to a stop,to stop (doing, working, being supplied),to come to a halt,to cease,to be stopped,to be suspended,to alight,to perch on","","1310620"
"数える","数[かぞ]える","かぞえる","1","2738","3","to count,to enumerate","","1372900"
"お家騒動","お家[いえ]騒[そう]動[どう]","おいえそうどう","1","50358","4","family trouble (quarrel),domestic squabble,internal squabble (over headship rights) in a daimyo family in the Edo period","","1694480"
"亡き","亡[な]き","なき","1","13879","1","deceased,late,dead,departed","","1518460"
"夫","夫[おっと]","おっと","1","2215","1","husband","","1496480"
"浮かばれる","浮[う]かばれる","うかばれる","1","29685","0","to rest in peace,to attain eternal rest,to gain recognition,to get on in the world","","2827794"
"礼","礼[れい]","れい","1","2498","0,1","thanks,gratitude,manners,etiquette,bow (i.e. bending of the body),bowing,reward,gift,ceremony,ritual,key money","","1557450"
"裁く","裁[さば]く","さばく","1","8465","2","to judge,to try,to sit in judgement (on),to decide (on)","","1295940"
"機会","機[き]会[かい]","きかい","1","1144","2","chance,opportunity,occasion","","1220800"
"お世話になる","お世[せ]話[わ]になる","おせわになる","1","1334","","to receive favor,to receive assistance,to receive help,to be looked after,to be taken care of,to become dependent (on),to become much obliged (to someone),to become indebted","","1002260"
"出会い","出[で]会[あ]い","であい","1","2219","0","meeting,rendezvous,encounter,meeting for the first time,coming across,confluence","","1338400"
"活躍","活[かつ]躍[やく]","かつやく","1","2399","0","activity (esp. energetic or successful),great efforts,active participation,walking about with great vigor","","1208450"
"無念","無[む]念[ねん]","むねん","1","6782","1,0","regret,chagrin,mortification,freedom from obstructive thoughts","","1530770"
"窮地","窮[きゅう]地[ち]","きゅうち","1","9278","1","dilemma,predicament","","1230100"
"晴らす","晴[は]らす","はらす","1","6950","2","to dispel,to clear away,to refresh (oneself),to accomplish a goal,to make it sunny,to make clouds disappear","","1376450"
"見破る","見[み]破[やぶ]る","みやぶる","1","7798","0,3","to see through (a plot, lie, etc.),to penetrate into,to discover,to find out","","1604720"
"親子","親[おや]子[こ]","おやこ","1","2454","1","parent and child","","1365170"
"道","道[みち]","みち","1","470","1","road,path,street,lane,passage,route,way,distance,journey,road (e.g. to victory),course,way (of living, proper conduct, etc.),moral principles,teachings (esp. Confucian or Buddhist),dogma,field (e.g. of medicine),subject,speciality,means,way,method","","1454080"
"ます","ます","ます","1","4147","0","to increase,to grow","","1403120"
"帰ってくる","帰[かえ]ってくる","かえってくる","1","1714","","to return,to come back","","1864140"
"真似事","真似[まね]事[ごと]","まねごと","1","15629","0","imitation,copy,make-believe,pretence,sham,doing something in a way that only superficially resembles the real thing","","1363770"
"稽古をつける","稽古[けいこ]をつける","けいこをつける","1","26557","","to give lessons,to teach,to instruct,to guide","","2864693"
"使い方","使[つか]い方[かた]","つかいかた","1","3005","0","way of using (something),way to use,how to use,usage,use,way of handling (employees, subordinates, etc.),way of treating,treatment,management","","1305950"
"戦","戦[せん]","せん","1","4701","3,0","war,battle,match,game,competition","","2080730"
"戦場","戦[せん]場[じょう]","せんじょう","1","3935","0","battlefield,battleground","","1390320"
"気心の知れた","気[き]心[ごころ]の知[し]れた","きごころのしれた","1","37052","","bosom (buddy),trusted (friend)","","2403620"
"日々","日[ひ]々[び]","ひび","1","1339","0","daily,everyday,days (e.g. of one's youth),every day,day after day,day by day,from day to day","","1602120"
"視界","視[し]界[かい]","しかい","1","2721","0","field of vision,visibility,view,visual field,(one's) ken","","1312000"
"剣術","剣[けん]術[じゅつ]","けんじゅつ","1","13356","0","(art of) fencing,swordsmanship","","1256870"
"力人","力人[りきと]","りきと","1","172737","","Rikito","","5707366"
"充","充[あつる]","あつる","1","36385","","Atsuru,Soushichi,Takashi,Mitsuru,Muneki,Munezawa,Atsushi,Shuuji,Shuumi,Juu,Souji,Makoto,Michi,Michiru,Mitsu,Mitsuki","","5356839"
"命がけ","命[いのち]がけ","いのちがけ","1","11844","0,5","putting one's life on the line,staking one's life (on),risking one's life,life and death situation","","1532000"
"反対","反[はん]対[たい]","はんたい","1","1378","0","opposition,resistance,antagonism,hostility,objection,dissent,reverse,opposite,inverse,contrary","","1480670"
"初日","初[しょ]日[にち]","しょにち","1","3923","0","first day,opening day","","1342980"
"たまる","たまる","たまる","1","1428","0","to collect,to gather,to save,to accumulate,to pile up","","1552650"
"演奏","演[えん]奏[そう]","えんそう","1","5923","0","musical performance","","1607520"
"だめ元","だめ元[もと]","だめもと","1","171425","0","giving something a try because it will not do any harm","","2127710"
"社交","社[しゃ]交[こう]","しゃこう","1","27960","0","social life,social intercourse","","1322860"
"淑女","淑[しゅく]女[じょ]","しゅくじょ","1","17379","2,1","lady,(female) pervert","","1337350"
"誘い","誘[さそ]い","さそい","1","3425","0,3","invitation,introduction,temptation","","1541840"
"今どき","今[いま]どき","いまどき","1","6864","0","these days,nowadays,today,present age,modern times,at this time (of day),at this hour","","1289180"
"冒険","冒[ぼう]険[けん]","ぼうけん","1","4973","0","adventure,venture,venture which is unlikely to succeed,risky attempt,danger,hazard,risk","","1519830"
"入学式","入[にゅう]学[がく]式[しき]","にゅうがくしき","1","12447","4","school entrance ceremony","","1465910"
"勝負あり","勝[しょう]負[ぶ]あり","しょうぶあり","1","29967","","we have a result!,game over!,match!","","2845518"
"男に二言はない","男[おとこ]に二[に]言[ごん]はない","おとこににごんはない","1","47433","","a man's word is his bond,a man does not go back on what he's said","","2209690"
"心より","心[こころ]より","こころより","1","19933","3,2","heartfelt","","2202550"
"それ以上","それ以[い]上[じょう]","それいじょう","1","1307","","further,above (that),greater (than that),any more","","1007080"
"殿","殿[でん]","でん","1","4299","0","hall","","2859792"
"私か","私[ひそ]か","ひそか","1","72856","2,1","secret,private,surreptitious","","1612520"
"ふつつか者","ふつつか者[もの]","ふつつかもの","1","37823","0,6","inexperienced person,incompetent person,ignoramus","","1493680"
"保護者","保[ほ]護[ご]者[しゃ]","ほごしゃ","1","5621","2","guardian,protector,patron,parent","","1513630"
"いってきます","いってきます","いってきます","1","3991","","I'm off (and will be back later),see you later","","2020140"
"店","店[てん]","てん","1","5180","0","store,shop,restaurant","","1582125"
"おくれる","おくれる","おくれる","1","5067","0","to be late,to be delayed,to fall behind schedule,to be overdue,to fall behind (in a race, one's studies, etc.),to lag behind,to be behind (the times),to be bereaved of,to be preceded by (someone) in death,to be slow (of a clock or watch)","","1589040"
"ものすごい","ものすごい","ものすごい","1","2102","4","terrific,staggering,tremendous,incredible,extreme,frightful,ghastly,horrific,terrible,awful,gruesome,eerie","","1502630"
"世話係","世[せ]話[わ]係[がかり]","せわがかり","1","25021","","attendant,person who looks after one's needs,caretaker","","2827840"
"いつまで","いつまで","いつまで","1","1474","1","how long?,till when?","","1188870"
"御者","御[ぎょ]者[しゃ]","ぎょしゃ","1","29288","1,0","coachman,driver,cabman,postilion","","1592080"
"飛ばす","飛[と]ばす","とばす","1","1818","0","to let fly,to make fly,to send flying,to blow off (e.g. in the wind),to launch,to fire,to hurl,to shoot,to skip over,to leave out,to omit,to drop (e.g. a stitch),to fast-forward,to run fast,to drive fast,to gallop,to spray,to splash,to spatter,to say without reservation,to call out (e.g. a jeer),to rattle off (e.g. a joke),to spread (e.g. a rumour),to circulate,to send out (a message),to issue (e.g. an appeal),to transfer (to a less important post),to send away (e.g. to a provincial branch),to demote,to dispatch quickly (e.g. a reporter),to get rid of,to burn off (alcohol),to attack (e.g. with a leg manoeuvre),to do vigorously,to do roughly,to do energetically","","1485230"
"夢を見る","夢[ゆめ]を見[み]る","ゆめをみる","1","2461","","to dream (i.e. while asleep),to have a dream,to dream (of the future),to have a fleeting experience","","1529430"
"通じる","通[つう]じる","つうじる","1","1390","0","to be open (to traffic),to lead to,to communicate (with),to flow (liquid, current),to pass,to get through to,to be understood,to be comprehended,to be honored,to be good,to be well versed in,to be well-informed,to communicate clandestinely,to keep in touch (e.g. with the enemy),to form a liaison,to be intimate,to spread widely,to disseminate","","1432880"
"店立て","店[たな]立[だ]て","たなだて","1","314054","0","eviction","","2581370"
"あとを継ぐ","あとを継[つ]ぐ","あとをつぐ","1","51799","","to succeed (someone),to take over from,to pick up the torch","","2755630"
"っこない","っこない","っこない","1","16243","","no chance of,no way that,certainly not,will never happen","","2145640"
"今になって","今[いま]になって","いまになって","1","5158","","at this stage,at this point,(only) now","","2798240"
"しちゃだめ","しちゃだめ","しちゃだめ","1","13202","","don't,you can't","","2680540"
"そうなんです","そうなんです","そうなんです","1","2797","","yes,that is so","","2433760"
"立候補","立[りっ]候[こう]補[ほ]","りっこうほ","1","11125","3","candidacy,standing as a candidate,bidding (to host an event, e.g. the Olympics)","","1551650"
"丸焼き","丸[まる]焼[や]き","まるやき","1","26448","0","whole roast (e.g. pig, turkey, etc.)","","1216500"
"査問委員会","査[さ]問[もん]委[い]員[いん]会[かい]","さもんいいんかい","1","87720","","court of inquiry,court of enquiry","","1993390"
"お嬢","お嬢[じょう]","おじょう","1","12570","2","(another's) daughter,young lady","","2216480"
"様方","様[さま]方[かた]","さまかた","1","21266","","care of,c/o","","2705680"
"お熱い","お熱[あつ]い","おあつい","1","30973","0","passionately in love","","2844486"
"お会計","お会[かい]計[けい]","おかいけい","1","16314","","bill (at a restaurant),check","","2513640"
"お疲れさま","お疲[つか]れさま","おつかれさま","1","1715","0","thank you (for your hard work),good work,see you,goodbye,goodnight","","1002570"
"お客さん","お客[きゃく]さん","おきゃくさん","1","1176","0","guest,visitor,customer,client,shopper,spectator,audience,tourist,sightseer,passenger","","1001760"
"同じく","同[おな]じく","おなじく","1","2348","2","in the same way,like,likewise,similarly","","1451760"
"立ち上がる","立[た]ち上[あ]がる","たちあがる","1","1930","0,4","to stand up,to get up,to rise (to one's feet),to recover,to regain one's energy,to rise,to (stand up and) take action,to rise up (against),to start (doing),to rise (from a crouch) and make the initial charge,to start up,to boot up,to be established,to be set up,to be formed,to be created,to rise (of steam, smoke, etc.)","","1551370"
"最高額","最[さい]高[こう]額[がく]","さいこうがく","1","62546","3","largest amount of money,maximum amount of money","","2251850"
"更新","更[こう]新[しん]","こうしん","1","6403","0","renewal,update,replacement,renovation,breaking (a record)","","1279370"
"この結果","この結[けっ]果[か]","このけっか","1","16336","","consequently,as a result","","1004700"
"としたら","としたら","としたら","1","3215","","if it happens that,if we make ...,if we take ...,if we assume ...,what if ...?","","2100750"
"でもある","でもある","でもある","1","594","","to also be (implies that as well as the earlier stated this is also the case),to be ... or something","","2098230"
"やらせ","やらせ","やらせ","1","32523","0","staged event,faked situation,prearranged performance","","1985640"
"流れる","流[なが]れる","ながれる","1","994","3","to stream,to flow (liquid, time, etc.),to run (ink),to be washed away,to be carried,to drift,to float (e.g. clouds),to wander,to stray,to sweep (e.g. rumour, fire),to spread,to circulate,to be heard (e.g. music),to be played,to lapse (e.g. into indolence, despair),to pass,to elapse,to be transmitted,to be called off,to be forfeited,to disappear,to be removed","","1552140"
"格安","格[かく]安[やす]","かくやす","1","20182","0","(very) cheap,(very) inexpensive,cut-price,bargain (price)","","1205280"
"展開","展[てん]開[かい]","てんかい","1","1666","0","development,evolution,progression,unfolding,(plot) twist,expansion,spreading out,extending,deployment,building up,expansion (of an algebraic expression),development (of a three-dimensional shape),extraction (of compressed data),decompression,unpacking,sharing (information)","","1440600"
"拷問","拷[ごう]問[もん]","ごうもん","1","6046","0","torture","","1285440"
"やめになる","やめになる","やめになる","1","36876","","to be given up,to be discontinued","","1913560"
"戦力","戦[せん]力[りょく]","せんりょく","1","4686","1","war potential,military strength,fighting power,ability (to compete),capabilities,valuable asset","","1390660"
"やしない","やしない","やしない","1","7603","","does not,can not,will not","","2210530"
"見よう見まね","見[み]よう見[み]まね","みようみまね","1","25466","2,4","learning by watching others,learning by imitation,following by example","","1624430"
"飛び回る","飛[と]び回[まわ]る","とびまわる","1","8564","4","to fly about,to skip about,to bustle about","","1485270"
"ある程度","ある程[てい]度[ど]","あるていど","1","3142","1","to some extent,to a certain extent","","1981700"
"結局","結[けっ]局[きょく]","けっきょく","1","464","0,4","after all,in the end,ultimately,eventually,conclusion,end,end of a game of go, shogi, etc.","","1254730"
"卑怯","卑[ひ]怯[きょう]","ひきょう","1","4171","2","cowardly,craven,unfair,mean,sneaky,dirty,dastardly","","1482710"
"野生","野[や]生[せい]","やせい","1","9375","0,1","wild,growing wild,living in the wild,I,me","","1537470"
"よほど","よほど","よほど","1","3067","0","very,greatly,much,to a large extent,quite,just about to,almost,very nearly","","1605980"
"ことがない","ことがない","ことがない","1","1383","","(something) has never occurred,to have never done (something),such a thing has not happened,never happens,there is never a time when","","2585220"
"数十","数[すう]十[じゅう]","すうじゅう","1","5962","1","dozens,scores of,decades","","1709220"
"四方","四[し]方[ほう]","しほう","1","8976","1","the four cardinal directions,north, east, south and west,all directions,surroundings,many countries,the whole world,all around,here and there,square,quadrilateral,four-sided figure,four sides (of a square)","","1307370"
"といわれる","といわれる","といわれる","1","11155","","to be called ...,to be referred to as ...","","1008870"
"うまくいく","うまくいく","うまくいく","1","1185","","to go smoothly,to turn out well,to do the trick,to have peaceful relations","","1310500"
"なぜか","なぜか","なぜか","1","1600","1","somehow,for some reason,without knowing why","","1610980"
"不可能","不[ふ]可[か]能[のう]","ふかのう","1","1812","2","impossible","","1491520"
"ここから","ここから","ここから","1","3408","","from here,from this place","","2733920"
"ひどい目に遭う","ひどい目[め]に遭[あ]う","ひどいめにあう","1","11368","","to have a bad time,to go through a bitter experience,to get into trouble,to get hurt,to suffer","","1608470"
"二度と","二[に]度[ど]と","にどと","1","777","2","never again","","2110850"
"ことはない","ことはない","ことはない","1","510","","there is no need to ...,never happens,there is never a time when","","2585230"
"一度だけ","一[いち]度[ど]だけ","いちどだけ","1","4546","","only once","","1858620"
"多く","多[おお]く","おおく","1","1188","1","many,much,plenty,a lot,majority (of),greater part (of),mostly,mainly,chiefly,usually,often","","1861770"
"高額","高[こう]額[がく]","こうがく","1","12302","0","large sum (of money),large amount,large denomination (banknote, etc.)","","1283320"
"挑戦","挑[ちょう]戦[せん]","ちょうせん","1","2792","0","challenge,defiance,dare,attempt,try","","1428240"
"誰一人として","誰[だれ]一人[ひとり]として","だれひとりとして","1","15165","","(not) a single person,(no) one","","2397270"
"多額","多[た]額[がく]","たがく","1","13754","0","large (amount of money),huge,hefty,expensive","","1407520"
"請求書","請[せい]求[きゅう]書[しょ]","せいきゅうしょ","1","25304","0,5","bill,account,invoice,information request form","","1381330"
"亜種","亜[あ]種[しゅ]","あしゅ","1","35032","1","subspecies","","1149740"
"りえん","りえん","りえん","1","23090","1","divorce,dissolution of adoption","","1618620"
"おおい","おおい","おおい","1","2307","1,2","many,numerous,a lot,large amount of,large quantity of,a lot,much,frequent,common","","1407460"
"くれぐれも","くれぐれも","くれぐれも","1","3510","3,2","sincerely,earnestly,wholeheartedly,repeatedly,over and over,again and again","","1269140"
"そこらへん","そこらへん","そこらへん","1","17117","","hereabouts,around there,that area","","2072990"
"薬草","薬[やく]草[そう]","やくそう","1","14346","0","medicinal herb","","1538260"
"受領書","受[じゅ]領[りょう]書[しょ]","じゅりょうしょ","1","101662","","receipt (for delivery)","","1937630"
"ようだ","ようだ","ようだ","1","808","","it seems that ...,it appears that ...,is like ...,is similar to ...","","2409190"
"１０日","１０日[とおか]","とおか","1","5275","0","10th day of the month,ten days","","1335000"
"家畜","家[か]畜[ちく]","かちく","1","13774","0","domestic animals,livestock,cattle","","1192240"
"だけでなく","だけでなく","だけでなく","1","2541","","not only ... (but also),not just,as well as","","1007360"
"今さら","今[いま]さら","いまさら","1","2916","0,1","now (when it is already much too late),at this stage,afresh,anew,again","","1289150"
"どうやって","どうやって","どうやって","1","1644","","how,in what way,by what means","","1009010"
"秘策","秘[ひ]策[さく]","ひさく","1","17547","0","secret plan,secret scheme,secret stratagem,secret method","","1731390"
"あり","あり","あり","1","2109","0","ant","","1225940"
"村長","村[そん]長[ちょう]","そんちょう","1","18894","0","village headman,village mayor","","1406840"
"おびき寄せる","おびき寄[よ]せる","おびきよせる","1","14995","5,0,2","to lure (someone) toward one,to lure (into),to entice","","2007540"
"聴く","聴[き]く","きく","1","2668","0","to hear,to listen (e.g. to music),to ask,to enquire,to query,to hear about,to hear of,to learn of,to follow (advice, order, etc.),to obey,to listen to,to comply with,to hear (e.g. a plea),to grant (a request),to accept (e.g. an argument),to give consideration to,to smell (esp. incense),to sample (a fragrance),to taste (alcohol),to try","","1591110"
"くれる","くれる","くれる","1","684","0","to give,to let (one) have,to give,to do for one,to take the trouble to do,to do to someone's disadvantage","","1269130"
"味","味[あじ]","あじ","1","1013","0","flavor,flavour,taste,charm,appeal,uniqueness,attractiveness,experience,taste (e.g. of victory),smart,clever,witty,strange,aji,position that has some lingering potential that may be exploited later in the game","","1526960"
"弱い","弱[よわ]い","よわい","1","837","2","weak,frail,delicate,tender,unskilled,weak (wine)","","1324520"
"しつこい","しつこい","しつこい","1","1774","3","insistent,obstinate,persistent,tenacious,too rich (taste, etc.),fatty,heavy,greasy","","1005550"
"人類","人[じん]類[るい]","じんるい","1","3198","1","mankind,humanity","","1369530"
"丸太","丸[まる]太[た]","まるた","1","18273","0","log,dace (Tribolodon hakonensis),test subject (of human experiments performed by Unit 731 during WWII),prostitute dressed as a Buddhist nun","","1216560"
"爆撃","爆[ばく]撃[げき]","ばくげき","1","20871","0","bombing (raid)","","1475810"
"掘る","掘[ほ]る","ほる","1","4486","1","to dig,to excavate,to hollow,to delve into,to dig up (vegetables, treasure, etc.),to mine (coal, ore, etc.),to top,to take the active role in anal sex (with another man)","","1246690"
"組","組[くみ]","くみ","1","1999","2","class (of students),group (of people),party,team,crew,lot,bunch,set,crime family,organized-crime syndicate,set (of items),assortment,deck (of cards),pack,typesetting,composition","","1397450"
"外","外[がい]","がい","1","4329","0","outside ...,beyond ...,not included in ...","","2227930"
"冷静","冷[れい]静[せい]","れいせい","1","1719","0","calmness,composure,coolness,serenity,presence of mind","","1557050"
"なにか","なにか","なにか","1","3517","1","something,some,any,somehow,for some reason,(so) what (are you trying to say)?,what (do you mean)?","","1188270"
"わける","わける","わける","1","3106","2","to divide (into),to split (into),to part,to separate,to divide up,to classify,to sort out,to divide out,to share,to distribute,to deal out,to dish out,to distinguish,to discriminate,to differentiate (between),to break up (a fight),to mediate,to call a draw,to tie,to push one's way through (a crowd),to sell","","1503000"
"よる","よる","よる","1","928","0","to be due to,to be caused by,to depend on,to turn on,to be based on,to come from,to be based at (a location, an organization),to be headquartered at","","1168660"
"もうける","もうける","もうける","1","16994","3","to prepare,to provide,to set up,to establish,to organize,to lay down (rules),to make (an excuse)","","1386000"
"あたり","あたり","あたり","1","2234","0,3","(in the) neighbourhood,neighborhood,vicinity,nearby,surroundings,around,about,or thereabouts,for instance,say,such as","","1512080"
"着地","着[ちゃく]地[ち]","ちゃくち","1","6801","0","landing (on the ground),landing place,terminal,(shipping) destination,outcome,final result,settlement","","1622410"
"自前","自[じ]前[まえ]","じまえ","1","16165","0","paying one's own expenses,going into business for oneself,working independently,person who earns their own living","","1318080"
"いき","いき","いき","1","9815","1","chic,smart,stylish,tasteful,refined,sophisticated,understanding,considerate,thoughtful,sensible,familiar with worldly pleasures (esp. sexual relations, geisha districts and red-light districts)","","1372410"
"ましょうか","ましょうか","ましょうか","1","3083","","shall I?,shall we?","","2210710"
"ほど","ほど","ほど","1","194","0,2","extent,degree,measure,limit,bounds,(span of) time,(a) distance,the state of,the status of,the condition of,about,around,approximately,or so,as much as ...,to the extent of ...,like ...,the more ... the more ...","","1436510"
"術者","術[じゅつ]者[しゃ]","じゅつしゃ","1","20160","1","practitioner (of medicine, sorcery, fortune telling, etc.)","","2060120"
"駆ける","駆[か]ける","かける","1","4683","2","to run,to dash,to race,to gallop (on horseback),to canter,to advance (against one's enemy),to charge (on horseback)","","1244720"
"可視化","可[か]視[し]化[か]","かしか","1","35152","0","visualization (of data, results, etc.),visualisation,making visible (something that was previously unseen),recording (a police interrogation)","","1190830"
"心躍る","心[こころ]躍[おど]る","こころおどる","1","26270","","to be thrilled,to be excited","","2863086"
"いつでも","いつでも","いつでも","1","1601","1,3","always,all the time,at all times,(at) any time,whenever (you like)","","1577130"
"採用","採[さい]用[よう]","さいよう","1","4591","0","use,adoption,acceptance,appointment,employment,engagement,recruitment","","1294890"
"天空","天[てん]空[くう]","てんくう","1","14773","0,3","sky,air,ether,firmament,the heavens","","1438880"
"不覚","不[ふ]覚[かく]","ふかく","1","13980","0","failure,defeat,mistake,blunder,negligence,indiscretion,unconsciousness","","1491620"
"相打ち","相[あい]打[う]ち","あいうち","1","23842","0","simultaneously striking one another (in kendo, etc.),draw,tie","","1400880"
"未熟","未[み]熟[じゅく]","みじゅく","1","5060","0,1","unripe,green,immature,immature,inexperienced,unskilled,green","","1527560"
"際立つ","際[きわ]立[だ]つ","きわだつ","1","9874","3","to be prominent,to be conspicuous,to stand out,to be outstanding,to be remarkable,to be striking,to be notable","","1296360"
"打ち出す","打[う]ち出[だ]す","うちだす","1","16392","3,0","to emboss,to print out,to print,to work out (e.g. policy),to hammer out,to come out with,to set forth,to strike (a drum indicating the end of a performance),to begin striking,to start beating","","1408670"
"身体","身[しん]体[たい]","しんたい","1","2867","1","body,physical system,(the) person","","2830705"
"震え","震[ふる]え","ふるえ","1","20181","0","shivering,trembling","","1366300"
"衣服","衣[い]服[ふく]","いふく","1","7140","1","clothes","","1158810"
"湯沸","湯沸[ゆわかし]","ゆわかし","1","68239","2","teakettle,kettle","","1605800"
"ったく","ったく","ったく","1","1647","","good grief","","2122580"
"銅貨","銅[どう]貨[か]","どうか","1","35315","1,0","copper coin","","1454350"
"頭身","頭[とう]身[しん]","とうしん","1","49549","0","head and body,heads tall (ratio of total height to length of the head),heads long","","2086480"
"敵機","敵[てっ]機[き]","てっき","1","40069","1,0","enemy plane","","1735230"
"真上","真[ま]上[うえ]","まうえ","1","8913","3","right above,just above,directly above,directly overhead","","1363940"
"飛躍的","飛[ひ]躍[やく]的[てき]","ひやくてき","1","17686","0","tremendous,rapid,dramatic","","1485570"
"画期的","画[かっ]期[き]的[てき]","かっきてき","1","17919","0","ground-breaking,revolutionary,unprecedented,epoch-making","","1590470"
"対空","対[たい]空[くう]","たいくう","1","40760","0","anti-aircraft,antiaircraft","","1713880"
"戦術","戦[せん]術[じゅつ]","せんじゅつ","1","9399","0","tactics","","1390280"
"ばー","ばー","ばー","1","6424","0","boo! (as in ""peak-a-boo!"")","","2844786"
"目を見る","目[め]を見[み]る","めをみる","1","5032","","to experience","","2179070"
"間合い","間[ま]合[あ]い","まあい","1","9470","0","pause,interval,distance,range,reach,suitable time,appropriate opportunity,distance between opponents (kendo)","","1215440"
"計算","計[けい]算[さん]","けいさん","1","2372","0","calculation,computation,reckoning,counting,adding up,working out,figures,consideration,calculation,estimation,expectation","","1252140"
"離す","離[はな]す","はなす","1","871","2","to separate,to part,to divide,to keep apart","","1550830"
"投げる","投[な]げる","なげる","1","1890","2","to throw,to hurl,to fling,to toss,to cast,to give up,to abandon,to throw away,to cast (a glance, shadow, doubt, etc.)","","1447000"
"容赦","容[よう]赦[しゃ]","ようしゃ","1","2392","1","pardon,forgiveness,tolerance,overlooking,leniency,mercy,going easy (on someone)","","1545410"
"本体","本[ほん]体[たい]","ほんたい","1","4744","1,0","substance,true form,true character,main part,main unit,body (of a machine),object of worship (at a shrine, temple, etc.),noumenon,base price,pre-tax price","","1522950"
"翔ぶ","翔[と]ぶ","とぶ","1","50732","0","to fly,to soar,to jump,to leap,to spring,to bound,to hop,to spatter,to scatter,to splash,to fly (e.g. of sparks),to hurry,to rush,to flee,to run off,to escape,to disappear,to vanish,to fade,to thin out,to break off,to come off,to fall off,to blow (of a fuse),to be sent out (of an order),to fly (of false rumours, catcalls, etc.),to come flying (of a punch, kick, etc.),to be missing (of a page, stitch, etc.),to skip,to jump (e.g. of a conversation)","","1429700"
"気絶","気[き]絶[ぜつ]","きぜつ","1","4371","0","faint,fainting,losing consciousness","","1222400"
"１杯","１[いっ]杯[ぱい]","いっぱい","1","7946","1,0","one cup (of),one glass (of),one bowl (of),cupful,glassful,bowlful,spoonful,one drink (of alcohol),full,filled (with),brimming (with),crowded,packed,fully,to capacity,to the maximum,as much as possible,a lot,much,many,all of ...,the entire ...,one (squid, octopus, crab, etc.),one (boat)","","1165670"
"立ち上げる","立[た]ち上[あ]げる","たちあげる","1","8001","0,4","to start (something),to start up,to launch (a business),to boot (a computer),to launch (a program)","","1551380"
"ヘイ","ヘイ","ヘイ","1","3111","1","hey","","2253740"
"どっちにしても","どっちにしても","どっちにしても","1","12711","","either way,in any case,one way or another","","2549770"
"でした","でした","でした","1","2785","","was, were","","8000000"
"っつう","っつう","っつう","1","8735","","called,known as,that,to say","","2798260"
"とどめをさす","とどめをさす","とどめをさす","1","31696","","to finish off,to ensure (something) is dead,to deliver the coup de grace,to put an end to,to deliver the final blow,to be the best for A","","1897720"
"怯える","怯[おび]える","おびえる","1","3884","0,3","to become frightened,to be frightened (of),to be scared (of)","","1236630"
"起こる","起[お]こる","おこる","1","762","2","to occur,to happen","","1223680"
"神風","神[かみ]風[かぜ]","かみかぜ","1","49266","2","divine wind (esp. a typhoon thought to have protected Japan from a Mongolian invasion in the 13th century),kamikaze","","1364880"
"あえて","あえて","あえて","1","2235","1","purposely (of something needless, unexpected or seemingly counterproductive, etc.),daringly (doing something),deliberately,intentionally,not necessarily,not particularly,not especially,definitely not","","1212850"
"現象","現[げん]象[しょう]","げんしょう","1","4180","0","phenomenon","","1263750"
"えーん","えーん","えーん","1","20352","","boohoo","","2862379"
"がーん","がーん","がーん","1","27588","","boom,bang,wham,Oh my God!,What a shock!","","2207790"
"もういい","もういい","もういい","1","1076","","skip it,drop it,I've had enough (e.g. when offered something),that's enough","","2843309"
"めっちゃ","めっちゃ","めっちゃ","1","2233","1","extremely,very,really,super,so","","2183440"
"網","網[あみ]","あみ","1","8283","2","net,netting,web","","1534380"
"さんざん","さんざん","さんざん","1","3764","0","thoroughly,completely,utterly,severely,harshly,terribly,miserably,wretchedly,badly,scattered,disconnected,dispersed,smashed into tiny pieces","","1593980"
"てこずる","てこずる","てこずる","1","22109","3","to have much trouble,to have a hard time,to not know how to handle","","1008270"
"かつて","かつて","かつて","1","1587","1","once,before,formerly,ever,former,ex-,never yet,never before,first time,still not happened","","1581210"
"約","約[やく]","やく","1","2710","1","approximately,about,promise,appointment,engagement,shortening,reduction,simplification,contraction (in phonetics)","","1538100"
"少年","少[しょう]年[ねん]","しょうねん","1","1681","0","boy,juvenile,child","","1349170"
"死にそう","死[し]にそう","しにそう","1","6759","","at the point of death,almost dead,about to die,at some limit (pain, hunger, etc.)","","2127500"
"傷つく","傷[きず]つく","きずつく","1","1611","3","to be wounded,to get injured,to get hurt feelings,to get damaged,to get chipped,to get scratched","","1591240"
"一匹","一[いっ]匹[ぴき]","いっぴき","1","5652","4","one (small animal),two-tan bolt of cloth","","1166060"
"心優しい","心[こころ]優[やさ]しい","こころやさしい","1","15617","","kind,tender-hearted,compassionate","","2748960"
"ってか","ってか","ってか","1","3241","","or rather (say),or better (say),or perhaps I should say,or, how should I put it,...,I mean","","2848303"
"どう見ても","どう見[み]ても","どうみても","1","3115","","to all appearances,no matter how you look at it","","2748430"
"見捨てる","見[み]捨[す]てる","みすてる","1","2645","0,3","to abandon,to fail,to desert,to forsake","","1259660"
"時点","時[じ]点[てん]","じてん","1","1923","1,0","point in time,occasion","","1316340"
"流れ","流[なが]れ","ながれ","1","1385","3","flow (of a fluid or gas),stream,current,flow (of people, things),passage (of time),tide,passing,(changing) trends,tendency,course (of events),(step-by-step) procedure,process,group of people who remain together after the end of an event,descent,ancestry,school,forfeiture,foreclosure,cancellation,drifting,wandering,roaming","","1552130"
"間違いない","間[ま]違[ちが]いない","まちがいない","1","942","","certain,sure,no doubt,reliable,dependable","","2006640"
"その頃","その頃[ころ]","そのころ","1","4157","3","at that time,in those days,at that moment,then","","2547920"
"情が移る","情[じょう]が移[うつ]る","じょうがうつる","1","33526","","to become attached,to begin to love","","2803950"
"目前","目[もく]前[ぜん]","もくぜん","1","6741","0","before one's very eyes,under one's nose,imminence,close at hand","","1535540"
"兄弟","兄[きょう]弟[だい]","きょうだい","1","2634","1","brothers and sisters,siblings,half-siblings,step-siblings,siblings by marriage or adoption,mate,friend","","1249960"
"別れ","別[わか]れ","わかれ","1","3602","3","parting (of people),separation,farewell,breakup","","1509490"
"長老","長[ちょう]老[ろう]","ちょうろう","1","17812","0","elder,senior,senior monk,dean,presbyter,patriarch","","1430180"
"達者","達[たっ]者[しゃ]","たっしゃ","1","8111","0","in good health,healthy,well,fit,robust,strong,skilled,proficient,adept,master,expert","","1416240"
"つつ","つつ","つつ","1","1308","","while,even though,despite","","1008120"
"こぼれる","こぼれる","こぼれる","1","4202","3","to spill,to fall out of,to overflow,to peek through,to become visible (although normally not),to escape (of a smile, tear, etc.)","","1557650"
"僕","僕[ぼく]","ぼく","1","190","0,3","I,me,you,manservant","","1521400"
"たまらない","たまらない","たまらない","1","2047","0","intolerable,unbearable,unendurable,irresistible,tremendous,out of this world,cannot help (doing),cannot but do,anxious to do,cannot get enough of","","1211340"
"入り","入[い]り","いり","1","2843","0","entering,entrance,entry,attendance,audience,number (of visitors, customers, etc.),containing,income,earnings,takings,expenses,expenditure,setting (of the Sun or Moon),beginning (of the equinoctial week, midsummer, etc.),start,first day","","1465410"
"怪鳥","怪[かい]鳥[ちょう]","かいちょう","1","38389","0","mysterious bird,strange bird,eerie bird,monster that has taken the form of a bird","","2598810"
"いいかげんにしなさい","いいかげんにしなさい","いいかげんにしなさい","1","25700","","shape up!,act properly!","","1000600"
"挑発","挑[ちょう]発[はつ]","ちょうはつ","1","4763","0","provocation,stirring up,arousal,excitement,stimulation","","1428260"
"乗る","乗[の]る","のる","1","382","0","to get on (train, plane, bus, ship, etc.),to get in,to board,to take,to embark,to get on (e.g. a footstool),to step on,to jump on,to sit on,to mount,to reach,to go over,to pass,to follow,to stay (on track),to go with (the times, etc.),to take part,to participate,to join,to get into the swing (and sing, dance, etc.),to be deceived,to be taken in,to be carried,to be spread,to be scattered,to stick,to attach,to take,to go on","","1355120"
"どうでもいい","どうでもいい","どうでもいい","1","1123","","inconsequential,indifferent,not worth worrying about,trivial,whatever,whichever,I don't care","","2083140"
"鳴く","鳴[な]く","なく","1","4274","0","to make sound (of an animal),to call,to cry,to whine,to sing,to chirp,to make a meld call (e.g. pung, kong)","","1532870"
"中途半端","中[ちゅう]途[と]半[はん]端[ぱ]","ちゅうとはんぱ","1","3597","4","halfway,half measures,unfinished,incomplete,by halves,half-baked,half-cocked,half-hearted,half-arsed,half-assed","","1425050"
"所詮","所[しょ]詮[せん]","しょせん","1","3423","0","after all,in the end,anyway,(cannot) possibly,(not) at all,(not) by any means,(not) ever","","1343300"
"減らず口","減[へ]らず口[ぐち]","へらずぐち","1","22504","0,3","impudent talk,speaking without thinking,continuing talking even after one has lost an argument,(getting in) the last word,talking back,needless retort","","1682840"
"たたく","たたく","たたく","1","3435","2","to strike,to hit,to beat,to knock,to pound,to bang,to slap,to spank,to tap,to pat,to clap (one's hands),to play (the drums),to attack,to bash,to criticize,to censure,to flame (on the Internet),to sound out (someone's views),to pound (meat or fish),to chop into small pieces,to beat down the price,to talk (big, bad, idly, etc.),to call,to invoke (e.g. a function)","","1416170"
"泣きべそをかく","泣[な]きべそをかく","なきべそをかく","1","47871","","to be about to cry,to be close to tears,to whimper","","2853899"
"懐く","懐[なつ]く","なつく","1","6172","2","to become attached (to),to take (to),to become affectionate (with),to be tamed,to get close (e.g. to someone emotionally),to become intimate (with)","","1200510"
"証拠","証[しょう]拠[こ]","しょうこ","1","1015","0","evidence,proof","","1351600"
"大人","大人[おとな]","おとな","1","925","1","adult,grown-up","","1414170"
"区別","区[く]別[べつ]","くべつ","1","6431","1","distinction,differentiation,discrimination,difference","","1244250"
"証明","証[しょう]明[めい]","しょうめい","1","1632","0","proof,testimony,demonstration,verification,certification","","1351680"
"大気","大[たい]気[き]","たいき","1","10266","1","atmosphere,air,magnanimity,generosity","","1413330"
"意のままに","意[い]のままに","いのままに","1","17425","","at will","","2394480"
"管理","管[かん]理[り]","かんり","1","2159","1","control,management (e.g. of a business)","","1214200"
"象徴","象[しょう]徴[ちょう]","しょうちょう","1","4742","0","symbol (of something abstract),emblem,(symbolic) representation","","1351900"
"都合がいい","都[つ]合[ごう]がいい","つごうがいい","1","9155","","convenient","","2264750"
"わめく","わめく","わめく","1","11705","2","to shout,to cry (out),to yell,to scream,to clamour","","1211260"
"ではないか","ではないか","ではないか","1","1215","","isn't it?,let's ...,why don't we ...,how about we ...,shouldn't we ...","","2027020"
"母性","母[ぼ]性[せい]","ぼせい","1","19771","0,1","motherhood,maternity","","1515130"
"２世","２[に]世[せい]","にせい","1","47518","1","nisei,second-generation Japanese (or Korean, etc.),person of Japanese parentage with non-Japanese citizenship,the second (e.g. Edward II),son","","1462550"
"いい話","いい話[はなし]","いいはなし","1","4798","","good story,heartwarming story,good prospect (e.g. marriage, business)","","2722470"
"のせいで","のせいで","のせいで","1","892","","because of,owing to,due to","","2724560"
"台なし","台[だい]なし","だいなし","1","18510","0","spoiled,spoilt,ruined,wasted (chance, etc.),messed up,destroyed,(coming to) nothing","","1412770"
"少なくない","少[すく]なくない","すくなくない","1","19767","","not negligible,not a little,to no small degree,to no small extent,quite a lot","","2666360"
"被害","被[ひ]害[がい]","ひがい","1","2619","1","(suffering) damage,injury,harm","","1484350"
"やすやす","やすやす","やすやす","1","16821","1","easily,readily,with ease,without trouble","","1605480"
"首を縦に振る","首[くび]を縦[たて]に振[ふ]る","くびをたてにふる","1","12208","","to nod one's head,to nod yes,to agree","","2542790"
"生き別れる","生[い]き別[わか]れる","いきわかれる","1","40965","5,0","to be parted from,to be separated","","2843844"
"友人","友[ゆう]人[じん]","ゆうじん","1","1448","0","friend","","1540150"
"再会","再[さい]会[かい]","さいかい","1","2418","0","meeting again,reunion","","1292390"
"掴む","掴[つか]む","つかむ","1","3676","2","to seize,to catch,to grasp,to grip,to grab,to clutch,to hold,to catch hold of,to lay one's hands on,to obtain,to acquire,to get,to win,to capture,to understand,to grasp,to comprehend","","1433650"
"申し上げる","申[もう]し上[あ]げる","もうしあげる","1","2453","5,0","to say,to tell,to state,to express,to offer,to extend (greetings, congratulations, etc.),to do","","1362950"
"説明会","説[せつ]明[めい]会[かい]","せつめいかい","1","26568","3","information session,briefing,explanatory meeting","","2652800"
"不利益","不[ふ]利[り]益[えき]","ふりえき","1","20442","2","disadvantage,handicap,drawback,inadvisability,inexpediency,loss","","1495230"
"万物","万[ばん]物[ぶつ]","ばんぶつ","1","20912","1","all things,all creation","","1584560"
"身分","身[み]分[ぶん]","みぶん","1","4634","1","(social) standing,status,position,rank,identity,birth,origin,one's circumstances,one's means","","1365810"
"引火","引[いん]火[か]","いんか","1","27195","0","ignition,catching fire","","1169480"
"文句なし","文[もん]句[く]なし","もんくなし","1","18910","3","undisputed,entirely,perfect","","2012290"
"使い道","使[つか]い道[みち]","つかいみち","1","8954","0","purpose,utility,objective,way to use something","","1305900"
"当初","当[とう]初[しょ]","とうしょ","1","4022","1","beginning,start,outset,at first,at the beginning,initially,originally","","1449110"
"どおりで","どおりで","どおりで","1","28082","3,1","indeed,it's no wonder","","1454270"
"このため","このため","このため","1","9800","","because of this","","1004640"
"悲願","悲[ひ]願[がん]","ひがん","1","14894","1","one's dearest wish,Buddha's vow to save humanity","","1483260"
"出ていく","出[で]ていく","でていく","1","4473","","to go out and away,to leave","","2200300"
"節約","節[せつ]約[やく]","せつやく","1","9937","0","economising,saving","","1386350"
"客引き","客[きゃく]引[ひ]き","きゃくひき","1","28627","0,4","touting,soliciting,luring,tout,barker,pander","","1226670"
"その他もろもろ","その他[た]もろもろ","そのたもろもろ","1","34970","","and various other things,and many others,and all the rest,and so on and so forth","","2841494"
"学校長","学[がっ]校[こう]長[ちょう]","がっこうちょう","1","79354","3","school principal,headmaster","","2854778"
"引っ越す","引[ひ]っ越[こ]す","ひっこす","1","3368","3","to move (house),to change residence","","1169340"
"っていう","っていう","っていう","1","1056","","meaning,called,said","","2757880"
"建築","建[けん]築[ちく]","けんちく","1","11555","0","construction,architecture (of buildings)","","1257500"
"洗面器","洗[せん]面[めん]器[き]","せんめんき","1","31651","3","wash basin,wash bowl (incl. portable bowl in a public bath)","","1391060"
"汚れ","汚[よご]れ","よごれ","1","5272","3,0","dirt,filth,stain,blot,spot","","1612200"
"桶","桶[おけ]","おけ","1","19651","1","bucket,pail,tub","","1182830"
"言いにくい","言[い]いにくい","いいにくい","1","6659","4","hard to say,inexpressible,hesitant to say,embarrassing,delicate","","1663480"
"いやあ","いやあ","いやあ","1","1277","2,1","oh,oh my,oh dear,wow,well, ...,er ...,why, ...","","2830360"
"貯金","貯[ちょ]金[きん]","ちょきん","1","7637","0","putting money aside,savings,deposit (e.g. in a bank),accumulated surplus of wins,wins in the bank","","1427170"
"手桶","手[て]桶[おけ]","ておけ","1","56915","0,3","pail,bucket","","1699110"
"いい気持ち","いい気[き]持[も]ち","いいきもち","1","16843","","good feeling","","2429390"
"絶望","絶[ぜつ]望[ぼう]","ぜつぼう","1","2402","0","despair,hopelessness","","1386960"
"ありのまま","ありのまま","ありのまま","1","7877","5,0","as it is,plain (truth),bare,undisguised,unvarnished,unexaggerated,honest,true,frank,candid","","1541000"
"表現","表[ひょう]現[げん]","ひょうげん","1","2324","3,0","expression,representation,description,representation (of a group)","","1489510"
"造形","造[ぞう]形[けい]","ぞうけい","1","17982","0","molding,moulding,shaping,forming,modelling (i.e. plastic arts),modeling","","1403650"
"幾分","幾[いく]分[ぶん]","いくぶん","1","15193","0","somewhat,to some extent,to some degree,some,part,portion","","1220060"
"誇張","誇[こ]張[ちょう]","こちょう","1","14762","0","exaggeration","","1267820"
"羨ましい","羨[うらや]ましい","うらやましい","1","2388","5","envious,jealous,enviable (position, etc.)","","1391940"
"妬ましい","妬[ねた]ましい","ねたましい","1","25723","4","jealous,envious","","1444360"
"側","側[がわ]","がわ","1","967","2","side (of something, or taking someone's side),part,(watch) case","","1581310"
"っぷり","っぷり","っぷり","1","4571","","manner,style","","2202980"
"板につく","板[いた]につく","いたにつく","1","21815","","to get used to,to become accustomed to,to be at home (on the stage)","","1858410"
"おじさん","おじさん","おじさん","1","1640","0","uncle,old man,mister,manybar goatfish (Parupeneus multifasciatus)","","2261490"
"祝う","祝[いわ]う","いわう","1","4136","2","to celebrate,to congratulate,to observe (a festival),to present (a gift) in celebration,to drink in celebration,to wish for (a happy future, good fortune, etc.),to pray for","","1337390"
"寮","寮[りょう]","りょう","1","7459","1","hostel,dormitory,bureau (government department beneath a ministry under the ritsuryō system),tea-ceremony room,villa","","1554230"
"調理室","調[ちょう]理[り]室[しつ]","ちょうりしつ","1","50442","","cook-house,galley,kitchen","","2827517"
"大張り切り","大[おお]張[は]り切[き]り","おおはりきり","1","85151","","great enthusiasm,high excitement","","2839261"
"くっく","くっく","くっく","1","16760","","shoes","","2836993"
"何といっても","何[なん]といっても","なんといっても","1","29030","1","after all is said and done,no matter what people say,in the end,definitely,undeniably","","2026590"
"お誕生日おめでとう","お誕[たん]生[じょう]日[び]おめでとう","おたんじょうびおめでとう","1","23997","","happy birthday!","","2253520"
"つまる","つまる","つまる","1","2800","2","to be packed (with),to be filled,to be full (e.g. of a schedule),to be blocked (of a pipe, nose, etc.),to be clogged,to be stopped up,to be become shorter,to shrink,to narrow,to be at a loss (for),to be pressed (for),to be stuck (for),to come to the end,to be settled,to become a geminate consonant,to hit the bat close to the batter's hands (of a pitch),to hit off the fists,to get jammed","","1226480"
"筋","筋[すじ]","すじ","1","3008","1","muscle,tendon,sinew,vein,artery,fiber,fibre,string,line,stripe,streak,reason,logic,plot,storyline,lineage,descent,school (e.g. of scholarship or arts),aptitude,talent,source (of information, etc.),circle,channel,well-informed person (in a transaction),logical move (in go, shogi, etc.),ninth vertical line,seam on a helmet,gristly fish paste (made of muscle, tendons, skin, etc.),social position,status,on (a river, road, etc.),along,counter for long thin things,counter for roads or blocks when giving directions,street (in Osaka),(Edo period) counter for hundreds of mon (obsolete unit of currency)","","1241750"
"何年","何[なん]年[ねん]","なんねん","1","1509","1","how many years,how long,what year","","1189250"
"まな板","まな板[いた]","まないた","1","21263","0,3,4","chopping board,cutting board,flat chest,tiny breasts","","1604140"
"おく","おく","おく","1","705","0","to put,to place,to leave (behind),to establish (an organization, a facility, a position, etc.),to set up,to appoint (someone to a certain position),to hire,to employ,to place (one's trust, one's faith, etc.),to bear (in mind, etc.),to put down a tool (e.g. a pen) hence stopping what one is doing with that tool,to take in (boarders, etc.),to provide lodging in one's house,to separate spatially or temporally,to do something in advance,to leave something in a certain state,to keep something in a certain state","","1421850"
"度胸","度[ど]胸[きょう]","どきょう","1","5017","1","courage,bravery,pluck,nerve,grit,guts","","1445190"
"浮かれる","浮[う]かれる","うかれる","1","4203","0","to make merry,to be festive","","1497370"
"お腹いっぱい","お腹[なか]いっぱい","おなかいっぱい","1","10119","","full stomach,bellyful,(eat) heartily,to one's heart's content","","2407280"
"初め","初[はじ]め","はじめ","1","3045","0","beginning,start,outset,opening,first (in line, etc.),origin,such as ...,not to mention ...","","1342540"
"思い出","思[おも]い出[で]","おもいで","1","1319","0","memories,recollections,reminiscence","","1589340"
"世間","世[せ]間[けん]","せけん","1","1989","1","world,society,people,the public","","1373970"
"もし","もし","もし","1","265","1","if,in case,supposing","","1012500"
"別料金","別[べつ]料[りょう]金[きん]","べつりょうきん","1","48310","","extra cost,extra charge","","2539880"
"とっさ","とっさ","とっさ","1","13421","0","moment,instant","","1565170"
"ウエー","ウエー","ウエー","1","13536","2","way","","1025740"
"またぐ","またぐ","またぐ","1","15382","2","to step over,to step across,to stride over,to stride across,to cross,to stretch over,to span,to bridge,to saddle,to straddle","","1267830"
"違いない","違[ちが]いない","ちがいない","1","1777","4","sure,no mistaking it,for certain,without doubt","","1610740"
"通る","通[とお]る","とおる","1","804","1","to go by,to go past,to go along,to travel along,to pass through,to use (a road),to take (a route),to go via,to go by way of,to run (between; of a rail service, bus route, etc.),to operate (between),to connect,to go indoors,to go into a room,to be admitted,to be shown in,to be ushered in,to come in,to penetrate,to pierce,to skewer,to go through,to come through,to permeate,to soak into,to spread throughout,to carry (e.g. of a voice),to reach far,to be passed on (e.g. of a customer's order to the kitchen),to be relayed,to be conveyed,to pass (a test, a bill in the House, etc.),to be approved,to be accepted,to go by (a name),to be known as,to be accepted as,to have a reputation for,to be coherent,to be logical,to be reasonable,to be comprehensible,to be understandable,to make sense,to get across (e.g. of one's point),to be understood,to pass for,to come across as,to seem like,to be straight (e.g. wood grain),to be well-informed,to be wise,to do ... completely,to do ... thoroughly","","1433030"
"決行","決[けっ]行[こう]","けっこう","1","9402","0","doing (with resolve),carrying out (e.g. a plan)","","1254250"
"魔導士","魔[ま]導[どう]士[し]","まどうし","1","45723","","sorcerer,wizard,mage","","2110520"
"完成","完[かん]成[せい]","かんせい","1","1414","0","completion,perfection,accomplishment","","1211490"
"めぼしい","めぼしい","めぼしい","1","19833","3","notable,important,chief,valuable,conspicuous,outstanding","","2001300"
"用がある","用[よう]がある","ようがある","1","3693","","to have (urgent) business,to have something one needs to attend to,to have something one wants to say (to someone)","","1914440"
"向く","向[む]く","むく","1","2887","0","to turn toward,to look (up, down, etc.),to face (e.g. east) (of a building, window, etc.),to look out on,to front (on),to point (of an arrow, compass needle, etc.),to be suited to,to be fit for,to go towards,to turn to (of one's interests, feelings, etc.),to be inclined (to do)","","1277080"
"徹底的","徹[てっ]底[てい]的[てき]","てっていてき","1","3283","0","thorough,exhaustive,complete","","1437680"
"手こずる","手[て]こずる","てこずる","1","13296","3","to have much trouble,to have a hard time,to not know how to handle","","1008270"
"楽勝","楽[らく]勝[しょう]","らくしょう","1","6569","0","easy victory,walkover,easy peasy,child's play,cakewalk,walk in the park","","1207390"
"意味ない","意[い]味[み]ない","いみない","1","3407","","meaningless,pointless","","2772850"
"よりによって","よりによって","よりによって","1","5157","","of all (things, people, places, days, etc.)","","1628730"
"規格外","規[き]格[かく]外[がい]","きかくがい","1","16434","3,4","nonstandard,out of spec,irregular,unconventional (e.g. relationship),ugly (e.g. fruits and vegetables),exceptional,extraordinary,unbelievable,overwhelming,insane,off the charts","","2850440"
"階段","階[かい]段[だん]","かいだん","1","2049","0","stairs,stairway,staircase","","1203090"
"みんなして","みんなして","みんなして","1","16503","","everyone at once,everyone together","","2838976"
"ってば","ってば","ってば","1","1839","","speaking of,(I told you) already,come on","","2130420"
"響き","響[ひび]き","ひびき","1","4207","3","echo,reverberation,sound (esp. the distinctive sound of an object or activity, e.g. rain, gun, gallop, drum),noise,quality of a sound (e.g. a fine phrase, clear voice, resonant bell),feeling of a sound,emotion or feeling inspired by something heard or read","","1602130"
"ぼっち","ぼっち","ぼっち","1","15868","1","small point,knob,protuberance,aloneness,loneliness,solitude","","2685440"
"口実","口[こう]実[じつ]","こうじつ","1","5894","0","excuse,pretext","","1276220"
"入れ知恵","入[い]れ知[ぢ]恵[え]","いれぢえ","1","24522","0","putting an idea into someone's head,suggestion,hint","","1465670"
"やっちまう","やっちまう","やっちまう","1","5807","","to screw up,to goof,to do (something one regrets),to beat up,to do in,to get,to take out","","1012780"
"３倍","３[さん]倍[ばい]","さんばい","1","12965","","three times (as much),treble,triple,threefold","","1301420"
"企み","企[たくら]み","たくらみ","1","12179","0,4","plot,scheme,trick,design,intrigue,artifice,conspiracy","","1218130"
"仲よく","仲[なか]よく","なかよく","1","9599","1","on good terms (with),on friendly terms (with),(getting along) well,in harmony,happily,peacefully","","1426090"
"逆戻り","逆[ぎゃく]戻[もど]り","ぎゃくもどり","1","14814","3,0","retrogression,reversal,relapse,doubling back,backtracking","","1227220"
"ほざく","ほざく","ほざく","1","10237","2","to say,to spatter,to prate,to prattle,to babble","","1011620"
"効果","効[こう]果[か]","こうか","1","1650","1","effect,effectiveness,efficacy,result,effects (e.g. sound effects, visual effects, special effects)","","1275130"
"ああん","ああん","ああん","1","6137","","opening (one's mouth) wide,saying ""aah"",crying loudly,wailing,bawling","","2277880"
"僕たち","僕[ぼく]たち","ぼくたち","1","1850","1,3","we","","1521420"
"明確","明[めい]確[かく]","めいかく","1","3862","0","clear,precise,definite,distinct","","1532410"
"充填","充[じゅう]填[てん]","じゅうてん","1","26897","0","filling (up),replenishing,filling in (a tooth),loading (a gun with ammunition, a camera with film, etc.),packing,plugging","","1334370"
"訳あり","訳[わけ]あり","わけあり","1","20936","0","having special circumstances (e.g. problems, issues, advantages, flaws, defects, etc.),imperfect (merchandise),with defects","","2419930"
"難あり","難[なん]あり","なんあり","1","51257","","with imperfections (of a secondhand item, etc.),damaged","","2869339"
"文句","文[もん]句[く]","もんく","1","1325","1","complaint,grumbling,objection,phrase,words,expression","","1505260"
"動向","動[どう]向[こう]","どうこう","1","8786","0","trend,tendency,movement,attitude","","1451330"
"釣る","釣[つ]る","つる","1","4610","0","to fish,to angle,to catch,to lure in,to tempt,to attract,to entice,to allure","","1434120"
"腕を磨く","腕[うで]を磨[みが]く","うでをみがく","1","22195","","to polish one's skills","","2102290"
"ご一緒","ご一[いっ]緒[しょ]","ごいっしょ","1","5421","","(doing) together","","2453950"
"一瞬","一[いっ]瞬[しゅん]","いっしゅん","1","923","0","instant,moment,for an instant","","1163340"
"お得","お得[とく]","おとく","1","7755","","bargain,good-value,economical","","1002520"
"たんまり","たんまり","たんまり","1","19110","3","quite a lot","","2008860"
"厨二病","厨[ちゅう]二[に]病[びょう]","ちゅうにびょう","1","56689","","behaving in a way characteristic of teenagers going through puberty, esp. by being overly self-conscious,2nd year of junior high sickness","","2425740"
"意","意[い]","い","1","4051","1","feelings,thoughts,meaning","","2081180"
"探知","探[たん]知[ち]","たんち","1","16035","1,0","detection","","1418360"
"地獄耳","地[じ]獄[ごく]耳[みみ]","じごくみみ","1","32301","3,0","being readily aware of rumors and gossip,being quick to learn secrets,having sharp ears,ability to remember everything one hears","","1942310"
"どこにでもいる","どこにでもいる","どこにでもいる","1","12039","","commonplace (of people or animals),ordinary,typical,ubiquitous,run-of-the-mill,found around every corner","","2841406"
"病","病[やまい]","やまい","1","4808","1","illness,disease,bad habit,weakness,fault","","1490160"
"だいたい","だいたい","だいたい","1","2386","0,3","generally,on the whole,mostly,almost,nearly,approximately,roughly,about,general,rough,outline,main points,gist,substance,essence,in the first place,first and foremost,from the start,to begin with","","1414470"
"侵害","侵[しん]害[がい]","しんがい","1","17411","0","infringement,violation,invasion,encroachment,trespass","","1359810"
"なしで","なしで","なしで","1","2789","","without","","1518550"
"この野郎","この野[や]郎[ろう]","このやろう","1","2732","","you bastard!,you son of a bitch!","","2838947"
"律儀","律[りち]儀[ぎ]","りちぎ","1","7211","1,0,3","upright,honest,faithful,conscientious,sincere","","1551170"
"強敵","強[きょう]敵[てき]","きょうてき","1","8048","0","formidable enemy,strong enemy,tough enemy","","1236480"
"非常","非[ひ]常[じょう]","ひじょう","1","1919","0","emergency,extreme,great,extraordinary,remarkable,unusual,terrible,severe","","1484920"
"罹患率","罹[り]患[かん]率[りつ]","りかんりつ","1","152907","2","disease rate,infection rate,morbidity rate","","1949030"
"対抗","対[たい]抗[こう]","たいこう","1","3718","0","opposition,rivalry,competition,antagonism","","1410020"
"おなかすく","おなかすく","おなかすく","1","5202","","to get hungry,to become hungry","","2021520"
"さんなん","さんなん","さんなん","1","8021","3","three sons,third son","","1301230"
"校長先生","校[こう]長[ちょう]先[せん]生[せい]","こうちょうせんせい","1","17283","7","school principal,school headmaster,school headmistress","","2106280"
"今期","今[こん]期[き]","こんき","1","25942","1","the present term,the present session","","1289080"
"生","生[せい]","せい","1","4967","1","life,living,I,me,myself,student","","2088240"
"単独","単[たん]独[どく]","たんどく","1","9167","0","sole,single,solo,independence,singleness,singularity","","1417780"
"実力者","実[じつ]力[りょく]者[しゃ]","じつりょくしゃ","1","14072","3,4","influential person,powerful person,big wheel,big gun,power behind the throne","","1321550"
"超過","超[ちょう]過[か]","ちょうか","1","34890","0","excess,surplus,exceeding (a limit, estimate, etc.),going over","","1429410"
"見込む","見[み]込[こ]む","みこむ","1","6058","0,2","to anticipate,to expect,to estimate,to count on,to allow for,to take into account,to place confidence in,to put trust in,to trust,to find promising,to see good prospects (in),to set one's eye on (e.g. prey),to mark (e.g. as a victim),to hold spellbound","","1259580"
"うま","うま","うま","1","8713","2","horse,horse racing,promoted bishop,knight (court card in mekuri karuta and unsun karuta)","","1471560"
"創立","創[そう]立[りつ]","そうりつ","1","23797","0","establishment,founding,organization,organisation","","1398640"
"一目瞭然","一[いち]目[もく]瞭[りょう]然[ぜん]","いちもくりょうぜん","1","12082","0,2","obvious,(as) clear as day,plain to see","","1167000"
"つまみ食い","つまみ食[ぐ]い","つまみぐい","1","19193","0","eating with one's fingers,snitching food,snatched food,secret eating,food snatched and eaten without the meal starting,embezzlement,misappropriation,exploiting something,flirting","","1721360"
"界隈","界[かい]隈[わい]","かいわい","1","16169","1","neighborhood,neighbourhood,vicinity,community (of people with a shared trait, members, fans, etc.),scene,enthusiasts","","1202130"
"わずか","わずか","わずか","1","2484","1","a little,a few,small,slight,trifling,meagre,meager,narrow (margin),only,just,merely,no more than","","1240750"
"敗因","敗[はい]因[いん]","はいいん","1","21754","0","cause of defeat","","1472520"
"真の","真[しん]の","しんの","1","3009","1","true,real,genuine,proper,utter","","1853530"
"自称","自[じ]称[しょう]","じしょう","1","7786","0","self-proclaimed,self-professed,self-styled,would-be,professing oneself to be,calling oneself,describing oneself as,first person","","1317950"
"名誉","名[めい]誉[よ]","めいよ","1","4117","1","honor,honour,credit,glory,fame,distinction,prestige,dignity,reputation,honor,good name,honorary (e.g. president, doctorate)","","1531870"
"情報処理","情[じょう]報[ほう]処[しょ]理[り]","じょうほうしょり","1","39190","5","data processing,information processing","","1356460"
"はかる","はかる","はかる","1","12084","2","to plan,to attempt,to devise,to plot,to conspire,to scheme,to aim for,to strive for,to work towards,to seek,to deceive,to trick,to take in","","1600660"
"勝敗","勝[しょう]敗[はい]","しょうはい","1","8304","0","victory or defeat,outcome (of a game, battle, etc.)","","1346220"
"いい勝負","いい勝[しょう]負[ぶ]","いいしょうぶ","1","17366","","equal match,good match,fair match,equal in ability,being a worthy rival","","2760770"
"広げる","広[ひろ]げる","ひろげる","1","1927","0","to spread,to extend,to expand,to enlarge,to widen,to broaden,to unfold,to open,to unroll,to unwrap,to scatter about,to spread around,to make flourish,to cause to prosper","","1602370"
"全域","全[ぜん]域[いき]","ぜんいき","1","14697","0","the whole area,the entire region,all parts (of),the whole field (of study),every field,the whole gamut","","1394830"
"それとも","それとも","それとも","1","800","3","or,or else","","1007010"
"芳しい","芳[かんば]しい","かんばしい","1","15875","4","sweet-smelling,fragrant,aromatic,good (reputation, condition, results, etc.),favorable","","1578885"
"夜中","夜[よ]中[なか]","よなか","1","2739","1,0","middle of the night,dead of night","","1536930"
"可能","可[か]能[のう]","かのう","1","1589","0","possible,potential,practicable,feasible","","1191060"
"遊びに来る","遊[あそ]びに来[く]る","あそびにくる","1","3320","","to come and stay,to drop in,to visit","","2399860"
"無駄","無[む]駄[だ]","むだ","1","1088","0","futility,waste,uselessness,pointlessness,idleness","","1530510"
"発現","発[はつ]現[げん]","はつげん","1","17646","0","revelation,manifestation,appearance,expression (e.g. in molecular biology; protein expression or gene expression)","","1477340"
"各所","各[かく]所[しょ]","かくしょ","1","12079","1","each place,various places","","1205050"
"探査","探[たん]査[さ]","たんさ","1","27351","1","probe,inquiry,enquiry,investigation","","1418320"
"先日","先[せん]日[じつ]","せんじつ","1","1594","0","the other day,a few days ago","","1388300"
"個","個[こ]","こ","1","2178","1","counter for (small) things or pieces,counter for military units,(an) individual,one person,counter for years (of age difference),counter for school-years","","1264740"
"強硬","強[きょう]硬[こう]","きょうこう","1","25842","0","firm,strong,unbending,unyielding,uncompromising,stubborn,tough,hard-line","","1236250"
"ひとりで","ひとりで","ひとりで","1","8202","","alone,by oneself,on one's own","","1163700"
"１０人","１０人[じゅうにん]","じゅうにん","1","9199","1","ten people","","2862883"
"国家","国[こっ]家[か]","こっか","1","6201","1","state,country,nation","","1286170"
"非","非[ひ]","ひ","1","6577","1","fault,error,mistake,going poorly,being disadvantageous,being unfavorable,un-,non-,an-","","1484710"
"以下","以[い]下[か]","いか","1","2449","1","not exceeding ...,not more than ...,... and under,... and below,... or fewer,below (a standard, level, etc.),under,beneath,less than,the following,the below-mentioned,the rest,followed by ...,including ...,... and other (employees, officials, etc.)","","1155060"
"はっきり言う","はっきり言[い]う","はっきりいう","1","2286","","to speak distinctly,to speak clearly,to put it bluntly,to get to the point,to be frank","","2759720"
"差","差[さ]","さ","1","1869","0","difference,variation,difference","","1291070"
"みる","みる","みる","1","1126","1","to see,to look,to watch,to view,to observe,to examine,to look over,to assess,to check,to judge,to look after,to attend to,to take care of,to keep an eye on,to experience,to meet with (misfortune, success, etc.),to try ...,to have a go at ...,to give ... a try,to see (that) ...,to find (that) ...","","1259290"
"加える","加[くわ]える","くわえる","1","2414","0,3","to add,to add up,to sum up,to append,to annex,to increase,to gather (e.g. speed),to pick up,to include,to count in,to let join,to inflict (damage),to deal,to give","","1189960"
"画伯","画[が]伯[はく]","がはく","1","51572","1,0","master painter,great artist,painter,artist","","1197500"
"自分で","自[じ]分[ぶん]で","じぶんで","1","677","","by myself,in person,by oneself","","2830519"
"反動","反[はん]動[どう]","はんどう","1","6206","0","reaction,recoil,kick,backlash","","1480800"
"痛み","痛[いた]み","いたみ","1","1568","3","pain,ache,soreness,grief,distress,damage,injury,wear,bruise,break","","1587300"
"盗み読み","盗[ぬす]み読[よ]み","ぬすみよみ","1","104885","0","reading (someone else's letter, diary, etc.) surreptitiously,reading secretly,reading over someone's shoulder","","1773950"
"動物","動[どう]物[ぶつ]","どうぶつ","1","2187","0","animal","","1451470"
"結構","結[けっ]構[こう]","けっこう","1","425","1,0,3","splendid,nice,wonderful,delightful,lovely,excellent,fine,sufficient,satisfactory,enough,fine,all right,OK,not needing (any more of something),(already) having enough,fine (as in ""I'm fine""),no, thank you,rather,quite,fairly,pretty,surprisingly,quite a bit,fairly well,structure,construction,framework,architecture","","1254760"
"絶壁","絶[ぜっ]壁[ぺき]","ぜっぺき","1","34817","0","precipice,cliff,flat head","","1386950"
"積み重ねる","積[つ]み重[かさ]ねる","つみかさねる","1","7479","5","to pile up,to accumulate","","1382910"
"存分","存[ぞん]分[ぶん]","ぞんぶん","1","4687","0,3","to one's heart's content,as much as one likes,without reserve,freely,to the full","","1406210"
"発揮","発[はっ]揮[き]","はっき","1","3168","0,1","show (of power, ability, etc.),exhibition,demonstration,display,manifestation","","1477250"
"主人公","主[しゅ]人[じん]公[こう]","しゅじんこう","1","3313","2","protagonist,main character,hero,heroine,head (of a household),proprietor (of a store)","","1325680"
"なりきる","なりきる","なりきる","1","9805","0,3","to turn completely into,to become completely","","1848830"
"命懸け","命[いのち]懸[が]け","いのちがけ","1","9997","0,5","putting one's life on the line,staking one's life (on),risking one's life,life and death situation","","1532000"
"かねない","かねない","かねない","1","4385","","quite capable of ...,not unlikely to ...,may well ...,might ...,could ...,would not hesitate to ...","","1922120"
"首を突っ込む","首[くび]を突[つ]っ込[こ]む","くびをつっこむ","1","10449","","to poke one's nose into another's affairs,to have a hand in,to take a (deep) interest in,to meddle in,to poke one's head (into a room)","","2016320"
"やっかいごと","やっかいごと","やっかいごと","1","75573","","troublesome matter,burden,difficult task,chore,hassle","","1537830"
"むかし","むかし","むかし","1","20141","0","the old days,the past,former times,a long time ago,the past ten years,the past decade","","1382370"
"引き渡す","引[ひ]き渡[わた]す","ひきわたす","1","8649","4","to deliver,to extradite,to stretch across,to hand over","","1601790"
"手狭","手[て]狭[ぜま]","てぜま","1","25434","0","narrow,small,cramped","","1327470"
"にしな","にしな","にしな","1","40968","","Ishina,Niishina,Nishina,Jinka,Nika,Ninka","","5420300"
"控え室","控[ひか]え室[しつ]","ひかえしつ","1","18311","3,2","waiting room,anteroom,antechamber,green room","","1601430"
"緊張","緊[きん]張[ちょう]","きんちょう","1","1039","0","tension,strain,nervousness,stress,tensions (between countries, groups, etc.),tonus,muscle tone","","1241880"
"身","身[み]","み","1","870","0","one's body,one's person,oneself,one's appearance,one's place (in society, etc.),one's position,main part,meat (as opposed to bone, skin, etc.),wood (as opposed to bark),blade (as opposed to its handle),container (as opposed to its lid)","","1365520"
"硬い","硬[かた]い","かたい","1","2339","0,2","hard,solid,tough,stiff,tight,wooden,unpolished (e.g. writing),strong,firm (not viscous or easily moved),safe,steady,honest,steadfast,obstinate,stubborn,bookish,formal,stuffy","","1257110"
"そそる","そそる","そそる","1","12779","0,2","to excite,to incite,to stimulate,to arouse,to tempt,to stir up","","1006750"
"姉さん","姉[ねえ]さん","ねえさん","1","4351","1","older sister,elder sister,young lady,miss,ma'am","","1307640"
"追い返す","追[お]い返[かえ]す","おいかえす","1","7383","3","to drive away,to turn away,to send away,to repel,to repulse","","1432390"
"わりに","わりに","わりに","1","5723","3,0","comparatively,relatively,fairly,rather,pretty,unexpectedly,considering ...,for ...,despite ...,in spite of ...","","1606930"
"部下","部[ぶ]下[か]","ぶか","1","2651","1","subordinate person","","1499350"
"不可思議","不[ふ]可[か]思[し]議[ぎ]","ふかしぎ","1","14405","2","mystery,something inexplicable,wonder,miracle,unfathomable (of a Buddha's abilities),10^64 (or 10^80)","","1491430"
"連行","連[れん]行[こう]","れんこう","1","7280","0","taking (a suspect to the police),dragging (someone) away","","1559440"
"調子こく","調[ちょう]子[し]こく","ちょうしこく","1","25239","","to be elated,to be excited,to be caught up in the moment,to be carried away,to get cocky","","2730470"
"言い出し","言[い]い出[だ]し","いいだし","1","7619","0","opening words,speaking out","","2827230"
"察し","察[さっ]し","さっし","1","5499","0","consideration,guess,conjecture,judgement","","1298730"
"満載","満[まん]載[さい]","まんさい","1","13008","0","full load,being fully loaded (with),being loaded to capacity (with),carrying a full load (of),being full of (articles, photos, etc.; of a newspaper or magazine),being packed with (e.g. fun, excitement)","","1526790"
"阻む","阻[はば]む","はばむ","1","6032","2","to keep someone from doing,to stop,to prevent,to check,to hinder,to obstruct,to oppose,to thwart","","1397800"
"架空","架[か]空[くう]","かくう","1","12519","0","fictitious,imaginary,fanciful,fabricated,aerial,overhead","","1193130"
"名","名[めい]","めい","1","1272","0","counter for people (usu. seating, reservations and such),first name,famous,great,name,noun","","2153790"
"恨み","恨[うら]み","うらみ","1","3169","3","resentment,grudge,malice,bitterness,matter for regret,regret","","1289740"
"つまらない","つまらない","つまらない","1","2675","3","dull,uninteresting,boring,tedious,insignificant,unimportant,trifling,trivial,worthless,absurd,foolish,silly,stupid,useless,pointless,disappointing","","1008190"
"そう言う","そう言[い]う","そういう","1","2252","0","such,like that,that sort of","","1394680"
"監禁","監[かん]禁[きん]","かんきん","1","8214","0","confinement,imprisonment,incarceration","","1213610"
"全勝","全[ぜん]勝[しょう]","ぜんしょう","1","40990","0","complete victory,winning a tournament with no losses","","1395370"
"あん","あん","あん","1","1183","1","idea,plan,proposal,suggestion,(government) bill,draft,rough copy,expectation,desk,stand","","1154770"
"料理人","料[りょう]理[り]人[にん]","りょうりにん","1","10647","0,3","cook,chef","","1644930"
"救う","救[すく]う","すくう","1","788","0","to rescue (someone),to save,to help (out of a difficulty),to relieve (from),to save (spiritually),to redeem (from sin),to deliver (from suffering, distress, etc.),to bring to salvation","","1229060"
"書き入れ時","書[か]き入[い]れ時[どき]","かきいれどき","1","66252","0,4","busiest and most profitable business period,peak season","","1589910"
"大盤振る舞い","大[おお]盤[ばん]振[ぶ]る舞[ま]い","おおばんぶるまい","1","36814","5","lavish feast,splendid banquet,corporate largess,lavish hospitality","","2040040"
"ぶり","ぶり","ぶり","1","1510","2,0","way,manner,style,(for) the first time in (e.g. ten years),after ...,...-sized,amount (equivalent to ...),tune,tone","","1361140"
"小さい頃","小[ちい]さい頃[ころ]","ちいさいころ","1","3924","","as a child,when one was a child","","2420940"
"顔が見える","顔[かお]が見[み]える","かおがみえる","1","10117","","identifiable,personalized","","2809670"
"心おきなく","心[こころ]おきなく","こころおきなく","1","26274","6,5","freely,frankly,without reserve","","1850310"
"手に入る","手[て]に入[はい]る","てにはいる","1","2029","","to obtain,to come into possession of,to get hold of,to get one's hands on","","1327220"
"あしらう","あしらう","あしらう","1","7727","3","to treat,to handle,to deal with,to arrange,to decorate (with),to adorn (with),to dress (with),to garnish (with)","","1000300"
"いろいろあって","いろいろあって","いろいろあって","1","8086","","what with this and that,for a number of reasons","","2258710"
"普通に","普[ふ]通[つう]に","ふつうに","1","2250","0","normally,ordinarily,usually,generally,commonly,by anyone's standards,by normal standards,sufficiently,actually,genuinely,truly,without any issues,without any difficulty,(surprisingly) well,just fine,naturally","","2847506"
"話せる","話[はな]せる","はなせる","1","1519","3","to be able to speak,to be able to talk,to be understanding,to be sensible","","1562360"
"校長","校[こう]長[ちょう]","こうちょう","1","11919","0","principal,head teacher,headmaster,headmistress","","1279590"
"そんなに","そんなに","そんなに","1","2145","4,0","so much,so,like that","","2008740"
"名を売る","名[な]を売[う]る","なをうる","1","55478","","to gain a reputation,to make oneself famous","","1899570"
"変わり","変[か]わり","かわり","1","3678","0","change,alteration,difference,distinction,something wrong,abnormality,unusual event,accident,incident","","1510720"
"癪","癪[しゃく]","しゃく","1","14750","0","annoyance,irritation,vexation,abdominal spasms,convulsions,cramps","","1569720"
"困難","困[こん]難[なん]","こんなん","1","3398","1","difficulty,hardship,trouble,distress,infeasibility,inability (to carry out)","","1289620"
"本人","本[ほん]人[にん]","ほんにん","1","865","1","the person in question,the person themselves,said person","","1522750"
"のように","のように","のように","1","17082","","like,similar to,as with,in the same way","","1010030"
"もうちょっと","もうちょっと","もうちょっと","1","1631","","a bit more,a bit longer","","2763520"
"仲間はずれ","仲[なか]間[ま]はずれ","なかまはずれ","1","21117","4","being left out,being ostracized","","1425800"
"緊張感","緊[きん]張[ちょう]感[かん]","きんちょうかん","1","4707","3","feeling of tension,air of tension,tension,nervousness","","2428940"
"腕が上がる","腕[うで]が上[あ]がる","うでがあがる","1","35271","","to gain in skill,to improve,to get better","","1854800"
"きたい","きたい","きたい","1","11304","0","expectation,anticipation,hope,promising,rising,up-and-coming","","1220570"
"瞬殺","瞬[しゅん]殺[さつ]","しゅんさつ","1","19748","0","defeating in an instant,instant kill","","2426570"
"秘め事","秘[ひ]め事[ごと]","ひめごと","1","38900","0,2","secret","","1483990"
"粘る","粘[ねば]る","ねばる","1","7657","2","to be sticky,to be adhesive,to persevere,to persist,to stick to,to hold out,to linger","","1469700"
"のんき","のんき","のんき","1","6345","1","easy,easygoing,carefree,happy-go-lucky,optimistic,leisurely,careless,thoughtless","","1600560"
"ご覧ください","ご覧[らん]ください","ごらんください","1","7555","","please look at it","","1005100"
"にじむ","にじむ","にじむ","1","10245","2","to run (of liquid),to spread,to bleed,to blot,to blur,to blot,to be blurred,to ooze,to well up (of tears, etc.),to show through (of feelings, emotions, etc.),to reveal itself","","1568800"
"終了","終[しゅう]了[りょう]","しゅうりょう","1","1657","0","end,close,conclusion,termination","","1333040"
"来週","来[らい]週[しゅう]","らいしゅう","1","2757","0","next week","","1548010"
"我慢","我[が]慢[まん]","がまん","1","793","1","endurance,patience,perseverance,bearing (with something),self-control,self-restraint","","1196970"
"付き","付[つ]き","つき","1","3416","2","furnished with,including,attached to,impression,appearance,luck,sociality,under,assistant (e.g. to a manager),soup base","","1583630"
"速","速[そく]","そく","1","8943","2","gear,speed (e.g. 4-speed transmission)","","2093400"
"言い出しっぺ","言[い]い出[だ]しっぺ","いいだしっぺ","1","29001","4,6","first person to say something,first person to suggest something,person who raised a matter","","1756270"
"むしろ","むしろ","むしろ","1","887","1","rather,better,instead,if anything","","1604870"
"今や","今[いま]や","いまや","1","3033","1","now (esp. in contrast to the past),now at last,at present,right now","","1289000"
"彼女","彼[かの]女[じょ]","かのじょ","1","259","1","she,her,girlfriend","","1483150"
"なまじ","なまじ","なまじ","1","16985","0","thoughtlessly,rashly,unwisely,half-heartedly,halfway,half-done,incomplete","","1009430"
"温まる","温[あたた]まる","あたたまる","1","8589","3","to warm oneself,to sun oneself,to warm up,to get warm","","1586430"
"やり合う","やり合[あ]う","やりあう","1","8970","3","to compete with,to argue with,to quarrel","","1605600"
"恋","恋[こい]","こい","1","1446","1","(romantic) love","","1558670"
"治療","治[ち]療[りょう]","ちりょう","1","2849","0","(medical) treatment,care,therapy,cure,remedy","","1316890"
"段階","段[だん]階[かい]","だんかい","1","2590","0","stage,step,phase,level,rank,grade,gradation,order,stairs","","1419950"
"まぁいっか","まぁいっか","まぁいっか","1","37462","","oh well, fine,fine, I guess,alright, I suppose,OK, then","","2841724"
"化ける","化[ば]ける","ばける","1","6883","2","to take the form of (esp. in ref. to a spirit, fox, raccoon dog, etc.),to assume the shape of,to turn oneself into,to transform oneself into,to disguise oneself (as),to change (into),to transform,to metamorphose,to change radically (for the better),to transform,to improve dramatically and unexpectedly (e.g. of an actor, sportsperson, stock price),to make a complete turnaround","","1186710"
"図抜ける","図[ず]抜[ぬ]ける","ずぬける","1","55612","0,3","to tower above,to stand out","","1692300"
"といえば","といえば","といえば","1","3727","","speaking of ...,when it comes to ...,as for ...,if one were to say ...","","1008850"
"そういや","そういや","そういや","1","2765","","which reminds me ...,come to think of it ...,now that you mention it ...,on that subject ...,so, if you say ...","","2735320"
"貯まる","貯[た]まる","たまる","1","19653","0","to be saved up (of money)","","2036940"
"期待に応える","期[き]待[たい]に応[こた]える","きたいにこたえる","1","7068","","to live up to expectations,to meet expectations","","2767970"
"辛抱","辛[しん]抱[ぼう]","しんぼう","1","5597","1","patience,endurance,perseverance","","1365930"
"なさそう","なさそう","なさそう","1","1718","3","does not seem,unlikely,improbable","","2246510"
"あちら","あちら","あちら","1","2638","1,2","that way,that direction,over there,yonder,that (one),that person,there,over there,foreign country (esp. a Western nation)","","1483185"
"質","質[しつ]","しつ","1","5096","2","quality,value,nature,inherent quality,character,logical quality","","1320640"
"それよりも","それよりも","それよりも","1","2497","","(more) than that,more importantly,rather than that,instead (of that)","","2857052"
"眠る","眠[ねむ]る","ねむる","1","885","0","to sleep,to die,to rest (in peace),to lie (buried),to sleep (in the grave),to lie idle (e.g. of resources),to lie unused,to lie untapped,to lie untouched,to close one's eyes","","1529390"
"全滅","全[ぜん]滅[めつ]","ぜんめつ","1","5019","0","total destruction,complete destruction,annihilation,being wiped out,total defeat,complete failure","","1396240"
"かといって","かといって","かといって","1","5141","","having said that,on the other hand,(but) then,(but) still","","2133810"
"毎度","毎[まい]度[ど]","まいど","1","6447","0","each time,every time,always,often,thank you for your continued patronage,thank you for your support,greetings!,welcome!,hello!,hello,I'm coming in","","1524710"
"引っ張る","引[ひ]っ張[ぱ]る","ひっぱる","1","1634","3","to pull,to draw,to pull tight,to string (lines),to run (cable),to stretch,to pull towards oneself (e.g. someone's sleeve),to drag,to haul,to tow,to lead (e.g. one's followers),to take someone somewhere (e.g. a suspect to the police),to tempt into joining,to strongly invite to join,to delay,to prolong,to lengthen the pronunciation (of a word),to quote,to cite,to reference,to pull the ball,to wear,to put on","","1601900"
"何と言う","何[なん]と言[い]う","なんという","1","5729","1","how (beautiful, etc.),what a ...,nothing worth mentioning,nothing special,of what name","","1188450"
"構いません","構[かま]いません","かまいません","1","4000","","no problem,it doesn't matter","","1279670"
"眠れる","眠[ねむ]れる","ねむれる","1","2216","","sleeping,asleep,resting,slumbering,to be able to sleep","","2866713"
"客","客[きゃく]","きゃく","1","1014","0","guest,visitor,customer,client,shopper,spectator,audience,tourist,sightseer,passenger,counter for containers used to entertain guests","","1226630"
"なんともない","なんともない","なんともない","1","9321","5","it's no big deal,it's no problem,it's nothing to worry about,safe (and sound),all right","","2847749"
"方々","方[ほう]々[ぼう]","ほうぼう","1","21334","1","here and there,this way and that way,everywhere,all over","","1584105"
"まんま","まんま","まんま","1","3745","2,0","as (it is),remaining (in a state),keeping (the same),leaving (unchanged),with (e.g. one's eyes closed, the light on),while (e.g. standing, alive),as,as (one pleases, one is told, etc.),according to,sic","","1585410"
"陰口","陰[かげ]口[ぐち]","かげぐち","1","19054","2","malicious gossip,backbiting,speaking ill behind someone's back","","1170340"
"貧相","貧[ひん]相[そう]","ひんそう","1","17153","1","poor-looking,impoverished-looking,scrawny (e.g. figure),thin-looking,sparse (e.g. meal),meagre,meager,insubstantial","","1490860"
"体格","体[たい]格[かく]","たいかく","1","6725","0","build,physique,frame,constitution","","1409310"
"困った","困[こま]った","こまった","1","1545","","unmanageable,impossible,hopeless,inopportune,uncomfortable,inconvenient,embarrassing,annoying,awkward,disturbing,distressing","","2823060"
"雑魚","雑魚[ざこ]","ざこ","1","8645","1","small fish,small fry,(a) nobody,small fry,unimportant person,noob,weak player,small penis,short dick","","1299360"
"はー","はー","はー","1","2240","1","yes,indeed,well,ha!,what?,huh?,sigh","","2069620"
"口止め","口[くち]止[ど]め","くちどめ","1","10559","0","forbidding mentioning (something to others),imposing silence (on),ordering (someone) to keep quiet,muzzling (someone),gagging,hushing up,hush money","","1276180"
"かかってこい","かかってこい","かかってこい","1","11586","","bring it on!","","2842797"
"肉弾戦","肉[にく]弾[だん]戦[せん]","にくだんせん","1","33496","","warfare in which soldiers fling themselves at the enemy,hand-to hand combat","","1827470"
"燃える","燃[も]える","もえる","1","1787","0","to burn,to get fired up","","1469570"
"隠し事","隠[かく]し事[ごと]","かくしごと","1","5897","0,5","secret,secrecy","","1170610"
"眼前","眼[がん]前[ぜん]","がんぜん","1","7747","0,3","before one's eyes","","1804040"
"居場所","居[い]場[ば]所[しょ]","いばしょ","1","1758","0,2","whereabouts,place,location,place where one belongs,where one fits in,place where one can be oneself","","1630060"
"放置","放[ほう]置[ち]","ほうち","1","3129","0,1","leaving as is,leaving alone,leaving unattended,neglecting,abandoning","","1516780"
"直撃","直[ちょく]撃[げき]","ちょくげき","1","5977","0","direct hit","","1430890"
"火傷","火傷[やけど]","やけど","1","7803","0","burn,scald,getting one's fingers burned (e.g. poor investment, mixing with the wrong people)","","1577310"
"子猫","子[こ]猫[ねこ]","こねこ","1","9749","2","kitten,small cat","","1593380"
"暴走","暴[ぼう]走[そう]","ぼうそう","1","3183","0","acting rashly,running wildly,behaving recklessly,rampaging,runaway (process),reckless baserunning","","1519480"
"痛覚","痛[つう]覚[かく]","つうかく","1","22096","0,1","sense of pain","","1652590"
"稼ぎ","稼[かせ]ぎ","かせぎ","1","9386","1,3","earnings","","1194430"
"筋肉組織","筋[きん]肉[にく]組[そ]織[しき]","きんにくそしき","1","88290","5","muscle tissue","","2171270"
"さいさん","さいさん","さいさん","1","90608","0","again and again,repeatedly","","1292760"
"血管","血[けっ]管[かん]","けっかん","1","7451","0","blood vessel,vein","","1255180"
"修復","修[しゅう]復[ふく]","しゅうふく","1","6180","0","restoration,repair,mending","","1332320"
"皮膚","皮[ひ]膚[ふ]","ひふ","1","5850","1,0","skin","","1483920"
"わかんない","わかんない","わかんない","1","3617","","not understanding,not knowing","","2158960"
"方々","方[かた]々[がた]","かたがた","1","2929","1","people,(all) persons,everyone,ladies and gentlemen,you (usu. plural)","","1584100"
"大事にする","大[だい]事[じ]にする","だいじにする","1","2064","","to take good care of,to treasure,to value,to hold dear,to prize,to cherish","","2837822"
"新","新[しん]","しん","1","1905","1","new,neo-,newness,novelty,Gregorian calendar,Xin dynasty (of China; 9-23 CE),Hsin dynasty","","1361480"
"妹","妹[いもうと]","いもうと","1","1044","4","younger sister","","1524590"
"脳天","脳[のう]天[てん]","のうてん","1","12968","3","top of the head,crown of the head","","1470500"
"台なしにする","台[だい]なしにする","だいなしにする","1","30424","","to spoil,to ruin,to destroy,to make a mess of","","1412780"
"打ちおろす","打[う]ちおろす","うちおろす","1","101367","4,0","to strike someone a blow,to bring down (a stick on someone's head)","","1408600"
"加わる","加[くわ]わる","くわわる","1","2956","0,3","to be added to,to be appended,to join in (e.g. a group of friends),to participate,to increase (e.g. heat),to gain in (e.g. influence),to grow,to gather (speed),to be applied (e.g. heat, pressure),to be exerted","","1189980"
"５人","５[ご]人[にん]","ごにん","1","4216","","five people","","2862879"
"よくやった","よくやった","よくやった","1","3492","","well done!,good job!,good work!,you did it!,bravo!","","2830327"
"見入る","見[み]入[い]る","みいる","1","10326","2,0","to gaze (at),to stare intently (at),to look fixedly (at),to fix one's eyes (on),to fascinate,to enchant,to possess,to bewitch,to enthrall","","1846590"
"浮く","浮[う]く","うく","1","2728","0","to float,to become merry,to be cheerful,to become loose,to become unsteady,to feel out of it,to be cut off (e.g. from those around you),to feel out of place,to be frivolous,to be uncertain,to have (time, money, etc.) left over,to be saved (e.g. money),to have no basis,to be unreliable","","1497420"
"周囲","周[しゅう]囲[い]","しゅうい","1","1771","1","surroundings,environs,circumference","","1331030"
"指示","指[し]示[じ]","しじ","1","1553","1","indication,denotation,designation,instructions,directions","","1309800"
"せいか","せいか","せいか","1","19568","1","(good) result,outcome,fruits (of one's labors),product,accomplishment","","1375650"
"何もかも","何[なに]もかも","なにもかも","1","1811","4","anything and everything,just about everything","","1599590"
"ありそう","ありそう","ありそう","1","5368","3","probable,likely","","1540990"
"栄える","栄[さか]える","さかえる","1","12627","3,2","to prosper,to flourish,to thrive","","1173860"
"加担","加[か]担[たん]","かたん","1","13090","0","support,participation,assistance,complicity,conspiracy","","1590450"
"膝枕","膝[ひざ]枕[まくら]","ひざまくら","1","15046","3","laying one's head in someone's lap,using someone's lap for a pillow","","1721940"
"燃え尽きる","燃[も]え尽[つ]きる","もえつきる","1","10286","4","to burn out","","1469610"
"子だくさん","子[こ]だくさん","こだくさん","1","66256","2","having many children","","1825270"
"恥ずかしながら","恥[は]ずかしながら","はずかしながら","1","13491","","embarrassingly,shamefully,I am embarrassed to admit that ...,I am ashamed to say that ...","","2861685"
"うぬぼれる","うぬぼれる","うぬぼれる","1","20536","0,4","to be conceited","","1317740"
"悔しがる","悔[くや]しがる","くやしがる","1","20260","4","to seem bitter (over),to appear vexed,to be resentful,to appear to regret","","2131840"
"観念","観[かん]念[ねん]","かんねん","1","4765","1","idea,notion,concept,conception,sense (e.g. of duty),resignation (to one's fate),acceptance,preparedness,observation and contemplation,meditation","","1215010"
"眠り","眠[ねむ]り","ねむり","1","5131","0","sleep,sleeping,inactivity,death","","1529370"
"撃破","撃[げき]破[は]","げきは","1","12648","1","defeating,crushing,smashing,destroying","","1253620"
"下級","下[か]級[きゅう]","かきゅう","1","19972","0","lower grade,low class,junior (officer)","","1184710"
"炎熱地獄","炎[えん]熱[ねつ]地[じ]獄[ごく]","えんねつじごく","1","133280","5","flames of hell","","1790430"
"灰","灰[はい]","はい","1","8277","0","ash,ashes","","1201860"
"吹き","吹[ふ]き","ふき","1","34509","0","blowing (e.g. of the wind),playing (a wind instrument),player (e.g. clarinet),(pair of) bellows,casting,founding,melting","","2759690"
"発表","発[はっ]表[ぴょう]","はっぴょう","1","1965","0","announcement,publication,presenting,statement,communique,making known,breaking (news story),expressing (one's opinion),releasing,unveiling","","1477840"
"人々","人[ひと]々[びと]","ひとびと","1","1457","2","people,men and women,each person,everybody","","1580650"
"くんずほぐれつ","くんずほぐれつ","くんずほぐれつ","1","48849","","locked in a grapple","","2169430"
"はずす","はずす","はずす","1","11075","0","to remove,to take off,to detach,to unfasten,to undo,to drop (e.g. from a team),to remove (from a position),to exclude,to expel,to leave (e.g. one's seat),to go away from,to step out,to slip away,to dodge (a question, blow, etc.),to evade,to sidestep,to avoid (e.g. peak season),to miss (a target, chance, punch, etc.)","","1203270"
"撃つ","撃[う]つ","うつ","1","1985","1","to shoot (a gun, person, etc.),to fire","","1253570"
"結果","結[けっ]果[か]","けっか","1","638","0,1","result,consequence,outcome,effect,as a result of ...,as a consequence of ...,after ...,following ...,bearing fruit,fruiting","","1254690"
"ずるい","ずるい","ずるい","1","2412","2","sly,cunning,sneaky,crafty,unfair,dishonest,miserly,mean,stingy","","1569240"
"何にも","何[なん]にも","なんにも","1","2248","0,1","(not) anything,(nothing) at all,(not) any","","1613730"
"葉子","葉子[かみお]","かみお","1","49418","","Kamio,Nobuko,Hako,Yōko","","5691904"
"締める","締[し]める","しめる","1","4030","2","to tie,to fasten,to tighten,to wear (necktie, belt),to put on,to total,to sum,to be strict with,to economize,to economise,to cut down on,to salt,to marinate,to pickle,to make sushi adding a mixture of vinegar and salt,to kill (fish, poultry, etc.),to strongly press (someone),to crack down on,to keep under strict control","","1436570"
"圧勝","圧[あっ]勝[しょう]","あっしょう","1","16114","0","overwhelming victory,crushing victory,sweeping victory,landslide victory","","1153140"
"地味","地[じ]味[み]","じみ","1","3246","2","plain,simple,subdued,sober,reserved (behaviour, attitude, etc.),modest,quiet,unobtrusive,quite,a (little) bit","","1421490"
"不戦勝","不[ふ]戦[せん]勝[しょう]","ふせんしょう","1","39950","0","win by default,walkover","","1493590"
"そうはいかない","そうはいかない","そうはいかない","1","7043","","not a chance,you wish!,that's not going to happen,that won't work","","2716900"
"代わり","代[か]わり","かわり","1","821","0","substitute,replacement,substituting,replacing,stand-in,proxy,alternate,deputy,relief,successor,compensation,exchange,return,another helping,second helping,seconds,refill,upcoming program,upcoming programme","","1590770"
"磁石","磁[じ]石[しゃく]","じしゃく","1","21763","1","magnet,compass","","1317080"
"例の","例[れい]の","れいの","1","1237","1","the usual,as it always is,said,that (previously-mentioned person or object),aforementioned,you-know-(who, what, etc.),in the usual way","","2176410"
"その人","その人[ひと]","そのひと","1","1060","4,2","the person in question,prominent figure,distinguished person,that person","","2832864"
"仮の名","仮[かり]の名[な]","かりのな","1","72366","","alias,assumed name","","1867000"
"ちなみに","ちなみに","ちなみに","1","1388","0,1","by the way,in this connection,incidentally,in passing","","1168650"
"目当て","目[め]当[あ]て","めあて","1","3670","1","mark,guide,landmark,purpose,aim,goal,intention,end,sight (on a firearm)","","1535600"
"苦痛","苦[く]痛[つう]","くつう","1","4058","0,2","pain,agony,suffering,distress,torment","","1244560"
"ゆがむ","ゆがむ","ゆがむ","1","12178","0,2","to warp,to bend,to contort,to be perverted,to be warped (of a view, mind, etc.),to be distorted,to be cross-grained","","1585360"
"重る","重[おも]る","おもる","1","34736","0","to get heavy,to worsen (of illness),to grow serious","","1335930"
"刺さる","刺[さ]さる","ささる","1","3443","2","to stick into (of something with a sharp point),to prick,to pierce,to get stuck (in),to lodge (in),to resonate emotionally,to move","","1306390"
"洗練","洗[せん]練[れん]","せんれん","1","18701","0","refinement,polish","","1391090"
"さばく","さばく","さばく","1","13063","2","to judge,to try,to sit in judgement (on),to decide (on)","","1295940"
"精一杯","精[せい]一[いっ]杯[ぱい]","せいいっぱい","1","3680","3,1","the best one can do,one's best effort,with all one's might,to the best of one's ability,as hard as possible","","1379870"
"何でも","何[なん]でも","なんでも","1","3213","1,0","any,anything,whatever,whatever one likes,everything,all,I am told,I hear,I understand,they say","","1611030"
"とっておき","とっておき","とっておき","1","7216","0","reserve,spare,treasured,valued,(ace) up one's sleeve,trump","","1707920"
"連射","連[れん]射[しゃ]","れんしゃ","1","18653","1","rapid firing,continuous firing,firing in quick succession","","1559540"
"遠く","遠[とお]く","とおく","1","986","3,0","far away,distant place,a (great) distance,a long way off,afar,long ago,far back,far (into the future),by far","","1177820"
"理想","理[り]想[そう]","りそう","1","2264","0","ideal,ideals","","1550020"
"そのもの","そのもの","そのもの","1","1534","4,2","the very thing,itself","","1612700"
"集中","集[しゅう]中[ちゅう]","しゅうちゅう","1","1228","0","concentration (on a task),focusing one's attention,concentration (of population, buildings, power, etc.),centralization,convergence,focus (of a debate, questions, etc.),within a collection of works","","1333750"
"方","方[かた]","かた","1","745","1","direction,way,person,lady,gentleman,method of,manner of,way of,care of ...,person in charge of ...,side (e.g. ""on my mother's side"")","","1516925"
"底","底[そこ]","そこ","1","2272","0","bottom,sole","","1436050"
"やってくる","やってくる","やってくる","1","806","4","to come along,to come around,to turn up,to arrive at the present,to get where one is,to have been doing something (for a period of time)","","1012790"
"認識","認[にん]識[しき]","にんしき","1","2526","0","recognition,awareness,perception,understanding,knowledge,cognition,cognizance,cognisance","","1467550"
"懺悔","懺[さん]悔[げ]","さんげ","1","15043","1,3","repentance,confession,penitence","","1585740"
"星々","星[ほし]々[ぼし]","ほしぼし","1","16044","","stars,the stars and planets,celestial bodies","","2251100"
"すばらしい","すばらしい","すばらしい","1","2836","4","wonderful,splendid,magnificent","","1397300"
"危機","危[き]機[き]","きき","1","2952","1,2","crisis,critical situation,emergency,pinch","","1218450"
"回避","回[かい]避[ひ]","かいひ","1","3828","1,0","evasion,avoidance,recusal (of a judge)","","1199700"
"泣きだす","泣[な]きだす","なきだす","1","21582","3","to burst into tears,to burst out crying,to begin to cry,to be moved to tears","","1633080"
"悪徳","悪[あく]徳[とく]","あくとく","1","18548","0","vice,immorality,corruption","","1152350"
"国王陛下","国[こく]王[おう]陛[へい]下[か]","こくおうへいか","1","31602","","His Majesty the King","","1628050"
"および","および","および","1","5898","0,1","and,as well as","","1228140"
"関係者","関[かん]係[けい]者[しゃ]","かんけいしゃ","1","3049","3","person concerned,people involved (in an event),those concerned,staff","","1215850"
"お客様","お客[きゃく]様[さま]","おきゃくさま","1","1760","4,0,5","guest,visitor,customer,client,shopper,spectator,audience,tourist,sightseer,passenger","","1001770"
"うなぎ登り","うなぎ登[のぼ]り","うなぎのぼり","1","49279","4","rising rapidly (e.g. prices, popularity),soaring,skyrocketing,going through the roof","","1588360"
"来年","来[らい]年[ねん]","らいねん","1","2877","0","next year","","1548220"
"以降","以[い]降[こう]","いこう","1","2781","1","on and after,from ... onward,since","","1155110"
"意識","意[い]識[しき]","いしき","1","893","1","consciousness,becoming aware (of),awareness,sense,mano-vijnana (mental consciousness, cognizer of sensory information)","","1156640"
"疾風","疾[しっ]風[ぷう]","しっぷう","1","20753","0,3","gale,strong wind,swift wind,fresh breeze (Beaufort scale)","","1320610"
"年ぶり","年[ねん]ぶり","ねんぶり","1","5204","","after an interval of ... years,for the first time in ... years","","1468160"
"荒くれ","荒[あら]くれ","あらくれ","1","41748","0","rough,rowdy,wild,violent,rough person,rowdy person","","2035040"
"思い知る","思[おも]い知[し]る","おもいしる","1","3929","4,0,2","to come to know,to perceive,to realize,to realise,to become aware (of)","","1309330"
"しょっちゅう","しょっちゅう","しょっちゅう","1","4902","1","always,all the time,constantly,frequently,often","","1005710"
"輝き","輝[かがや]き","かがやき","1","3970","0,4,3","brightness,brilliance,brilliancy,radiance,glitter","","1224010"
"夕闇","夕[ゆう]闇[やみ]","ゆうやみ","1","24743","0","dusk,twilight","","1542670"
"このこ","このこ","このこ","1","23525","2","dried sea-cucumber ovaries","","2575410"
"歓迎","歓[かん]迎[げい]","かんげい","1","3177","0","welcome,(warm) reception","","1212960"
"最上位","最[さい]上[じょう]位[い]","さいじょうい","1","25683","","highest rank,highest position,high-end,highest-order,most-significant (e.g. bit)","","2357850"
"若い","若[わか]い","わかい","1","573","2","young,youthful,immature,green,low (number),small","","1324300"
"研鑽を積む","研鑽[けんさん]を積[つ]む","けんさんをつむ","1","44458","","to apply oneself (to one's studies, research, etc.),to devote oneself to study,to pursue one's studies with dedication","","2870722"
"そのとおり","そのとおり","そのとおり","1","2617","3","just like that,quite so,I agree,that street","","2057830"
"数百","数[すう]百[ひゃく]","すうひゃく","1","6890","1","several hundred,hundreds (of)","","1373250"
"我が校","我[わ]が校[こう]","わがこう","1","20988","","our school,my school","","2005900"
"させる","させる","させる","1","2174","0","to make (someone) do,to allow (someone) to do","","1005160"
"やろ","やろ","やろ","1","3081","","seems,I think,I guess,right?,don't you agree?","","2083340"
"ある","ある","ある","1","566","1","a certain ...,some ...","","1586840"
"生まれた場所","生[う]まれた場[ば]所[しょ]","うまれたばしょ","1","37839","","birthplace","","1378670"
"日時","日[にち]時[じ]","にちじ","1","12658","1,2","date and time (of a meeting, departure, etc.),days and hours","","1464110"
"違える","違[ちが]える","ちがえる","1","8266","0","to change,to alter,to mistake,to make a mistake,to fail to keep (e.g. one's promise),to sprain (a muscle),to dislocate (e.g. one's neck)","","1158890"
"突破","突[とっ]破[ぱ]","とっぱ","1","3701","0,1","breaking through,breakthrough,penetration,surmounting (a difficulty),overcoming,getting over,accomplishing (an aim),reaching (a goal),exceeding,passing,rising above","","1457100"
"血肉","血[けつ]肉[にく]","けつにく","1","19057","0","blood relative,close relation,(one's) flesh and blood,flesh and blood,the body","","1255380"
"分け","分[わ]け","わけ","1","16632","2","division,splitting,classification,sharing,distribution,draw,tie","","1502990"
"とも","とも","とも","1","9776","1","companion,follower,attendant,retinue","","1233560"
"歩む","歩[あゆ]む","あゆむ","1","3624","2","to walk,to go on foot,to tread (a figurative path),to follow,to lead (a life),to experience,to advance towards (e.g. a solution),to set out (e.g. on the path to destruction, ruin, etc.),to embark (on the road to ...)","","1514360"
"やつら","やつら","やつら","1","3516","1","they,those guys","","1913290"
"国営","国[こく]営[えい]","こくえい","1","47556","0","government management,state management","","1286120"
"万事休す","万[ばん]事[じ]休[きゅう]す","ばんじきゅうす","1","27445","","there is nothing more that can be done,it's all over","","1601360"
"オラ","オラ","オラ","1","2113","1","hola","","2863004"
"道行き","道[みち]行[ゆ]き","みちゆき","1","38189","0","going down the road,travelling,traveling,lyric composition describing scenery a traveler sees on the way (traveller),eloping,coat worn over a woman's kimono","","1454190"
"もしも","もしも","もしも","1","2301","1","if,in case,supposing","","1612050"
"今頃","今[いま]頃[ごろ]","いまごろ","1","1943","0","about this time,about now","","1289160"
"魂","魂[たましい]","たましい","1","1638","1","soul,spirit,mind,willpower,vitality,something as important as one's own life,something invaluable,inherent spirit of something,state of mind","","1579170"
"たかが","たかが","たかが","1","3890","1,2","only,merely,just,at most,no more than","","1007180"
"ちょっかい","ちょっかい","ちょっかい","1","17201","1","meddling,interference,making a pass at someone,extending a paw to drag something closer,hand,arm,wrist,disfigured arm,disfigured hand","","1007810"
"隅から隅まで","隅[すみ]から隅[すみ]まで","すみからすみまで","1","21129","","in every nook and corner,from A to Z,from head to toe,from cover to cover","","1887170"
"しでかす","しでかす","しでかす","1","6777","3","to (go and) do,to make (a blunder, mess, etc.),to perpetrate,to carry out,to achieve,to accomplish,to pull off","","1594450"
"なんせ","なんせ","なんせ","1","8858","1","in any case,at any rate,anyhow,anyway,as you know,for you see,particularly","","1577110"
"注目","注[ちゅう]目[もく]","ちゅうもく","1","2512","0","notice,attention,observation","","1426670"
"いっそ","いっそ","いっそ","1","2448","0","rather,sooner,preferably,might as well,just,on the contrary,if anything","","2613280"
"３枚","３[さん]枚[まい]","さんまい","1","13504","1,0","three flat objects (sheets of paper, pieces of cloth, etc.),cutting a fish into two boneless fillets and a piece with the skeleton","","1301680"
"驚異","驚[きょう]異[い]","きょうい","1","20397","1","wonder,miracle,amazement,prodigy","","1238700"
"放る","放[ほう]る","ほうる","1","2245","0","to throw,to fling,to hurl,to toss,to neglect,to abandon,to leave alone,to give up on,to leave undone,to leave unfinished","","1516530"
"褒める","褒[ほ]める","ほめる","1","1267","2","to praise,to commend,to compliment,to speak well of,to speak highly of","","1603550"
"腐る","腐[くさ]る","くさる","1","2791","2","to rot,to go bad,to decay,to spoil,to fester,to decompose,to turn sour (e.g. milk),to corrode,to weather,to crumble,to become useless,to blunt,to weaken (from lack of practice),to become depraved,to be degenerate,to be morally bankrupt,to be corrupt,to be depressed,to be dispirited,to feel discouraged,to feel down,to have the audacity to,to be bastard enough to,to lose a bet,to be drenched,to become sopping wet","","1497800"
"方程式","方[ほう]程[てい]式[しき]","ほうていしき","1","25343","3","equation,formula,method for solving a problem,set way of achieving a particular result","","1517060"
"原型","原[げん]型[けい]","げんけい","1","19891","0","model,prototype,archetype,(sewing) pattern","","1261300"
"量産","量[りょう]産[さん]","りょうさん","1","13827","0","mass production","","1554660"
"巨乳","巨[きょ]乳[にゅう]","きょにゅう","1","11570","0","huge breasts,huge boobs","","1232240"
"資金","資[し]金[きん]","しきん","1","5049","2,1","funds,capital","","1312700"
"財務","財[ざい]務[む]","ざいむ","1","36678","1","financial affairs","","1297000"
"担当","担[たん]当[とう]","たんとう","1","1304","0","being in charge (of an area of responsibility),being responsible (for a work role, etc.)","","1418160"
"握手","握[あく]手[しゅ]","あくしゅ","1","5354","1","handshake,reconciliation,joining hands,cooperation","","1152730"
"一員","一[いち]員[いん]","いちいん","1","4273","0,2","one person,one member","","1161070"
"行ける","行[い]ける","いける","1","842","0","to be good (at),to go well,to look (taste, etc.) good,to hold one's liquor,to be able to hold one's drink","","1631370"
"第二の人生","第[だい]二[に]の人[じん]生[せい]","だいにのじんせい","1","45138","","new life (esp. after retirement),postretirement life","","2852690"
"４つ","４[よっ]つ","よっつ","1","6241","3,0","four,4,four years of age,ten o'clock (in the old time system),burakumin,cross grips","","1307040"
"しかない","しかない","しかない","1","1964","","having no choice but to ...,all one can do is ...,there's nothing to do except ...,having nothing but ...,there is only ...,having only ...,having no more than ...","","2026790"
"狭い","狭[せま]い","せまい","1","1533","2","narrow,confined,small,cramped,limited,narrow-minded,confining","","1237680"
"無意識","無[む]意[い]識[しき]","むいしき","1","3225","2","unconsciousness,unconscious,involuntary,automatic,mechanical,unintentional,spontaneous,the unconscious","","1529600"
"出発点","出[しゅっ]発[ぱつ]点[てん]","しゅっぱつてん","1","32732","4,3","starting point,point of departure","","1340010"
"材質","材[ざい]質[しつ]","ざいしつ","1","20376","0","material,material properties,quality of material,quality of wood,quality of lumber","","1296650"
"安定した","安[あん]定[てい]した","あんていした","1","11240","","steady,stable,calm,firm","","1857500"
"ねえ","ねえ","ねえ","1","246","1","right?,isn't it?,doesn't it?,don't you?,don't you think?,hey,say,listen,look,come on,you know,you see,I must say,I should think,will you?,please,so, ...,well, ...,you see, ...,you understand?,I'm not sure if ...,I have my doubts about whether ...","","2029080"
"食費","食[しょく]費[ひ]","しょくひ","1","15778","0","food expenses,money for food,charge for board","","1358590"
"駆動系","駆動系[くどうけい]","くどうけい","1","62932","","drive-line,powertrain","","2864112"
"月","月[つき]","つき","1","1201","2","Moon,month,moonlight,(a) moon,natural satellite","","1255430"
"ために","ために","ために","1","787","2","for,for the sake of,to one's advantage,in favor of,in favour of,on behalf of,because of,as a result of","","1157150"
"でもって","でもって","でもって","1","8272","","in addition to that,furthermore,moreover,as well as,by,with","","2206240"
"なーんだ","なーんだ","なーんだ","1","6910","1","what!,oh,what the heck,what the,damn","","2119750"
"黒","黒[くろ]","くろ","1","1862","1","black,black stone,guilt,guilty person","","1287410"
"動力","動[どう]力[りょく]","どうりょく","1","17617","1,0","power,motive power,three-phase electricity","","1451660"
"集まる","集[あつ]まる","あつまる","1","699","3","to gather,to collect,to assemble","","1333550"
"今日中に","今日[きょう]中[じゅう]に","きょうじゅうに","1","6061","","by today,before the day is over","","1289410"
"共同","共[きょう]同[どう]","きょうどう","1","8840","0","cooperation,collaboration,association,partnership,(acting in) unison,community,communal use,common possession,sharing","","1591660"
"昼間","昼[ひる]間[ま]","ひるま","1","2139","0","daytime,during the day,time from sunrise until sunset,diurnal period","","1581710"
"もう少しで","もう少[すこ]しで","もうすこしで","1","4583","","almost,nearly,close to","","2136520"
"丸聞こえ","丸[まる]聞[ぎ]こえ","まるぎこえ","1","35785","0","being able to hear everything (esp. when one was not intended to)","","2756540"
"だもの","だもの","だもの","1","2520","","indicate reason,infers some protest","","1007470"
"高価","高[こう]価[か]","こうか","1","7168","1","highly priced,expensive,valuable,costly","","1283300"
"貴重","貴[き]重[ちょう]","きちょう","1","2332","0","precious,valuable","","1223520"
"って言う","って言[い]う","っていう","1","1994","","meaning,called,said","","2757880"
"宿賃","宿[やど]賃[ちん]","やどちん","1","73315","2","accommodation fees,hotel charges,room charges,rent","","1656820"
"さらに","さらに","さらに","1","1136","1","furthermore,again,after all,more and more,moreover,even more","","1279310"
"安い","安[やす]い","やすい","1","1554","2","cheap,inexpensive,calm,peaceful,quiet","","1153670"
"ですら","ですら","ですら","1","3233","","even (e.g. even a child)","","2851340"
"品物","品[しな]物[もの]","しなもの","1","10432","0","article,item,thing,goods,wares","","1490670"
"お待たせしました","お待[ま]たせしました","おまたせしました","1","1951","","thank you for waiting,sorry to have kept you waiting","","2149640"
"焼き","焼[や]き","やき","1","13284","0","roasting,grilling,toasting,broiling,baking,tempering (in metallurgy),-ware,porcelain,pottery","","2265630"
"どういたしまして","どういたしまして","どういたしまして","1","5145","1","you're welcome,don't mention it,not at all,my pleasure","","1009030"
"飢え","飢[う]え","うえ","1","16686","2","hunger,starvation","","1224070"
"神々","神[かみ]々[がみ]","かみがみ","1","13282","2","gods","","1590590"
"何人","何[なん]人[にん]","なんにん","1","1613","0","how many people,a number of people","","1189100"
"ほー","ほー","ほー","1","2540","1,0","oh,ho,exclamation of surprise, admiration, etc.,hoo (owl call),toot (sound of a flute)","","2771030"
"もえ","もえ","もえ","1","71504","0","sprouting,budding,young shoot,moe,fascination,infatuation (esp. towards anime and manga characters)","","2027760"
"嫌み","嫌[いや]み","いやみ","1","14834","3","disagreeableness,unpleasantness,nastiness,offensiveness,tastelessness,cutting remark,disagreeable remark,snide comment,sarcastic comment","","1587660"
"狂い","狂[くる]い","くるい","1","12132","2,3","madness,insanity,irregularity,deviation,being out of order,fanaticism,fanatic,enthusiast,nut","","1237480"
"数日","数[すう]日[じつ]","すうじつ","1","2335","0","few days","","1373200"
"ころ","ころ","ころ","1","1925","1","(approximate) time,around,about,toward,suitable time (or condition),time of year,season","","1579080"
"好み","好[この]み","このみ","1","2298","1,3","liking,taste,fancy,fondness,wish,desire,choice,preference","","1277500"
"やらす","やらす","やらす","1","6985","0","to allow,to let (someone) do,to make (someone) do","","2800870"
"どれも","どれも","どれも","1","6619","0","any,all,every,both,either,none (with neg. verb)","","1188600"
"すぎ","すぎ","すぎ","1","2269","2","past,after,too (much),over- (e.g. eating)","","1195960"
"狩り","狩[か]り","かり","1","5513","1","hunting,hunt,shooting,gathering (mushrooms, shellfish, etc.),picking (berries, fruit, etc.),viewing (e.g. autumn leaves),hunting down (a criminal, etc.),rounding up (e.g. communists),witch-hunt","","1328710"
"人手","人[ひと]手[で]","ひとで","1","5651","0","someone else's hands,someone else's possession,hand (worker),aide,labor,labour,work,manpower,effort,help,assistance,(human) hand,human act","","2825953"
"成金趣味","成[なり]金[きん]趣[しゅ]味[み]","なりきんしゅみ","1","72456","","the ostentation (bad taste) of the nouveau riche,air of vulgar prosperity","","2051450"
"手頃","手[て]頃[ごろ]","てごろ","1","17440","0","handy,convenient,suitable,reasonable,moderate","","1327660"
"謙遜","謙[けん]遜[そん]","けんそん","1","7692","0","modesty,humility,being humble","","1260240"
"あむ","あむ","あむ","1","7051","1","to knit,to plait,to braid,to compile (anthology, dictionary, etc.),to edit","","1511950"
"言い忘れる","言[い]い忘[わす]れる","いいわすれる","1","9434","","to forget to say,to forget to mention","","2035300"
"面倒くさい","面[めん]倒[ど]くさい","めんどくさい","1","3792","6","bothersome,tiresome,bother to do","","1533560"
"祝する","祝[しゅく]する","しゅくする","1","15848","3","to congratulate,to celebrate","","2011220"
"につき","につき","につき","1","8358","","because of,on account of,due to,about,on,regarding,concerning,per,for every","","1009850"
"小金","小[こ]金[がね]","こがね","1","44668","0,1","small sum of money","","1347950"
"貨","貨[たから]","たから","1","51341","3","treasure","","1516160"
"学費","学[がく]費[ひ]","がくひ","1","13502","0","tuition,school expenses","","1207060"
"何とかなる","何[なん]とかなる","なんとかなる","1","5191","","to be able to manage somehow or other","","2104540"
"追い詰める","追[お]い詰[つ]める","おいつめる","1","2636","4","to corner,to drive to the wall,to run down,to track down,to chase after","","1432300"
"商売","商[しょう]売[ばい]","しょうばい","1","3207","1","trade,business,commerce,occupation,calling,profession,job","","1347200"
"初仕事","初[はつ]仕[し]事[ごと]","はつしごと","1","25605","3","first day returning to work after the New Years holiday,first task at a new job,newcomer's first job","","2839514"
"豪華","豪[ごう]華[か]","ごうか","1","4210","1","extravagant,lavish,opulent,luxurious,magnificent,splendid,fancy,gorgeous","","1285520"
"奮発","奮[ふん]発[ぱつ]","ふんぱつ","1","16328","0","strenuous efforts,exerting oneself,stirring oneself up,spurt,splurge,spending extravagantly (on),treating oneself (to)","","1504760"
"火","火[か]","か","1","13605","1","Tuesday,fire (second of the five elements)","","2248560"
"黒焦げ","黒[くろ]焦[こ]げ","くろこげ","1","24541","0","charred,burnt black,scorched black","","1287780"
"悪いことは言わない","悪[わる]いことは言[い]わない","わるいことはいわない","1","34544","","I'm telling you this for your own good,here's some friendly advice","","2826812"
"無料","無[む]料[りょう]","むりょう","1","5827","0,1","free (of charge),gratuitous","","1531040"
"われる","われる","われる","1","18292","0","to break,to be smashed,to split,to crack,to fissure,to be torn,to be divided (opinion, vote, etc.),to split (e.g. of a party),to come to light,to become clear,to be identified,to be revealed,to become distorted (of sound),to clip,to be divisible (without a remainder),to drop below a minimum","","1208020"
"連想","連[れん]想[そう]","れんそう","1","8325","0","association (of ideas),being reminded (of something),suggestion","","1559600"
"何とか","何[なん]とか","なんとか","1","1329","1","something,something or other,so-and-so,somehow (handling, dealing with something),anyhow,one way or another","","1188420"
"探し求める","探[さが]し求[もと]める","さがしもとめる","1","17724","6","to search for,to seek for,to look for","","1399640"
"すなわち","すなわち","すなわち","1","4267","2","that is (to say),namely,i.e.,precisely,exactly,just,nothing but,neither more nor less,(and) then","","1404100"
"寒","寒[かん]","かん","1","13870","1,0","midwinter,cold season,coldest days of the year","","1955940"
"お見事","お見[み]事[ごと]","おみごと","1","8023","","well done!,bravo","","2235980"
"機転","機[き]転[てん]","きてん","1","15050","0","quick-wittedness,tact","","1221050"
"特性","特[とく]性[せい]","とくせい","1","8938","0","special characteristic,special quality,trait,idiosyncrasy,peculiarity","","1455090"
"学生寮","学[がく]生[せい]寮[りょう]","がくせいりょう","1","32770","3","student accommodation,student dormitory","","1206930"
"爬虫類","爬[は]虫[ちゅう]類[るい]","はちゅうるい","1","26004","2","reptiles","","1569220"
"期待どおり","期[き]待[たい]どおり","きたいどおり","1","42574","4","as hoped for,as expected","","1220590"
"合わせる","合[あ]わせる","あわせる","1","939","3","to match (rhythm, speed, etc.),to join together,to unite,to combine,to add up,to face,to be opposite (someone),to compare,to check with,to cause to meet (e.g. an unpleasant fate),to place together,to connect,to overlap,to mix,to combine,to put blade to blade,to fight","","1284480"
"体温","体[たい]温[おん]","たいおん","1","4376","1,0","body temperature","","1409250"
"変化","変[へん]化[か]","へんか","1","1463","1,0","change,variation,alteration,mutation,transition,transformation,variety,diversity,inflection,declension,conjugation,henka,evasive sidestep at the beginning of a bout","","1510890"
"一気に","一[いっ]気[き]に","いっきに","1","2100","1","in one go,in one gulp,in one breath,without stopping,without pausing,without a rest,in one sitting,at a stretch,suddenly,all of a sudden,all at once","","1161730"
"物知り","物[もの]知[し]り","ものしり","1","16663","3,4,0","well-informed person,walking dictionary,extensive knowledge","","1642090"
"指定","指[し]定[てい]","してい","1","3552","0","designation,specification,assignment,appointment,pointing at","","1309910"
"意味がある","意[い]味[み]がある","いみがある","1","2531","","to have meaning,to be meaningful","","2746240"
"直る","直[なお]る","なおる","1","4716","2","to get mended,to be repaired,to be fixed,to return to normal,to recover (e.g. one's temper),to be restored,to improve,to rally,to come right,to be corrected,to get put right,to be rectified,to come right,to cure (itself),to get cured,to sit properly,to be promoted,to rise,to have one's crimes forgiven","","2846390"
"理屈","理[り]屈[くつ]","りくつ","1","2881","0","theory,reason,logic,(unreasonable) argument,strained logic,excuse,pretext","","1606240"
"第一歩","第[だい]一[いっ]歩[ぽ]","だいいっぽ","1","8885","1","first step","","1415370"
"たまげる","たまげる","たまげる","1","25072","3","to be astonished,to be flabbergasted,to be startled,to be amazed","","1633280"
"喜び","喜[よろこ]び","よろこび","1","2288","0,4,3","joy,delight,rapture,pleasure,gratification,rejoicing,congratulations,felicitations","","1606140"
"見た目","見[み]た目[め]","みため","1","1727","1","appearance,look","","1611750"
"号泣","号[ごう]泣[きゅう]","ごうきゅう","1","16478","0","crying loudly,bawling,wailing,lamentation,crying one's eyes out (without making noise),breaking into a flood of tears,crying buckets,weeping","","1284250"
"一時","一[いち]時[じ]","いちじ","1","2644","0,4","one o'clock,once,at one time,formerly,before,for a time,for a while,for the time being,for the moment,temporarily,a time,one time,once","","1576100"
"夜な夜な","夜[よ]な夜[よ]な","よなよな","1","16748","0,1","every evening,night after night","","1536380"
"信憑","信[しん]憑[ぴょう]","しんぴょう","1","162313","0","trust,credit,credence","","1359780"
"３日","３[みっ]日[か]","みっか","1","2021","0","3rd day of the month,three days","","1301330"
"傷む","傷[いた]む","いたむ","1","11508","2","to hurt,to ache,to feel a pain,to be injured,to be spoiled (e.g. food),to be damaged","","1432710"
"嫌う","嫌[きら]う","きらう","1","1222","0","to hate,to dislike,to loathe,to abhor,to avoid,to disregard,to act without regard (for),to be bad for (e.g. dust in machinery)","","1257250"
"盗み食い","盗[ぬす]み食[ぐ]い","ぬすみぐい","1","46122","0,3","sneaking a bite,snitching food","","1773920"
"解体","解[かい]体[たい]","かいたい","1","7855","0","demolition,taking down,dismantling,disassembly,taking apart,dissolution (of an organization, company, etc.),breaking up,dissection (of a body),dismemberment","","1199120"
"切断","切[せつ]断[だん]","せつだん","1","7904","0","cutting,severance,section,amputation,disconnection","","1385120"
"こっそり","こっそり","こっそり","1","2095","3","stealthily,secretly,in secret","","1004520"
"ちゃった","ちゃった","ちゃった","1","4690","","finished doing,did completely","","2412540"
"査定","査[さ]定[てい]","さてい","1","25309","0","assessment (of value, damages, etc.),revision (of a budget)","","1291450"
"基準","基[き]準[じゅん]","きじゅん","1","4827","0","standard,criterion,norm,benchmark,measure,gauge,basis","","1591210"
"駆け出し","駆[か]け出[だ]し","かけだし","1","16712","0","novice,beginner,starting to run,running off,running away","","1712410"
"価値","価[か]値[ち]","かち","1","1468","1","value,worth,merit","","1189600"
"使い手","使[つか]い手[て]","つかいて","1","10619","0","user,consumer,employer,master (e.g. of swordsmanship),prodigal,spendthrift","","1305840"
"丸め込む","丸[まる]め込[こ]む","まるめこむ","1","19315","4","to coax,to cajole,to wheedle,to win over,to seduce,to roll up and put into (something),to bundle up","","1216310"
"買い叩く","買[か]い叩[たた]く","かいたたく","1","47766","4","to beat down prices,to strike a hard bargain","","1848060"
"雨降って地固まる","雨[あめ]降[ふ]って地[じ]固[かた]まる","あめふってじかたまる","1","45251","","adversity strengthens the foundations,after a storm comes a calm,what doesn't kill you makes you stronger,the ground hardens after it rains","","1172000"
"思わぬ","思[おも]わぬ","おもわぬ","1","5871","3","unexpected,unforeseen","","2076320"
"言い値","言[い]い値[ね]","いいね","1","35377","0","asking price","","1756380"
"獲物","獲[え]物[もの]","えもの","1","3881","0,3","prey,catch,kill,game,spoils,trophy,loot,plunder","","1205760"
"希望","希[き]望[ぼう]","きぼう","1","1024","0","hope,wish,aspiration,(bright) prospects,expectation","","1219910"
"発見","発[はっ]見[けん]","はっけん","1","1157","0","discovery,detection,finding","","1477310"
"弾き","弾[ひ]き","ひき","1","41597","1","player (of music, instrument, etc.)","","2231550"
"ならない","ならない","ならない","1","2523","2","cannot help (feeling),unbearably,awfully,irresistibly,must not ...,should not ...,must ...,have to ...,ought to ...,cannot,unable to,not","","2083990"
"納める","納[おさ]める","おさめる","1","6901","3","to put (into),to put away (in),to put back (in),to keep (in),to store (in),to restore (to its place),to include (in an anthology, catalogue, etc.),to contain,to publish (in),to capture (on film),to achieve (results, success, etc.),to obtain,to get,to gain,to win,to make (a profit),to pay (fees, taxes, etc.),to deliver,to supply,to accept (a gift or money),to keep (within a limit),to offer (to a shrine, deity, etc.),to dedicate,to subdue,to suppress,to settle,to finish,to conclude,to wind up,to bring to a close","","1589090"
"恥","恥[はじ]","はじ","1","3514","2","shame,embarrassment,disgrace","","1421590"
"脂","脂[あぶら]","あぶら","1","12686","2","fat,tallow,lard,grease","","1311750"
"心強い","心[こころ]強[づよ]い","こころづよい","1","4170","5","heartening,reassuring","","1360640"
"一文","一[いち]文[ぶん]","いちぶん","1","14078","0","a sentence,one sentence,(short) piece of writing","","1166330"
"大","大[おお]","おお","1","3997","1","large,big,great,major,important,serious,heavy,loud,older,senior,final,ultimate,rough,broad,general","","2082140"
"中止","中[ちゅう]止[し]","ちゅうし","1","2993","0","interruption,discontinuance,suspension,stoppage,cancellation (of a planned event),calling off","","1424410"
"幸い","幸[さいわ]い","さいわい","1","2510","0","happiness,blessedness,luck,fortune,felicity,luckily,fortunately","","1278380"
"惨劇","惨[さん]劇[げき]","さんげき","1","14861","0","tragedy,tragic event","","1303310"
"未","未[み]","み","1","9834","0","not yet,un-","","2242840"
"成立","成[せい]立[りつ]","せいりつ","1","3011","0","formation,establishment,materialization,coming into existence,conclusion (e.g. of a deal),reaching (e.g. an agreement),approval,completion,closing,enacting,arrangement,being valid (of a theory, argument, etc.),holding,applying","","1375880"
"枯れ枝","枯[か]れ枝[えだ]","かれえだ","1","40229","0","dead branch (or twig, etc.),withered branch","","1267230"
"２枚","２[に]枚[まい]","にまい","1","8205","1","two sheets (of paper or other flat objects)","","1954200"
"度","度[ど]","ど","1","2275","0","degree (angle, temperature, scale, etc.),counter for occurrences,strength (of glasses),glasses prescription,alcohol content (percentage),alcohol by volume,extent,degree,limit,presence of mind,composure","","1445160"
"委託","委[い]託[たく]","いたく","1","25545","0","entrusting (something to a person),consignment (of goods),putting in someone's charge,trust,commission","","1156160"
"ご苦労さま","ご苦[く]労[ろう]さま","ごくろうさま","1","4515","2","thank you (for your hard work),I appreciate your efforts","","1005030"
"入寮","入[にゅう]寮[りょう]","にゅうりょう","1","53645","0","moving into a dormitory","","2835276"
"するがいい","するがいい","するがいい","1","14966","","had better ...,may as well ...","","1006260"
"無邪気","無[む]邪[じゃ]気[き]","むじゃき","1","4743","1","innocent,simple-minded","","1530080"
"緩む","緩[ゆる]む","ゆるむ","1","5185","2","to become loose,to slacken (e.g. rope),to become less tense,to relax,to let one's guard down,to slacken (e.g. coldness, supervision),to become lax,to become softer (e.g. ground, facial expression),(of ice) to partially melt,to decrease (e.g. speed),(of a market price) to go down slightly","","1214430"
"自体","自[じ]体[たい]","じたい","1","1751","1,0","itself,one's own body,oneself,originally,naturally,by nature,from the start","","1318250"
"無効","無[む]効[こう]","むこう","1","11512","0","invalid,void,ineffective,unavailable","","1529930"
"記載","記[き]載[さい]","きさい","1","9723","0","mention (in a document),record,entry,statement,listing","","1223230"
"この辺り","この辺[あた]り","このあたり","1","2366","","this area,around here","","2759480"
"我らが","我[われ]らが","われらが","1","6928","","our","","2769410"
"表立って","表[おもて]立[だ]って","おもてだって","1","19926","","publicly,openly,ostensibly,formally","","1489970"
"甘く見る","甘[あま]く見[み]る","あまくみる","1","6507","","to not take seriously,to take lightly","","1213450"
"欠ける","欠[か]ける","かける","1","3040","0","to chip,to be chipped,to break (off),to be damaged,to be missing (from a set, team, etc.),to be absent,to become lost,to be lacking (in),to be short (of),to be deficient,to be wanting (in),to wane (of the moon),to go into eclipse","","1253920"
"正規","正[せい]規[き]","せいき","1","11957","1","regular,normal,formal,legal,established,legitimate","","1376850"
"不意打ち","不[ふ]意[い]打[う]ち","ふいうち","1","6394","0","surprise attack,surprise visit,catching a person off guard","","1602430"
"買い取る","買[か]い取[と]る","かいとる","1","8754","3","to buy,to purchase","","1473640"
"信用","信[しん]用[よう]","しんよう","1","1573","0","confidence,trust,faith,reputation,credit","","1359620"
"失墜","失[しっ]墜[つい]","しっつい","1","25924","0","abasement,fall,forfeiture,sinking (in people's estimation)","","1320090"
